order_date,星期,ext_product_name,天气,是否周末,是否促销,ext_qty,ext_price,销售额,ext_name_norm,mapped_product_name,match_type,qty,unit_price,line_total,product_name_snap
2024-05-21,周二,芋泥波波,雨,False,False,12,11,132,芋泥波波,芋泥波波奶茶,keyword,12,11,132,芋泥波波奶茶
2024-05-09,周四,芋泥波波,晴,False,True,39,18,702,芋泥波波,芋泥波波奶茶,keyword,39,18,702,芋泥波波奶茶
2024-05-11,周六,柠檬茶,雪,True,False,52,19,988,柠檬茶,百香果绿茶,keyword,52,19,988,百香果绿茶
2024-03-01,周五,杨枝甘露,雨,False,False,26,20,520,杨枝甘露,杨枝甘露奶茶,keyword,26,20,520,杨枝甘露奶茶
2024-04-18,周四,芋泥波波,雨,False,False,21,17,357,芋泥波波,芋泥波波奶茶,keyword,21,17,357,芋泥波波奶茶
2024-04-18,周四,芋泥波波,雪,False,False,24,19,456,芋泥波波,芋泥波波奶茶,keyword,24,19,456,芋泥波波奶茶
2024-03-09,周六,珍珠奶茶,雨,True,False,35,12,420,珍珠奶茶,黑糖珍珠奶茶,keyword,35,12,420,黑糖珍珠奶茶
2024-04-28,周日,芝士奶盖,雨,True,False,40,14,560,芝士奶盖,芝士奶盖抹茶,keyword,40,14,560,芝士奶盖抹茶
2024-05-27,周一,芋泥波波,雪,False,False,17,17,289,芋泥波波,芋泥波波奶茶,keyword,17,17,289,芋泥波波奶茶
2024-05-21,周二,可可奶茶,雨,False,False,17,13,221,可可奶茶,红丝绒可可奶茶,keyword,17,13,221,红丝绒可可奶茶
2024-04-10,周三,水果茶,晴,False,False,27,15,405,水果茶,百香果绿茶,keyword,27,15,405,百香果绿茶
2024-05-03,周五,水果茶,多云,False,False,27,18,486,水果茶,百香果绿茶,keyword,27,18,486,百香果绿茶
2024-05-14,周二,水果茶,雨,False,False,24,18,432,水果茶,百香果绿茶,keyword,24,18,432,百香果绿茶
2024-03-07,周四,芋泥波波,多云,False,False,20,19,380,芋泥波波,芋泥波波奶茶,keyword,20,19,380,芋泥波波奶茶
2024-04-18,周四,冰美式,雪,False,False,32,10,320,冰美式,金凤乌龙奶茶,keyword,32,10,320,金凤乌龙奶茶
2024-03-15,周五,可可奶茶,雨,False,True,999,17,612,可可奶茶,红丝绒可可奶茶,keyword,999,17,16983,红丝绒可可奶茶
2024-04-03,周三,可可奶茶,雪,False,False,25,14,350,可可奶茶,红丝绒可可奶茶,keyword,25,14,350,红丝绒可可奶茶
2024-05-04,周六,冰美式,多云,True,False,33,18,594,冰美式,金凤乌龙奶茶,keyword,33,18,594,金凤乌龙奶茶
2024-05-07,周二,珍珠奶茶,阴,False,True,39,13,507,珍珠奶茶,黑糖珍珠奶茶,keyword,39,13,507,黑糖珍珠奶茶
2024-05-12,周日,芋泥波波,阴,True,False,35,12,420,芋泥波波,芋泥波波奶茶,keyword,35,12,420,芋泥波波奶茶
2024-04-30,周二,可可奶茶,雨,False,False,24,16,384,可可奶茶,红丝绒可可奶茶,keyword,24,16,384,红丝绒可可奶茶
2024-05-09,周四,柠檬茶,阴,False,False,29,15,435,柠檬茶,百香果绿茶,keyword,29,15,435,百香果绿茶
2024-05-06,周一,抹茶拿铁,多云,False,False,18,10,180,抹茶拿铁,芝士奶盖抹茶,keyword,18,10,180,芝士奶盖抹茶
2024-03-30,周六,冰美式,晴,True,True,52,13,676,冰美式,金凤乌龙奶茶,keyword,52,13,676,金凤乌龙奶茶
2024-03-05,周二,芝士奶盖,雪,False,False,22,17,374,芝士奶盖,芝士奶盖抹茶,keyword,22,17,374,芝士奶盖抹茶
2024-03-17,周日,冰美式,阴,True,False,50,16,800,冰美式,金凤乌龙奶茶,keyword,50,16,800,金凤乌龙奶茶
2024-03-13,周三,水果茶,阴,False,False,21,20,420,水果茶,百香果绿茶,keyword,21,20,420,百香果绿茶
2024-05-22,周三,芋泥波波,阴,False,False,12,13,156,芋泥波波,芋泥波波奶茶,keyword,12,13,156,芋泥波波奶茶
2024-05-08,周三,抹茶拿铁,阴,False,True,34,11,374,抹茶拿铁,芝士奶盖抹茶,keyword,34,11,374,芝士奶盖抹茶
2024-05-10,周五,芋泥波波,雪,False,False,12,13,156,芋泥波波,芋泥波波奶茶,keyword,12,13,156,芋泥波波奶茶
2024-05-02,周四,抹茶拿铁,阴,False,False,0,16,288,抹茶拿铁,芝士奶盖抹茶,keyword,1,16,16,芝士奶盖抹茶
2024-04-03,周三,抹茶拿铁,阴,False,False,27,20,540,抹茶拿铁,芝士奶盖抹茶,keyword,27,20,540,芝士奶盖抹茶
2024-03-20,周三,柠檬茶,多云,False,False,28,18,504,柠檬茶,百香果绿茶,keyword,28,18,504,百香果绿茶
2024-04-10,周三,珍珠奶茶,雪,False,False,19,13,247,珍珠奶茶,黑糖珍珠奶茶,keyword,19,13,247,黑糖珍珠奶茶
2024-05-05,周日,芋泥波波,晴,True,False,40,13,520,芋泥波波,芋泥波波奶茶,keyword,40,13,520,芋泥波波奶茶
2024-05-12,周日,柠檬茶,雪,True,True,60,20,1200,柠檬茶,百香果绿茶,keyword,60,20,1200,百香果绿茶
2024-05-06,周一,芝士奶盖,多云,False,False,23,13,299,芝士奶盖,芝士奶盖抹茶,keyword,23,13,299,芝士奶盖抹茶
2024-05-12,周日,芋泥波波,雪,True,False,31,12,372,芋泥波波,芋泥波波奶茶,keyword,31,12,372,芋泥波波奶茶
2024-03-09,周六,柠檬茶,雨,True,False,51,14,714,柠檬茶,百香果绿茶,keyword,51,14,714,百香果绿茶
2024-05-23,周四,可可奶茶,雪,False,False,20,11,220,可可奶茶,红丝绒可可奶茶,keyword,20,11,220,红丝绒可可奶茶
2024-03-27,周三,芝士奶盖,雨,False,False,20,10,200,芝士奶盖,芝士奶盖抹茶,keyword,20,10,200,芝士奶盖抹茶
2024-03-21,周四,抹茶拿铁,雪,False,True,0,18,648,抹茶拿铁,芝士奶盖抹茶,keyword,1,18,18,芝士奶盖抹茶
2024-05-14,周二,可可奶茶,阴,False,True,33,10,330,可可奶茶,红丝绒可可奶茶,keyword,33,10,330,红丝绒可可奶茶
2024-03-27,周三,柠檬茶,雨,False,False,32,19,608,柠檬茶,百香果绿茶,keyword,32,19,608,百香果绿茶
2024-03-31,周日,杨枝甘露,阴,True,True,51,19,969,杨枝甘露,杨枝甘露奶茶,keyword,51,19,969,杨枝甘露奶茶
2024-05-29,周三,芋泥波波,晴,False,False,25,13,325,芋泥波波,芋泥波波奶茶,keyword,25,13,325,芋泥波波奶茶
2024-04-28,周日,芝士奶盖,多云,True,False,44,13,572,芝士奶盖,芝士奶盖抹茶,keyword,44,13,572,芝士奶盖抹茶
2024-04-05,周五,芋泥波波,雨,False,False,24,20,480,芋泥波波,芋泥波波奶茶,keyword,24,20,480,芋泥波波奶茶
2024-05-08,周三,芝士奶盖,晴,False,False,14,12,168,芝士奶盖,芝士奶盖抹茶,keyword,14,12,168,芝士奶盖抹茶
2024-04-03,周三,珍珠奶茶,雪,False,False,18,15,270,珍珠奶茶,黑糖珍珠奶茶,keyword,18,15,270,黑糖珍珠奶茶
2024-05-05,周日,芋泥波波,雪,True,True,53,10,530,芋泥波波,芋泥波波奶茶,keyword,53,10,530,芋泥波波奶茶
2024-05-08,周三,柠檬茶,阴,False,True,46,19,874,柠檬茶,百香果绿茶,keyword,46,19,874,百香果绿茶
2024-05-10,周五,杨枝甘露,阴,False,False,22,19,418,杨枝甘露,杨枝甘露奶茶,keyword,22,19,418,杨枝甘露奶茶
2024-04-08,周一,水果茶,雨,False,False,16,19,304,水果茶,百香果绿茶,keyword,16,19,304,百香果绿茶
2024-04-11,周四,抹茶拿铁,阴,False,False,32,17,544,抹茶拿铁,芝士奶盖抹茶,keyword,32,17,544,芝士奶盖抹茶
2024-03-22,周五,芋泥波波,雪,False,False,28,15,420,芋泥波波,芋泥波波奶茶,keyword,28,15,420,芋泥波波奶茶
2024-03-10,周日,抹茶拿铁,雪,True,True,61,16,976,抹茶拿铁,芝士奶盖抹茶,keyword,61,16,976,芝士奶盖抹茶
2024-05-23,周四,珍珠奶茶,阴,False,False,21,15,315,珍珠奶茶,黑糖珍珠奶茶,keyword,21,15,315,黑糖珍珠奶茶
2024-04-01,周一,芋泥波波,多云,False,False,34,18,612,芋泥波波,芋泥波波奶茶,keyword,34,18,612,芋泥波波奶茶
2024-05-16,周四,芝士奶盖,雪,False,False,32,16,512,芝士奶盖,芝士奶盖抹茶,keyword,32,16,512,芝士奶盖抹茶
2024-05-10,周五,抹茶拿铁,阴,False,False,18,20,360,抹茶拿铁,芝士奶盖抹茶,keyword,18,20,360,芝士奶盖抹茶
2024-05-06,周一,抹茶拿铁,雨,False,False,21,13,273,抹茶拿铁,芝士奶盖抹茶,keyword,21,13,273,芝士奶盖抹茶
2024-04-10,周三,可可奶茶,多云,False,True,30,13,390,可可奶茶,红丝绒可可奶茶,keyword,30,13,390,红丝绒可可奶茶
2024-04-22,周一,芝士奶盖,阴,False,True,46,19,874,芝士奶盖,芝士奶盖抹茶,keyword,46,19,874,芝士奶盖抹茶
2024-03-03,周日,冰美式,阴,True,True,56,16,896,冰美式,金凤乌龙奶茶,keyword,56,16,896,金凤乌龙奶茶
2024-04-23,周二,可可奶茶,阴,False,False,0,17,391,可可奶茶,红丝绒可可奶茶,keyword,1,17,17,红丝绒可可奶茶
2024-05-25,周六,水果茶,阴,True,False,0,18,702,水果茶,百香果绿茶,keyword,1,18,18,百香果绿茶
2024-05-15,周三,冰美式,晴,False,False,12,17,204,冰美式,金凤乌龙奶茶,keyword,12,17,204,金凤乌龙奶茶
2024-04-03,周三,水果茶,多云,False,False,25,16,400,水果茶,百香果绿茶,keyword,25,16,400,百香果绿茶
2024-03-09,周六,珍珠奶茶,多云,True,True,44,13,572,珍珠奶茶,黑糖珍珠奶茶,keyword,44,13,572,黑糖珍珠奶茶
2024-04-30,周二,芋泥波波,阴,False,False,21,12,252,芋泥波波,芋泥波波奶茶,keyword,21,12,252,芋泥波波奶茶
2024-05-31,周五,芋泥波波,雨,False,True,29,19,551,芋泥波波,芋泥波波奶茶,keyword,29,19,551,芋泥波波奶茶
2024-04-18,周四,水果茶,晴,False,False,26,13,338,水果茶,百香果绿茶,keyword,26,13,338,百香果绿茶
2024-04-08,周一,冰美式,雪,False,False,18,18,324,冰美式,金凤乌龙奶茶,keyword,18,18,324,金凤乌龙奶茶
2024-04-17,周三,芋泥波波,晴,False,False,27,11,297,芋泥波波,芋泥波波奶茶,keyword,27,11,297,芋泥波波奶茶
2024-04-16,周二,抹茶拿铁,阴,False,True,42,14,588,抹茶拿铁,芝士奶盖抹茶,keyword,42,14,588,芝士奶盖抹茶
2024-05-08,周三,抹茶拿铁,阴,False,False,33,14,462,抹茶拿铁,芝士奶盖抹茶,keyword,33,14,462,芝士奶盖抹茶
2024-04-01,周一,芋泥波波,阴,False,False,25,19,475,芋泥波波,芋泥波波奶茶,keyword,25,19,475,芋泥波波奶茶
2024-04-18,周四,芝士奶盖,阴,False,False,12,17,204,芝士奶盖,芝士奶盖抹茶,keyword,12,17,204,芝士奶盖抹茶
2024-04-03,周三,芝士奶盖,雪,False,False,-1,18,396,芝士奶盖,芝士奶盖抹茶,keyword,1,18,18,芝士奶盖抹茶
2024-03-11,周一,柠檬茶,阴,False,False,26,17,442,柠檬茶,百香果绿茶,keyword,26,17,442,百香果绿茶
2024-05-02,周四,抹茶拿铁,晴,False,False,16,13,208,抹茶拿铁,芝士奶盖抹茶,keyword,16,13,208,芝士奶盖抹茶
2024-05-14,周二,芝士奶盖,雪,False,False,31,18,558,芝士奶盖,芝士奶盖抹茶,keyword,31,18,558,芝士奶盖抹茶
2024-05-29,周三,抹茶拿铁,雨,False,False,19,13,247,抹茶拿铁,芝士奶盖抹茶,keyword,19,13,247,芝士奶盖抹茶
2024-05-08,周三,杨枝甘露,多云,False,False,20,22,440,杨枝甘露,杨枝甘露奶茶,keyword,20,22,440,杨枝甘露奶茶
2024-05-07,周二,冰美式,晴,False,False,23,13,299,冰美式,金凤乌龙奶茶,keyword,23,13,299,金凤乌龙奶茶
2024-04-08,周一,珍珠奶茶,雨,False,True,32,14,448,珍珠奶茶,黑糖珍珠奶茶,keyword,32,14,448,黑糖珍珠奶茶
2024-03-17,周日,抹茶拿铁,晴,True,False,35,17,595,抹茶拿铁,芝士奶盖抹茶,keyword,35,17,595,芝士奶盖抹茶
2024-03-24,周日,珍珠奶茶,阴,True,True,50,15,750,珍珠奶茶,黑糖珍珠奶茶,keyword,50,15,750,黑糖珍珠奶茶
2024-05-20,周一,珍珠奶茶,多云,False,False,18,12,216,珍珠奶茶,黑糖珍珠奶茶,keyword,18,12,216,黑糖珍珠奶茶
2024-03-16,周六,可可奶茶,雪,True,False,47,13,611,可可奶茶,红丝绒可可奶茶,keyword,47,13,611,红丝绒可可奶茶
2024-04-18,周四,抹茶拿铁,雨,False,False,30,14,420,抹茶拿铁,芝士奶盖抹茶,keyword,30,14,420,芝士奶盖抹茶
2024-03-08,周五,冰美式,多云,False,False,17,20,340,冰美式,金凤乌龙奶茶,keyword,17,20,340,金凤乌龙奶茶
2024-03-31,周日,杨枝甘露,晴,True,True,65,22,1430,杨枝甘露,杨枝甘露奶茶,keyword,65,22,1430,杨枝甘露奶茶
2024-03-05,周二,柠檬茶,雨,False,True,48,20,960,柠檬茶,百香果绿茶,keyword,48,20,960,百香果绿茶
2024-03-26,周二,水果茶,雪,False,False,15,14,210,水果茶,百香果绿茶,keyword,15,14,210,百香果绿茶
2024-03-10,周日,珍珠奶茶,雨,True,False,39,14,546,珍珠奶茶,黑糖珍珠奶茶,keyword,39,14,546,黑糖珍珠奶茶
2024-03-06,周三,水果茶,雪,False,False,21,13,273,水果茶,百香果绿茶,keyword,21,13,273,百香果绿茶
2024-05-13,周一,冰美式,雨,False,False,12,17,204,冰美式,金凤乌龙奶茶,keyword,12,17,204,金凤乌龙奶茶
2024-04-22,周一,芝士奶盖,晴,False,False,25,16,400,芝士奶盖,芝士奶盖抹茶,keyword,25,16,400,芝士奶盖抹茶
2024-04-06,周六,水果茶,晴,True,False,47,14,658,水果茶,百香果绿茶,keyword,47,14,658,百香果绿茶
2024-04-21,周日,可可奶茶,雪,True,False,25,13,325,可可奶茶,红丝绒可可奶茶,keyword,25,13,325,红丝绒可可奶茶
2024-05-19,周日,抹茶拿铁,阴,True,False,48,14,672,抹茶拿铁,芝士奶盖抹茶,keyword,48,14,672,芝士奶盖抹茶
2024-04-06,周六,抹茶拿铁,晴,True,True,69,13,897,抹茶拿铁,芝士奶盖抹茶,keyword,69,13,897,芝士奶盖抹茶
2024-04-09,周二,可可奶茶,雪,False,False,13,11,143,可可奶茶,红丝绒可可奶茶,keyword,13,11,143,红丝绒可可奶茶
2024-03-16,周六,杨枝甘露,雨,True,False,44,21,924,杨枝甘露,杨枝甘露奶茶,keyword,44,21,924,杨枝甘露奶茶
2024-04-30,周二,柠檬茶,雪,False,True,46,18,828,柠檬茶,百香果绿茶,keyword,46,18,828,百香果绿茶
2024-03-18,周一,芋泥波波,阴,False,False,26,14,364,芋泥波波,芋泥波波奶茶,keyword,26,14,364,芋泥波波奶茶
2024-05-01,周三,芝士奶盖,雪,False,False,26,17,442,芝士奶盖,芝士奶盖抹茶,keyword,26,17,442,芝士奶盖抹茶
2024-03-25,周一,柠檬茶,多云,False,False,28,10,280,柠檬茶,百香果绿茶,keyword,28,10,280,百香果绿茶
2024-04-30,周二,水果茶,多云,False,False,22,12,264,水果茶,百香果绿茶,keyword,22,12,264,百香果绿茶
2024-05-15,周三,芝士奶盖,阴,False,True,30,12,360,芝士奶盖,芝士奶盖抹茶,keyword,30,12,360,芝士奶盖抹茶
2024-05-23,周四,杨枝甘露,阴,False,False,16,20,320,杨枝甘露,杨枝甘露奶茶,keyword,16,20,320,杨枝甘露奶茶
2024-04-20,周六,芋泥波波,雪,True,False,40,20,800,芋泥波波,芋泥波波奶茶,keyword,40,20,800,芋泥波波奶茶
2024-05-02,周四,可可奶茶,雪,False,True,41,14,574,可可奶茶,红丝绒可可奶茶,keyword,41,14,574,红丝绒可可奶茶
2024-03-12,周二,水果茶,晴,False,False,-1,10,170,水果茶,百香果绿茶,keyword,1,10,10,百香果绿茶
2024-04-07,周日,芝士奶盖,阴,True,True,60,19,1140,芝士奶盖,芝士奶盖抹茶,keyword,60,19,1140,芝士奶盖抹茶
2024-03-24,周日,杨枝甘露,晴,True,False,36,22,792,杨枝甘露,杨枝甘露奶茶,keyword,36,22,792,杨枝甘露奶茶
2024-05-03,周五,冰美式,多云,False,False,18,17,306,冰美式,金凤乌龙奶茶,keyword,18,17,306,金凤乌龙奶茶
2024-03-02,周六,抹茶拿铁,雪,True,True,56,19,1064,抹茶拿铁,芝士奶盖抹茶,keyword,56,19,1064,芝士奶盖抹茶
2024-05-13,周一,芝士奶盖,雨,False,True,999,14,630,芝士奶盖,芝士奶盖抹茶,keyword,999,14,13986,芝士奶盖抹茶
2024-03-07,周四,冰美式,雨,False,False,28,19,532,冰美式,金凤乌龙奶茶,keyword,28,19,532,金凤乌龙奶茶
2024-03-29,周五,柠檬茶,多云,False,False,0,20,560,柠檬茶,百香果绿茶,keyword,1,20,20,百香果绿茶
2024-03-05,周二,冰美式,多云,False,True,40,16,640,冰美式,金凤乌龙奶茶,keyword,40,16,640,金凤乌龙奶茶
2024-03-17,周日,可可奶茶,雪,True,False,40,12,480,可可奶茶,红丝绒可可奶茶,keyword,40,12,480,红丝绒可可奶茶
2024-03-29,周五,水果茶,晴,False,False,21,14,294,水果茶,百香果绿茶,keyword,21,14,294,百香果绿茶
2024-04-28,周日,芝士奶盖,雪,True,False,43,15,645,芝士奶盖,芝士奶盖抹茶,keyword,43,15,645,芝士奶盖抹茶
2024-03-30,周六,抹茶拿铁,雪,True,False,33,15,495,抹茶拿铁,芝士奶盖抹茶,keyword,33,15,495,芝士奶盖抹茶
2024-03-29,周五,芋泥波波,雨,False,False,-1,12,300,芋泥波波,芋泥波波奶茶,keyword,1,12,12,芋泥波波奶茶
2024-04-08,周一,抹茶拿铁,晴,False,False,21,12,252,抹茶拿铁,芝士奶盖抹茶,keyword,21,12,252,芝士奶盖抹茶
2024-04-17,周三,可可奶茶,雪,False,False,25,16,400,可可奶茶,红丝绒可可奶茶,keyword,25,16,400,红丝绒可可奶茶
2024-05-02,周四,冰美式,雨,False,True,41,17,697,冰美式,金凤乌龙奶茶,keyword,41,17,697,金凤乌龙奶茶
2024-03-31,周日,芝士奶盖,雨,True,False,38,15,570,芝士奶盖,芝士奶盖抹茶,keyword,38,15,570,芝士奶盖抹茶
2024-04-05,周五,柠檬茶,阴,False,True,36,20,720,柠檬茶,百香果绿茶,keyword,36,20,720,百香果绿茶
2024-03-03,周日,珍珠奶茶,多云,True,False,44,13,572,珍珠奶茶,黑糖珍珠奶茶,keyword,44,13,572,黑糖珍珠奶茶
2024-05-10,周五,柠檬茶,多云,False,False,-1,19,342,柠檬茶,百香果绿茶,keyword,1,19,19,百香果绿茶
2024-03-17,周日,可可奶茶,多云,True,True,45,10,450,可可奶茶,红丝绒可可奶茶,keyword,45,10,450,红丝绒可可奶茶
2024-03-31,周日,冰美式,晴,True,True,47,16,752,冰美式,金凤乌龙奶茶,keyword,47,16,752,金凤乌龙奶茶
2024-03-09,周六,抹茶拿铁,雨,True,False,40,17,680,抹茶拿铁,芝士奶盖抹茶,keyword,40,17,680,芝士奶盖抹茶
2024-05-18,周六,珍珠奶茶,雨,True,False,41,12,492,珍珠奶茶,黑糖珍珠奶茶,keyword,41,12,492,黑糖珍珠奶茶
2024-04-21,周日,水果茶,阴,True,False,35,11,385,水果茶,百香果绿茶,keyword,35,11,385,百香果绿茶
2024-04-11,周四,冰美式,晴,False,True,43,19,817,冰美式,金凤乌龙奶茶,keyword,43,19,817,金凤乌龙奶茶
2024-04-11,周四,水果茶,阴,False,False,25,11,275,水果茶,百香果绿茶,keyword,25,11,275,百香果绿茶
2024-03-15,周五,可可奶茶,阴,False,False,19,16,304,可可奶茶,红丝绒可可奶茶,keyword,19,16,304,红丝绒可可奶茶
2024-04-28,周日,水果茶,晴,True,False,43,20,860,水果茶,百香果绿茶,keyword,43,20,860,百香果绿茶
2024-03-20,周三,抹茶拿铁,晴,False,False,13,16,208,抹茶拿铁,芝士奶盖抹茶,keyword,13,16,208,芝士奶盖抹茶
2024-04-17,周三,杨枝甘露,雪,False,False,19,20,380,杨枝甘露,杨枝甘露奶茶,keyword,19,20,380,杨枝甘露奶茶
2024-04-22,周一,芝士奶盖,晴,False,False,32,14,448,芝士奶盖,芝士奶盖抹茶,keyword,32,14,448,芝士奶盖抹茶
2024-05-13,周一,可可奶茶,多云,False,False,19,11,209,可可奶茶,红丝绒可可奶茶,keyword,19,11,209,红丝绒可可奶茶
2024-05-11,周六,芝士奶盖,雨,True,False,34,18,612,芝士奶盖,芝士奶盖抹茶,keyword,34,18,612,芝士奶盖抹茶
2024-05-19,周日,冰美式,雪,True,True,69,10,690,冰美式,金凤乌龙奶茶,keyword,69,10,690,金凤乌龙奶茶
2024-03-19,周二,珍珠奶茶,雪,False,False,18,15,270,珍珠奶茶,黑糖珍珠奶茶,keyword,18,15,270,黑糖珍珠奶茶
2024-05-19,周日,珍珠奶茶,雨,True,False,33,15,495,珍珠奶茶,黑糖珍珠奶茶,keyword,33,15,495,黑糖珍珠奶茶
2024-05-15,周三,抹茶拿铁,晴,False,False,0,10,280,抹茶拿铁,芝士奶盖抹茶,keyword,1,10,10,芝士奶盖抹茶
2024-03-28,周四,杨枝甘露,雨,False,False,18,21,378,杨枝甘露,杨枝甘露奶茶,keyword,18,21,378,杨枝甘露奶茶
2024-03-23,周六,杨枝甘露,雪,True,False,45,22,990,杨枝甘露,杨枝甘露奶茶,keyword,45,22,990,杨枝甘露奶茶
2024-04-15,周一,芋泥波波,晴,False,False,29,11,319,芋泥波波,芋泥波波奶茶,keyword,29,11,319,芋泥波波奶茶
2024-05-13,周一,水果茶,阴,False,False,28,10,280,水果茶,百香果绿茶,keyword,28,10,280,百香果绿茶
2024-03-22,周五,冰美式,雨,False,True,38,16,608,冰美式,金凤乌龙奶茶,keyword,38,16,608,金凤乌龙奶茶
2024-05-07,周二,芋泥波波,雨,False,False,25,15,375,芋泥波波,芋泥波波奶茶,keyword,25,15,375,芋泥波波奶茶
2024-03-10,周日,可可奶茶,晴,True,False,48,15,720,可可奶茶,红丝绒可可奶茶,keyword,48,15,720,红丝绒可可奶茶
2024-05-22,周三,杨枝甘露,晴,False,True,32,22,704,杨枝甘露,杨枝甘露奶茶,keyword,32,22,704,杨枝甘露奶茶
2024-05-23,周四,芋泥波波,阴,False,False,24,19,456,芋泥波波,芋泥波波奶茶,keyword,24,19,456,芋泥波波奶茶
2024-05-12,周日,冰美式,雨,True,True,53,17,901,冰美式,金凤乌龙奶茶,keyword,53,17,901,金凤乌龙奶茶
2024-04-05,周五,冰美式,雨,False,False,15,17,255,冰美式,金凤乌龙奶茶,keyword,15,17,255,金凤乌龙奶茶
2024-03-08,周五,芝士奶盖,晴,False,False,20,19,380,芝士奶盖,芝士奶盖抹茶,keyword,20,19,380,芝士奶盖抹茶
2024-04-19,周五,抹茶拿铁,阴,False,False,20,20,400,抹茶拿铁,芝士奶盖抹茶,keyword,20,20,400,芝士奶盖抹茶
2024-05-17,周五,抹茶拿铁,晴,False,False,19,11,209,抹茶拿铁,芝士奶盖抹茶,keyword,19,11,209,芝士奶盖抹茶
2024-03-23,周六,珍珠奶茶,阴,True,False,40,13,520,珍珠奶茶,黑糖珍珠奶茶,keyword,40,13,520,黑糖珍珠奶茶
2024-04-06,周六,水果茶,雨,True,False,38,20,760,水果茶,百香果绿茶,keyword,38,20,760,百香果绿茶
2024-03-09,周六,芝士奶盖,雪,True,False,32,14,448,芝士奶盖,芝士奶盖抹茶,keyword,32,14,448,芝士奶盖抹茶
2024-05-24,周五,冰美式,雨,False,True,36,15,540,冰美式,金凤乌龙奶茶,keyword,36,15,540,金凤乌龙奶茶
2024-05-23,周四,水果茶,雪,False,False,15,14,210,水果茶,百香果绿茶,keyword,15,14,210,百香果绿茶
2024-05-22,周三,芝士奶盖,雪,False,True,40,18,720,芝士奶盖,芝士奶盖抹茶,keyword,40,18,720,芝士奶盖抹茶
2024-03-18,周一,杨枝甘露,雨,False,False,13,22,286,杨枝甘露,杨枝甘露奶茶,keyword,13,22,286,杨枝甘露奶茶
2024-05-07,周二,珍珠奶茶,雪,False,True,38,13,494,珍珠奶茶,黑糖珍珠奶茶,keyword,38,13,494,黑糖珍珠奶茶
2024-05-28,周二,冰美式,阴,False,True,40,13,520,冰美式,金凤乌龙奶茶,keyword,40,13,520,金凤乌龙奶茶
2024-03-25,周一,芝士奶盖,阴,False,False,30,18,540,芝士奶盖,芝士奶盖抹茶,keyword,30,18,540,芝士奶盖抹茶
2024-03-21,周四,柠檬茶,雨,False,False,24,18,432,柠檬茶,百香果绿茶,keyword,24,18,432,百香果绿茶
2024-05-31,周五,可可奶茶,雨,False,True,29,17,493,可可奶茶,红丝绒可可奶茶,keyword,29,17,493,红丝绒可可奶茶
2024-03-19,周二,水果茶,多云,False,False,17,10,170,水果茶,百香果绿茶,keyword,17,10,170,百香果绿茶
2024-04-20,周六,可可奶茶,多云,True,False,37,15,555,可可奶茶,红丝绒可可奶茶,keyword,37,15,555,红丝绒可可奶茶
2024-04-10,周三,芋泥波波,多云,False,True,41,12,492,芋泥波波,芋泥波波奶茶,keyword,41,12,492,芋泥波波奶茶
2024-04-30,周二,抹茶拿铁,晴,False,True,25,18,450,抹茶拿铁,芝士奶盖抹茶,keyword,25,18,450,芝士奶盖抹茶
2024-05-17,周五,可可奶茶,晴,False,False,26,14,364,可可奶茶,红丝绒可可奶茶,keyword,26,14,364,红丝绒可可奶茶
2024-03-31,周日,水果茶,雪,True,False,46,17,782,水果茶,百香果绿茶,keyword,46,17,782,百香果绿茶
2024-03-03,周日,可可奶茶,多云,True,False,0,16,752,可可奶茶,红丝绒可可奶茶,keyword,1,16,16,红丝绒可可奶茶
2024-03-31,周日,冰美式,多云,True,False,39,18,702,冰美式,金凤乌龙奶茶,keyword,39,18,702,金凤乌龙奶茶
2024-03-09,周六,可可奶茶,雪,True,False,0,18,900,可可奶茶,红丝绒可可奶茶,keyword,1,18,18,红丝绒可可奶茶
2024-03-06,周三,水果茶,雨,False,False,26,11,286,水果茶,百香果绿茶,keyword,26,11,286,百香果绿茶
2024-05-24,周五,芋泥波波,多云,False,True,43,20,860,芋泥波波,芋泥波波奶茶,keyword,43,20,860,芋泥波波奶茶
2024-05-27,周一,抹茶拿铁,多云,False,False,-1,17,442,抹茶拿铁,芝士奶盖抹茶,keyword,1,17,17,芝士奶盖抹茶
2024-03-06,周三,柠檬茶,雨,False,False,28,17,476,柠檬茶,百香果绿茶,keyword,28,17,476,百香果绿茶
2024-05-22,周三,柠檬茶,雨,False,False,29,14,406,柠檬茶,百香果绿茶,keyword,29,14,406,百香果绿茶
2024-04-17,周三,水果茶,阴,False,False,28,15,420,水果茶,百香果绿茶,keyword,28,15,420,百香果绿茶
2024-05-03,周五,抹茶拿铁,雪,False,False,22,16,352,抹茶拿铁,芝士奶盖抹茶,keyword,22,16,352,芝士奶盖抹茶
2024-05-17,周五,杨枝甘露,雨,False,True,44,20,880,杨枝甘露,杨枝甘露奶茶,keyword,44,20,880,杨枝甘露奶茶
2024-05-17,周五,水果茶,阴,False,False,15,15,225,水果茶,百香果绿茶,keyword,15,15,225,百香果绿茶
2024-05-26,周日,杨枝甘露,多云,True,False,-1,21,735,杨枝甘露,杨枝甘露奶茶,keyword,1,21,21,杨枝甘露奶茶
2024-03-31,周日,芝士奶盖,阴,True,False,36,19,684,芝士奶盖,芝士奶盖抹茶,keyword,36,19,684,芝士奶盖抹茶
2024-04-27,周六,芝士奶盖,阴,True,False,45,12,540,芝士奶盖,芝士奶盖抹茶,keyword,45,12,540,芝士奶盖抹茶
2024-04-20,周六,芝士奶盖,雨,True,False,46,10,460,芝士奶盖,芝士奶盖抹茶,keyword,46,10,460,芝士奶盖抹茶
2024-05-03,周五,可可奶茶,雪,False,True,43,13,559,可可奶茶,红丝绒可可奶茶,keyword,43,13,559,红丝绒可可奶茶
2024-04-06,周六,抹茶拿铁,晴,True,True,49,12,588,抹茶拿铁,芝士奶盖抹茶,keyword,49,12,588,芝士奶盖抹茶
2024-04-26,周五,芋泥波波,雨,False,False,28,18,504,芋泥波波,芋泥波波奶茶,keyword,28,18,504,芋泥波波奶茶
2024-04-08,周一,杨枝甘露,雨,False,False,16,19,304,杨枝甘露,杨枝甘露奶茶,keyword,16,19,304,杨枝甘露奶茶
2024-03-31,周日,抹茶拿铁,雨,True,False,30,17,510,抹茶拿铁,芝士奶盖抹茶,keyword,30,17,510,芝士奶盖抹茶
2024-05-10,周五,杨枝甘露,晴,False,False,19,22,418,杨枝甘露,杨枝甘露奶茶,keyword,19,22,418,杨枝甘露奶茶
2024-04-22,周一,冰美式,多云,False,False,22,11,242,冰美式,金凤乌龙奶茶,keyword,22,11,242,金凤乌龙奶茶
2024-05-27,周一,可可奶茶,多云,False,False,29,20,580,可可奶茶,红丝绒可可奶茶,keyword,29,20,580,红丝绒可可奶茶
2024-03-17,周日,水果茶,晴,True,False,49,12,588,水果茶,百香果绿茶,keyword,49,12,588,百香果绿茶
2024-03-21,周四,芝士奶盖,雨,False,False,25,14,350,芝士奶盖,芝士奶盖抹茶,keyword,25,14,350,芝士奶盖抹茶
2024-04-02,周二,柠檬茶,多云,False,False,27,18,486,柠檬茶,百香果绿茶,keyword,27,18,486,百香果绿茶
2024-05-22,周三,杨枝甘露,多云,False,False,23,20,460,杨枝甘露,杨枝甘露奶茶,keyword,23,20,460,杨枝甘露奶茶
2024-05-12,周日,珍珠奶茶,晴,True,True,54,14,756,珍珠奶茶,黑糖珍珠奶茶,keyword,54,14,756,黑糖珍珠奶茶
2024-05-13,周一,水果茶,阴,False,False,18,14,252,水果茶,百香果绿茶,keyword,18,14,252,百香果绿茶
2024-04-08,周一,抹茶拿铁,阴,False,False,18,10,180,抹茶拿铁,芝士奶盖抹茶,keyword,18,10,180,芝士奶盖抹茶
2024-04-23,周二,抹茶拿铁,多云,False,False,26,15,390,抹茶拿铁,芝士奶盖抹茶,keyword,26,15,390,芝士奶盖抹茶
2024-04-10,周三,芝士奶盖,多云,False,False,30,18,540,芝士奶盖,芝士奶盖抹茶,keyword,30,18,540,芝士奶盖抹茶
2024-03-31,周日,抹茶拿铁,雨,True,False,30,11,330,抹茶拿铁,芝士奶盖抹茶,keyword,30,11,330,芝士奶盖抹茶
2024-04-19,周五,冰美式,多云,False,False,25,15,375,冰美式,金凤乌龙奶茶,keyword,25,15,375,金凤乌龙奶茶
2024-04-10,周三,柠檬茶,阴,False,False,22,17,374,柠檬茶,百香果绿茶,keyword,22,17,374,百香果绿茶
2024-05-03,周五,珍珠奶茶,阴,False,False,15,13,195,珍珠奶茶,黑糖珍珠奶茶,keyword,15,13,195,黑糖珍珠奶茶
2024-03-07,周四,珍珠奶茶,阴,False,False,29,15,435,珍珠奶茶,黑糖珍珠奶茶,keyword,29,15,435,黑糖珍珠奶茶
2024-03-02,周六,芋泥波波,多云,True,False,43,16,688,芋泥波波,芋泥波波奶茶,keyword,43,16,688,芋泥波波奶茶
2024-04-21,周日,珍珠奶茶,雪,True,True,65,12,780,珍珠奶茶,黑糖珍珠奶茶,keyword,65,12,780,黑糖珍珠奶茶
2024-04-27,周六,可可奶茶,雪,True,False,34,12,408,可可奶茶,红丝绒可可奶茶,keyword,34,12,408,红丝绒可可奶茶
2024-04-20,周六,芝士奶盖,雪,True,False,37,13,481,芝士奶盖,芝士奶盖抹茶,keyword,37,13,481,芝士奶盖抹茶
2024-04-21,周日,可可奶茶,晴,True,True,48,18,864,可可奶茶,红丝绒可可奶茶,keyword,48,18,864,红丝绒可可奶茶
2024-05-17,周五,可可奶茶,雨,False,False,19,12,228,可可奶茶,红丝绒可可奶茶,keyword,19,12,228,红丝绒可可奶茶
2024-03-07,周四,冰美式,多云,False,False,34,16,544,冰美式,金凤乌龙奶茶,keyword,34,16,544,金凤乌龙奶茶
2024-05-27,周一,柠檬茶,雪,False,False,0,13,156,柠檬茶,百香果绿茶,keyword,1,13,13,百香果绿茶
2024-04-23,周二,杨枝甘露,多云,False,False,32,21,672,杨枝甘露,杨枝甘露奶茶,keyword,32,21,672,杨枝甘露奶茶
2024-03-08,周五,杨枝甘露,雪,False,False,26,21,546,杨枝甘露,杨枝甘露奶茶,keyword,26,21,546,杨枝甘露奶茶
2024-04-10,周三,杨枝甘露,雪,False,False,29,20,580,杨枝甘露,杨枝甘露奶茶,keyword,29,20,580,杨枝甘露奶茶
2024-03-25,周一,柠檬茶,雪,False,False,22,14,308,柠檬茶,百香果绿茶,keyword,22,14,308,百香果绿茶
2024-05-28,周二,抹茶拿铁,阴,False,False,24,14,336,抹茶拿铁,芝士奶盖抹茶,keyword,24,14,336,芝士奶盖抹茶
2024-05-26,周日,可可奶茶,阴,True,False,999,14,546,可可奶茶,红丝绒可可奶茶,keyword,999,14,13986,红丝绒可可奶茶
2024-03-11,周一,芝士奶盖,雨,False,False,27,13,351,芝士奶盖,芝士奶盖抹茶,keyword,27,13,351,芝士奶盖抹茶
2024-04-04,周四,可可奶茶,多云,False,True,40,13,520,可可奶茶,红丝绒可可奶茶,keyword,40,13,520,红丝绒可可奶茶
2024-05-07,周二,柠檬茶,晴,False,True,39,11,429,柠檬茶,百香果绿茶,keyword,39,11,429,百香果绿茶
2024-03-18,周一,珍珠奶茶,阴,False,False,22,15,330,珍珠奶茶,黑糖珍珠奶茶,keyword,22,15,330,黑糖珍珠奶茶
2024-04-06,周六,芝士奶盖,晴,True,False,35,20,700,芝士奶盖,芝士奶盖抹茶,keyword,35,20,700,芝士奶盖抹茶
2024-05-08,周三,珍珠奶茶,阴,False,False,17,12,204,珍珠奶茶,黑糖珍珠奶茶,keyword,17,12,204,黑糖珍珠奶茶
2024-04-20,周六,抹茶拿铁,雨,True,False,30,14,420,抹茶拿铁,芝士奶盖抹茶,keyword,30,14,420,芝士奶盖抹茶
2024-03-14,周四,芝士奶盖,阴,False,False,27,18,486,芝士奶盖,芝士奶盖抹茶,keyword,27,18,486,芝士奶盖抹茶
2024-03-18,周一,可可奶茶,雨,False,True,40,12,480,可可奶茶,红丝绒可可奶茶,keyword,40,12,480,红丝绒可可奶茶
2024-03-25,周一,杨枝甘露,阴,False,False,23,21,483,杨枝甘露,杨枝甘露奶茶,keyword,23,21,483,杨枝甘露奶茶
2024-03-24,周日,杨枝甘露,雨,True,False,40,20,800,杨枝甘露,杨枝甘露奶茶,keyword,40,20,800,杨枝甘露奶茶
2024-04-16,周二,柠檬茶,晴,False,False,13,16,208,柠檬茶,百香果绿茶,keyword,13,16,208,百香果绿茶
2024-05-01,周三,杨枝甘露,雪,False,False,32,21,672,杨枝甘露,杨枝甘露奶茶,keyword,32,21,672,杨枝甘露奶茶
2024-05-25,周六,柠檬茶,雪,True,False,33,18,594,柠檬茶,百香果绿茶,keyword,33,18,594,百香果绿茶
2024-05-30,周四,芝士奶盖,雪,False,True,38,13,494,芝士奶盖,芝士奶盖抹茶,keyword,38,13,494,芝士奶盖抹茶
2024-03-20,周三,杨枝甘露,雪,False,False,30,19,570,杨枝甘露,杨枝甘露奶茶,keyword,30,19,570,杨枝甘露奶茶
2024-05-02,周四,芋泥波波,晴,False,False,32,16,512,芋泥波波,芋泥波波奶茶,keyword,32,16,512,芋泥波波奶茶
2024-03-08,周五,可可奶茶,雨,False,False,30,14,420,可可奶茶,红丝绒可可奶茶,keyword,30,14,420,红丝绒可可奶茶
2024-03-28,周四,冰美式,晴,False,False,13,18,234,冰美式,金凤乌龙奶茶,keyword,13,18,234,金凤乌龙奶茶
2024-03-09,周六,抹茶拿铁,雨,True,False,28,20,560,抹茶拿铁,芝士奶盖抹茶,keyword,28,20,560,芝士奶盖抹茶
2024-05-22,周三,水果茶,阴,False,False,27,16,432,水果茶,百香果绿茶,keyword,27,16,432,百香果绿茶
2024-05-24,周五,可可奶茶,雨,False,True,38,18,684,可可奶茶,红丝绒可可奶茶,keyword,38,18,684,红丝绒可可奶茶
2024-03-29,周五,珍珠奶茶,雨,False,False,18,15,270,珍珠奶茶,黑糖珍珠奶茶,keyword,18,15,270,黑糖珍珠奶茶
2024-03-30,周六,柠檬茶,雨,True,False,47,10,470,柠檬茶,百香果绿茶,keyword,47,10,470,百香果绿茶
2024-04-23,周二,冰美式,多云,False,False,999,19,209,冰美式,金凤乌龙奶茶,keyword,999,19,18981,金凤乌龙奶茶
2024-05-26,周日,珍珠奶茶,晴,True,False,35,13,455,珍珠奶茶,黑糖珍珠奶茶,keyword,35,13,455,黑糖珍珠奶茶
2024-03-08,周五,杨枝甘露,多云,False,False,28,20,560,杨枝甘露,杨枝甘露奶茶,keyword,28,20,560,杨枝甘露奶茶
2024-05-26,周日,芝士奶盖,雨,True,False,42,18,756,芝士奶盖,芝士奶盖抹茶,keyword,42,18,756,芝士奶盖抹茶
2024-05-11,周六,抹茶拿铁,雨,True,False,36,16,576,抹茶拿铁,芝士奶盖抹茶,keyword,36,16,576,芝士奶盖抹茶
2024-04-10,周三,水果茶,多云,False,False,25,18,450,水果茶,百香果绿茶,keyword,25,18,450,百香果绿茶
2024-05-11,周六,可可奶茶,阴,True,False,32,15,480,可可奶茶,红丝绒可可奶茶,keyword,32,15,480,红丝绒可可奶茶
2024-04-27,周六,芝士奶盖,雪,True,False,30,10,300,芝士奶盖,芝士奶盖抹茶,keyword,30,10,300,芝士奶盖抹茶
2024-05-26,周日,冰美式,晴,True,False,47,19,893,冰美式,金凤乌龙奶茶,keyword,47,19,893,金凤乌龙奶茶
2024-05-11,周六,柠檬茶,多云,True,False,45,14,630,柠檬茶,百香果绿茶,keyword,45,14,630,百香果绿茶
2024-03-02,周六,柠檬茶,晴,True,False,38,13,494,柠檬茶,百香果绿茶,keyword,38,13,494,百香果绿茶
2024-05-30,周四,柠檬茶,多云,False,False,26,16,416,柠檬茶,百香果绿茶,keyword,26,16,416,百香果绿茶
2024-05-23,周四,芝士奶盖,雨,False,False,26,17,442,芝士奶盖,芝士奶盖抹茶,keyword,26,17,442,芝士奶盖抹茶
2024-04-30,周二,芝士奶盖,雨,False,False,16,19,304,芝士奶盖,芝士奶盖抹茶,keyword,16,19,304,芝士奶盖抹茶
2024-03-19,周二,珍珠奶茶,雪,False,False,27,15,405,珍珠奶茶,黑糖珍珠奶茶,keyword,27,15,405,黑糖珍珠奶茶
2024-03-26,周二,芝士奶盖,阴,False,False,20,17,340,芝士奶盖,芝士奶盖抹茶,keyword,20,17,340,芝士奶盖抹茶
2024-05-27,周一,芝士奶盖,阴,False,False,28,17,476,芝士奶盖,芝士奶盖抹茶,keyword,28,17,476,芝士奶盖抹茶
2024-04-15,周一,杨枝甘露,雪,False,False,22,18,396,杨枝甘露,杨枝甘露奶茶,keyword,22,18,396,杨枝甘露奶茶
2024-03-10,周日,珍珠奶茶,阴,True,True,48,12,576,珍珠奶茶,黑糖珍珠奶茶,keyword,48,12,576,黑糖珍珠奶茶
2024-03-02,周六,柠檬茶,阴,True,False,50,20,1000,柠檬茶,百香果绿茶,keyword,50,20,1000,百香果绿茶
2024-05-18,周六,抹茶拿铁,晴,True,True,999,10,640,抹茶拿铁,芝士奶盖抹茶,keyword,999,10,9990,芝士奶盖抹茶
2024-04-05,周五,可可奶茶,晴,False,False,29,16,464,可可奶茶,红丝绒可可奶茶,keyword,29,16,464,红丝绒可可奶茶
2024-03-23,周六,芋泥波波,雪,True,True,50,18,900,芋泥波波,芋泥波波奶茶,keyword,50,18,900,芋泥波波奶茶
2024-05-29,周三,柠檬茶,晴,False,False,29,10,290,柠檬茶,百香果绿茶,keyword,29,10,290,百香果绿茶
2024-04-18,周四,水果茶,晴,False,False,27,11,297,水果茶,百香果绿茶,keyword,27,11,297,百香果绿茶
2024-04-25,周四,芝士奶盖,雪,False,False,16,13,208,芝士奶盖,芝士奶盖抹茶,keyword,16,13,208,芝士奶盖抹茶
2024-05-28,周二,冰美式,雨,False,True,46,14,644,冰美式,金凤乌龙奶茶,keyword,46,14,644,金凤乌龙奶茶
2024-05-12,周日,珍珠奶茶,雨,True,True,52,13,676,珍珠奶茶,黑糖珍珠奶茶,keyword,52,13,676,黑糖珍珠奶茶
2024-05-31,周五,水果茶,雨,False,True,34,16,544,水果茶,百香果绿茶,keyword,34,16,544,百香果绿茶
2024-05-09,周四,芝士奶盖,多云,False,False,23,18,414,芝士奶盖,芝士奶盖抹茶,keyword,23,18,414,芝士奶盖抹茶
2024-04-14,周日,珍珠奶茶,阴,True,False,29,14,406,珍珠奶茶,黑糖珍珠奶茶,keyword,29,14,406,黑糖珍珠奶茶
2024-05-18,周六,冰美式,雨,True,True,58,17,986,冰美式,金凤乌龙奶茶,keyword,58,17,986,金凤乌龙奶茶
2024-05-10,周五,水果茶,多云,False,False,33,16,528,水果茶,百香果绿茶,keyword,33,16,528,百香果绿茶
2024-04-19,周五,芝士奶盖,晴,False,True,42,15,630,芝士奶盖,芝士奶盖抹茶,keyword,42,15,630,芝士奶盖抹茶
2024-03-14,周四,杨枝甘露,多云,False,False,20,22,440,杨枝甘露,杨枝甘露奶茶,keyword,20,22,440,杨枝甘露奶茶
2024-03-14,周四,珍珠奶茶,雨,False,False,21,14,294,珍珠奶茶,黑糖珍珠奶茶,keyword,21,14,294,黑糖珍珠奶茶
2024-03-22,周五,水果茶,多云,False,False,19,17,323,水果茶,百香果绿茶,keyword,19,17,323,百香果绿茶
2024-03-22,周五,水果茶,阴,False,False,19,15,285,水果茶,百香果绿茶,keyword,19,15,285,百香果绿茶
2024-04-01,周一,抹茶拿铁,阴,False,True,30,16,480,抹茶拿铁,芝士奶盖抹茶,keyword,30,16,480,芝士奶盖抹茶
2024-05-19,周日,水果茶,阴,True,False,45,19,855,水果茶,百香果绿茶,keyword,45,19,855,百香果绿茶
2024-04-11,周四,冰美式,阴,False,False,22,15,330,冰美式,金凤乌龙奶茶,keyword,22,15,330,金凤乌龙奶茶
2024-05-28,周二,抹茶拿铁,雨,False,False,23,15,345,抹茶拿铁,芝士奶盖抹茶,keyword,23,15,345,芝士奶盖抹茶
2024-05-12,周日,柠檬茶,雪,True,True,61,17,1037,柠檬茶,百香果绿茶,keyword,61,17,1037,百香果绿茶
2024-03-27,周三,抹茶拿铁,晴,False,False,25,20,500,抹茶拿铁,芝士奶盖抹茶,keyword,25,20,500,芝士奶盖抹茶
2024-05-16,周四,抹茶拿铁,雪,False,False,0,18,504,抹茶拿铁,芝士奶盖抹茶,keyword,1,18,18,芝士奶盖抹茶
2024-05-29,周三,可可奶茶,晴,False,False,22,20,440,可可奶茶,红丝绒可可奶茶,keyword,22,20,440,红丝绒可可奶茶
2024-05-22,周三,冰美式,雪,False,False,21,20,420,冰美式,金凤乌龙奶茶,keyword,21,20,420,金凤乌龙奶茶
2024-04-12,周五,水果茶,晴,False,True,34,18,612,水果茶,百香果绿茶,keyword,34,18,612,百香果绿茶
2024-05-28,周二,冰美式,阴,False,False,24,20,480,冰美式,金凤乌龙奶茶,keyword,24,20,480,金凤乌龙奶茶
2024-05-04,周六,杨枝甘露,晴,True,False,40,21,840,杨枝甘露,杨枝甘露奶茶,keyword,40,21,840,杨枝甘露奶茶
2024-03-11,周一,芋泥波波,雨,False,False,21,13,273,芋泥波波,芋泥波波奶茶,keyword,21,13,273,芋泥波波奶茶
2024-04-14,周日,抹茶拿铁,阴,True,False,35,15,525,抹茶拿铁,芝士奶盖抹茶,keyword,35,15,525,芝士奶盖抹茶
2024-03-06,周三,芋泥波波,雨,False,False,20,12,240,芋泥波波,芋泥波波奶茶,keyword,20,12,240,芋泥波波奶茶
2024-04-01,周一,可可奶茶,雪,False,True,39,17,663,可可奶茶,红丝绒可可奶茶,keyword,39,17,663,红丝绒可可奶茶
2024-04-21,周日,杨枝甘露,阴,True,False,39,19,741,杨枝甘露,杨枝甘露奶茶,keyword,39,19,741,杨枝甘露奶茶
2024-04-24,周三,水果茶,多云,False,False,11,19,209,水果茶,百香果绿茶,keyword,11,19,209,百香果绿茶
2024-05-08,周三,杨枝甘露,雨,False,True,36,21,756,杨枝甘露,杨枝甘露奶茶,keyword,36,21,756,杨枝甘露奶茶
2024-05-21,周二,芝士奶盖,雪,False,False,23,15,345,芝士奶盖,芝士奶盖抹茶,keyword,23,15,345,芝士奶盖抹茶
2024-04-28,周日,冰美式,雨,True,False,39,11,429,冰美式,金凤乌龙奶茶,keyword,39,11,429,金凤乌龙奶茶
2024-04-10,周三,芋泥波波,雨,False,True,34,18,612,芋泥波波,芋泥波波奶茶,keyword,34,18,612,芋泥波波奶茶
2024-05-16,周四,杨枝甘露,阴,False,True,50,19,950,杨枝甘露,杨枝甘露奶茶,keyword,50,19,950,杨枝甘露奶茶
2024-04-15,周一,珍珠奶茶,多云,False,True,49,15,735,珍珠奶茶,黑糖珍珠奶茶,keyword,49,15,735,黑糖珍珠奶茶
2024-05-02,周四,水果茶,阴,False,True,43,13,559,水果茶,百香果绿茶,keyword,43,13,559,百香果绿茶
2024-04-05,周五,柠檬茶,多云,False,False,28,17,476,柠檬茶,百香果绿茶,keyword,28,17,476,百香果绿茶
2024-03-15,周五,冰美式,雨,False,False,18,18,324,冰美式,金凤乌龙奶茶,keyword,18,18,324,金凤乌龙奶茶
2024-03-06,周三,抹茶拿铁,阴,False,True,39,14,546,抹茶拿铁,芝士奶盖抹茶,keyword,39,14,546,芝士奶盖抹茶
2024-03-05,周二,抹茶拿铁,雨,False,False,19,17,323,抹茶拿铁,芝士奶盖抹茶,keyword,19,17,323,芝士奶盖抹茶
2024-03-16,周六,柠檬茶,雪,True,False,40,20,800,柠檬茶,百香果绿茶,keyword,40,20,800,百香果绿茶
2024-05-18,周六,杨枝甘露,多云,True,False,40,20,800,杨枝甘露,杨枝甘露奶茶,keyword,40,20,800,杨枝甘露奶茶
2024-05-16,周四,可可奶茶,雨,False,False,19,14,266,可可奶茶,红丝绒可可奶茶,keyword,19,14,266,红丝绒可可奶茶
2024-05-05,周日,芋泥波波,阴,True,False,33,20,660,芋泥波波,芋泥波波奶茶,keyword,33,20,660,芋泥波波奶茶
2024-03-17,周日,柠檬茶,雨,True,False,47,16,752,柠檬茶,百香果绿茶,keyword,47,16,752,百香果绿茶
2024-04-05,周五,芝士奶盖,阴,False,False,24,11,264,芝士奶盖,芝士奶盖抹茶,keyword,24,11,264,芝士奶盖抹茶
2024-04-28,周日,芝士奶盖,雪,True,False,33,13,429,芝士奶盖,芝士奶盖抹茶,keyword,33,13,429,芝士奶盖抹茶
2024-05-27,周一,珍珠奶茶,晴,False,False,18,12,216,珍珠奶茶,黑糖珍珠奶茶,keyword,18,12,216,黑糖珍珠奶茶
2024-03-21,周四,抹茶拿铁,晴,False,False,30,13,390,抹茶拿铁,芝士奶盖抹茶,keyword,30,13,390,芝士奶盖抹茶
2024-05-23,周四,杨枝甘露,阴,False,False,14,21,294,杨枝甘露,杨枝甘露奶茶,keyword,14,21,294,杨枝甘露奶茶
2024-05-30,周四,芋泥波波,多云,False,False,12,19,228,芋泥波波,芋泥波波奶茶,keyword,12,19,228,芋泥波波奶茶
2024-05-27,周一,抹茶拿铁,晴,False,False,11,16,176,抹茶拿铁,芝士奶盖抹茶,keyword,11,16,176,芝士奶盖抹茶
2024-05-01,周三,芋泥波波,阴,False,True,29,15,435,芋泥波波,芋泥波波奶茶,keyword,29,15,435,芋泥波波奶茶
2024-04-08,周一,杨枝甘露,多云,False,False,32,19,608,杨枝甘露,杨枝甘露奶茶,keyword,32,19,608,杨枝甘露奶茶
2024-05-12,周日,珍珠奶茶,多云,True,False,47,13,611,珍珠奶茶,黑糖珍珠奶茶,keyword,47,13,611,黑糖珍珠奶茶
2024-05-18,周六,抹茶拿铁,晴,True,False,33,11,363,抹茶拿铁,芝士奶盖抹茶,keyword,33,11,363,芝士奶盖抹茶
2024-04-19,周五,芝士奶盖,雨,False,False,26,14,364,芝士奶盖,芝士奶盖抹茶,keyword,26,14,364,芝士奶盖抹茶
2024-04-01,周一,可可奶茶,晴,False,False,29,14,406,可可奶茶,红丝绒可可奶茶,keyword,29,14,406,红丝绒可可奶茶
2024-05-17,周五,可可奶茶,阴,False,False,16,13,208,可可奶茶,红丝绒可可奶茶,keyword,16,13,208,红丝绒可可奶茶
2024-03-15,周五,柠檬茶,雪,False,True,40,15,600,柠檬茶,百香果绿茶,keyword,40,15,600,百香果绿茶
2024-05-12,周日,水果茶,雪,True,False,-1,11,473,水果茶,百香果绿茶,keyword,1,11,11,百香果绿茶
2024-05-31,周五,可可奶茶,阴,False,False,24,20,480,可可奶茶,红丝绒可可奶茶,keyword,24,20,480,红丝绒可可奶茶
2024-05-18,周六,杨枝甘露,晴,True,False,41,19,779,杨枝甘露,杨枝甘露奶茶,keyword,41,19,779,杨枝甘露奶茶
2024-03-20,周三,可可奶茶,阴,False,False,30,20,600,可可奶茶,红丝绒可可奶茶,keyword,30,20,600,红丝绒可可奶茶
2024-04-09,周二,水果茶,晴,False,False,23,11,253,水果茶,百香果绿茶,keyword,23,11,253,百香果绿茶
2024-05-17,周五,珍珠奶茶,多云,False,True,31,13,403,珍珠奶茶,黑糖珍珠奶茶,keyword,31,13,403,黑糖珍珠奶茶
2024-04-14,周日,可可奶茶,雨,True,True,57,11,627,可可奶茶,红丝绒可可奶茶,keyword,57,11,627,红丝绒可可奶茶
2024-03-04,周一,芝士奶盖,雨,False,False,27,19,513,芝士奶盖,芝士奶盖抹茶,keyword,27,19,513,芝士奶盖抹茶
2024-05-03,周五,抹茶拿铁,晴,False,False,30,12,360,抹茶拿铁,芝士奶盖抹茶,keyword,30,12,360,芝士奶盖抹茶
2024-04-02,周二,芋泥波波,多云,False,False,13,10,130,芋泥波波,芋泥波波奶茶,keyword,13,10,130,芋泥波波奶茶
2024-03-02,周六,柠檬茶,阴,True,False,28,12,336,柠檬茶,百香果绿茶,keyword,28,12,336,百香果绿茶
2024-03-05,周二,可可奶茶,多云,False,False,29,15,435,可可奶茶,红丝绒可可奶茶,keyword,29,15,435,红丝绒可可奶茶
2024-03-10,周日,冰美式,晴,True,False,36,12,432,冰美式,金凤乌龙奶茶,keyword,36,12,432,金凤乌龙奶茶
2024-05-06,周一,珍珠奶茶,晴,False,False,26,14,364,珍珠奶茶,黑糖珍珠奶茶,keyword,26,14,364,黑糖珍珠奶茶
2024-05-10,周五,抹茶拿铁,雨,False,False,19,14,266,抹茶拿铁,芝士奶盖抹茶,keyword,19,14,266,芝士奶盖抹茶
2024-04-01,周一,抹茶拿铁,雪,False,False,24,18,432,抹茶拿铁,芝士奶盖抹茶,keyword,24,18,432,芝士奶盖抹茶
2024-04-01,周一,杨枝甘露,阴,False,True,33,18,594,杨枝甘露,杨枝甘露奶茶,keyword,33,18,594,杨枝甘露奶茶
2024-03-01,周五,水果茶,晴,False,False,22,16,352,水果茶,百香果绿茶,keyword,22,16,352,百香果绿茶
2024-03-08,周五,杨枝甘露,晴,False,True,39,21,819,杨枝甘露,杨枝甘露奶茶,keyword,39,21,819,杨枝甘露奶茶
2024-04-17,周三,抹茶拿铁,雪,False,True,34,16,544,抹茶拿铁,芝士奶盖抹茶,keyword,34,16,544,芝士奶盖抹茶
2024-05-12,周日,珍珠奶茶,多云,True,False,42,14,588,珍珠奶茶,黑糖珍珠奶茶,keyword,42,14,588,黑糖珍珠奶茶
2024-04-20,周六,芝士奶盖,阴,True,False,36,13,468,芝士奶盖,芝士奶盖抹茶,keyword,36,13,468,芝士奶盖抹茶
2024-05-14,周二,芋泥波波,晴,False,True,36,16,576,芋泥波波,芋泥波波奶茶,keyword,36,16,576,芋泥波波奶茶
2024-04-15,周一,柠檬茶,雨,False,False,37,11,407,柠檬茶,百香果绿茶,keyword,37,11,407,百香果绿茶
2024-04-01,周一,芝士奶盖,雪,False,True,0,12,480,芝士奶盖,芝士奶盖抹茶,keyword,1,12,12,芝士奶盖抹茶
2024-04-27,周六,可可奶茶,多云,True,True,-1,11,605,可可奶茶,红丝绒可可奶茶,keyword,1,11,11,红丝绒可可奶茶
2024-03-17,周日,柠檬茶,雨,True,False,62,11,682,柠檬茶,百香果绿茶,keyword,62,11,682,百香果绿茶
2024-04-03,周三,芋泥波波,晴,False,True,37,12,444,芋泥波波,芋泥波波奶茶,keyword,37,12,444,芋泥波波奶茶
2024-04-12,周五,芋泥波波,阴,False,True,36,16,576,芋泥波波,芋泥波波奶茶,keyword,36,16,576,芋泥波波奶茶
2024-04-18,周四,水果茶,雨,False,False,17,14,238,水果茶,百香果绿茶,keyword,17,14,238,百香果绿茶
2024-03-20,周三,珍珠奶茶,雨,False,False,25,15,375,珍珠奶茶,黑糖珍珠奶茶,keyword,25,15,375,黑糖珍珠奶茶
2024-04-05,周五,水果茶,阴,False,True,35,20,700,水果茶,百香果绿茶,keyword,35,20,700,百香果绿茶
2024-05-09,周四,珍珠奶茶,雨,False,False,29,14,406,珍珠奶茶,黑糖珍珠奶茶,keyword,29,14,406,黑糖珍珠奶茶
2024-05-04,周六,芝士奶盖,雨,True,True,0,13,793,芝士奶盖,芝士奶盖抹茶,keyword,1,13,13,芝士奶盖抹茶
2024-03-08,周五,抹茶拿铁,雪,False,False,23,11,253,抹茶拿铁,芝士奶盖抹茶,keyword,23,11,253,芝士奶盖抹茶
2024-04-19,周五,芝士奶盖,多云,False,False,20,15,300,芝士奶盖,芝士奶盖抹茶,keyword,20,15,300,芝士奶盖抹茶
2024-03-04,周一,芝士奶盖,雪,False,False,21,18,378,芝士奶盖,芝士奶盖抹茶,keyword,21,18,378,芝士奶盖抹茶
2024-05-02,周四,珍珠奶茶,晴,False,False,15,12,180,珍珠奶茶,黑糖珍珠奶茶,keyword,15,12,180,黑糖珍珠奶茶
2024-03-01,周五,芝士奶盖,多云,False,False,18,15,270,芝士奶盖,芝士奶盖抹茶,keyword,18,15,270,芝士奶盖抹茶
2024-03-19,周二,冰美式,晴,False,False,19,11,209,冰美式,金凤乌龙奶茶,keyword,19,11,209,金凤乌龙奶茶
2024-05-24,周五,水果茶,雨,False,False,15,12,180,水果茶,百香果绿茶,keyword,15,12,180,百香果绿茶
2024-04-25,周四,抹茶拿铁,多云,False,False,28,19,532,抹茶拿铁,芝士奶盖抹茶,keyword,28,19,532,芝士奶盖抹茶
2024-03-29,周五,冰美式,阴,False,False,19,12,228,冰美式,金凤乌龙奶茶,keyword,19,12,228,金凤乌龙奶茶
2024-03-01,周五,冰美式,雪,False,True,46,19,874,冰美式,金凤乌龙奶茶,keyword,46,19,874,金凤乌龙奶茶
2024-05-12,周日,芋泥波波,多云,True,False,41,13,533,芋泥波波,芋泥波波奶茶,keyword,41,13,533,芋泥波波奶茶
2024-04-10,周三,杨枝甘露,雨,False,False,16,19,304,杨枝甘露,杨枝甘露奶茶,keyword,16,19,304,杨枝甘露奶茶
2024-03-09,周六,芝士奶盖,晴,True,False,33,16,528,芝士奶盖,芝士奶盖抹茶,keyword,33,16,528,芝士奶盖抹茶
2024-04-23,周二,杨枝甘露,阴,False,False,28,22,616,杨枝甘露,杨枝甘露奶茶,keyword,28,22,616,杨枝甘露奶茶
2024-05-01,周三,冰美式,多云,False,False,0,14,238,冰美式,金凤乌龙奶茶,keyword,1,14,14,金凤乌龙奶茶
2024-03-14,周四,芋泥波波,多云,False,False,22,11,242,芋泥波波,芋泥波波奶茶,keyword,22,11,242,芋泥波波奶茶
2024-03-12,周二,芝士奶盖,晴,False,False,35,12,420,芝士奶盖,芝士奶盖抹茶,keyword,35,12,420,芝士奶盖抹茶
2024-04-25,周四,杨枝甘露,晴,False,False,14,21,294,杨枝甘露,杨枝甘露奶茶,keyword,14,21,294,杨枝甘露奶茶
2024-05-02,周四,杨枝甘露,雨,False,True,26,22,572,杨枝甘露,杨枝甘露奶茶,keyword,26,22,572,杨枝甘露奶茶
2024-03-13,周三,珍珠奶茶,多云,False,False,17,15,255,珍珠奶茶,黑糖珍珠奶茶,keyword,17,15,255,黑糖珍珠奶茶
2024-04-09,周二,水果茶,阴,False,False,29,11,319,水果茶,百香果绿茶,keyword,29,11,319,百香果绿茶
2024-04-19,周五,杨枝甘露,阴,False,False,28,18,504,杨枝甘露,杨枝甘露奶茶,keyword,28,18,504,杨枝甘露奶茶
2024-05-25,周六,芝士奶盖,阴,True,False,51,13,663,芝士奶盖,芝士奶盖抹茶,keyword,51,13,663,芝士奶盖抹茶
2024-04-19,周五,可可奶茶,雪,False,False,30,19,570,可可奶茶,红丝绒可可奶茶,keyword,30,19,570,红丝绒可可奶茶
2024-05-06,周一,冰美式,晴,False,False,21,12,252,冰美式,金凤乌龙奶茶,keyword,21,12,252,金凤乌龙奶茶
2024-03-22,周五,柠檬茶,多云,False,True,37,16,592,柠檬茶,百香果绿茶,keyword,37,16,592,百香果绿茶
2024-05-20,周一,杨枝甘露,雨,False,False,19,18,342,杨枝甘露,杨枝甘露奶茶,keyword,19,18,342,杨枝甘露奶茶
2024-04-20,周六,可可奶茶,雨,True,False,35,19,665,可可奶茶,红丝绒可可奶茶,keyword,35,19,665,红丝绒可可奶茶
2024-04-23,周二,芋泥波波,多云,False,True,51,11,561,芋泥波波,芋泥波波奶茶,keyword,51,11,561,芋泥波波奶茶
2024-05-12,周日,芋泥波波,雪,True,False,40,14,560,芋泥波波,芋泥波波奶茶,keyword,40,14,560,芋泥波波奶茶
2024-05-02,周四,冰美式,晴,False,True,43,19,817,冰美式,金凤乌龙奶茶,keyword,43,19,817,金凤乌龙奶茶
2024-05-28,周二,水果茶,阴,False,False,0,13,208,水果茶,百香果绿茶,keyword,1,13,13,百香果绿茶
2024-04-04,周四,芝士奶盖,雨,False,False,14,14,196,芝士奶盖,芝士奶盖抹茶,keyword,14,14,196,芝士奶盖抹茶
2024-05-02,周四,芋泥波波,多云,False,False,24,15,360,芋泥波波,芋泥波波奶茶,keyword,24,15,360,芋泥波波奶茶
2024-04-23,周二,冰美式,多云,False,False,18,17,306,冰美式,金凤乌龙奶茶,keyword,18,17,306,金凤乌龙奶茶
2024-04-17,周三,珍珠奶茶,晴,False,False,23,15,345,珍珠奶茶,黑糖珍珠奶茶,keyword,23,15,345,黑糖珍珠奶茶
2024-05-07,周二,冰美式,多云,False,True,-1,13,299,冰美式,金凤乌龙奶茶,keyword,1,13,13,金凤乌龙奶茶
2024-04-16,周二,柠檬茶,雨,False,False,40,11,440,柠檬茶,百香果绿茶,keyword,40,11,440,百香果绿茶
2024-03-31,周日,芝士奶盖,雪,True,False,47,19,893,芝士奶盖,芝士奶盖抹茶,keyword,47,19,893,芝士奶盖抹茶
2024-04-14,周日,杨枝甘露,晴,True,False,39,18,702,杨枝甘露,杨枝甘露奶茶,keyword,39,18,702,杨枝甘露奶茶
2024-05-13,周一,柠檬茶,多云,False,False,21,20,420,柠檬茶,百香果绿茶,keyword,21,20,420,百香果绿茶
2024-03-03,周日,珍珠奶茶,多云,True,False,49,12,588,珍珠奶茶,黑糖珍珠奶茶,keyword,49,12,588,黑糖珍珠奶茶
2024-05-16,周四,冰美式,雨,False,False,26,11,286,冰美式,金凤乌龙奶茶,keyword,26,11,286,金凤乌龙奶茶
2024-04-05,周五,芝士奶盖,雨,False,False,28,14,392,芝士奶盖,芝士奶盖抹茶,keyword,28,14,392,芝士奶盖抹茶
2024-05-06,周一,柠檬茶,雪,False,False,16,20,320,柠檬茶,百香果绿茶,keyword,16,20,320,百香果绿茶
2024-03-04,周一,抹茶拿铁,雨,False,False,25,16,400,抹茶拿铁,芝士奶盖抹茶,keyword,25,16,400,芝士奶盖抹茶
2024-05-14,周二,冰美式,雨,False,False,19,20,380,冰美式,金凤乌龙奶茶,keyword,19,20,380,金凤乌龙奶茶
2024-04-30,周二,芝士奶盖,多云,False,False,27,12,324,芝士奶盖,芝士奶盖抹茶,keyword,27,12,324,芝士奶盖抹茶
2024-04-30,周二,杨枝甘露,雪,False,False,20,20,400,杨枝甘露,杨枝甘露奶茶,keyword,20,20,400,杨枝甘露奶茶
2024-03-29,周五,芝士奶盖,雨,False,False,22,15,330,芝士奶盖,芝士奶盖抹茶,keyword,22,15,330,芝士奶盖抹茶
2024-04-07,周日,抹茶拿铁,阴,True,True,57,19,1083,抹茶拿铁,芝士奶盖抹茶,keyword,57,19,1083,芝士奶盖抹茶
2024-03-10,周日,抹茶拿铁,雪,True,True,57,18,1026,抹茶拿铁,芝士奶盖抹茶,keyword,57,18,1026,芝士奶盖抹茶
2024-03-07,周四,杨枝甘露,多云,False,False,23,21,483,杨枝甘露,杨枝甘露奶茶,keyword,23,21,483,杨枝甘露奶茶
2024-05-31,周五,杨枝甘露,阴,False,False,14,20,280,杨枝甘露,杨枝甘露奶茶,keyword,14,20,280,杨枝甘露奶茶
2024-03-01,周五,抹茶拿铁,多云,False,False,20,19,380,抹茶拿铁,芝士奶盖抹茶,keyword,20,19,380,芝士奶盖抹茶
2024-05-02,周四,芋泥波波,雪,False,False,20,16,320,芋泥波波,芋泥波波奶茶,keyword,20,16,320,芋泥波波奶茶
2024-05-01,周三,水果茶,晴,False,False,15,10,150,水果茶,百香果绿茶,keyword,15,10,150,百香果绿茶
2024-05-07,周二,柠檬茶,晴,False,False,13,13,169,柠檬茶,百香果绿茶,keyword,13,13,169,百香果绿茶
2024-05-27,周一,杨枝甘露,阴,False,False,23,19,437,杨枝甘露,杨枝甘露奶茶,keyword,23,19,437,杨枝甘露奶茶
2024-04-21,周日,珍珠奶茶,多云,True,False,34,13,442,珍珠奶茶,黑糖珍珠奶茶,keyword,34,13,442,黑糖珍珠奶茶
2024-05-15,周三,可可奶茶,晴,False,False,25,10,250,可可奶茶,红丝绒可可奶茶,keyword,25,10,250,红丝绒可可奶茶
2024-03-03,周日,珍珠奶茶,阴,True,False,29,14,406,珍珠奶茶,黑糖珍珠奶茶,keyword,29,14,406,黑糖珍珠奶茶
2024-03-20,周三,柠檬茶,雨,False,False,31,18,558,柠檬茶,百香果绿茶,keyword,31,18,558,百香果绿茶
2024-05-17,周五,杨枝甘露,晴,False,False,32,18,576,杨枝甘露,杨枝甘露奶茶,keyword,32,18,576,杨枝甘露奶茶
2024-03-14,周四,抹茶拿铁,雪,False,True,38,13,494,抹茶拿铁,芝士奶盖抹茶,keyword,38,13,494,芝士奶盖抹茶
2024-03-01,周五,珍珠奶茶,晴,False,False,22,15,330,珍珠奶茶,黑糖珍珠奶茶,keyword,22,15,330,黑糖珍珠奶茶
2024-03-12,周二,可可奶茶,晴,False,False,22,13,286,可可奶茶,红丝绒可可奶茶,keyword,22,13,286,红丝绒可可奶茶
2024-05-26,周日,芝士奶盖,晴,True,True,48,12,576,芝士奶盖,芝士奶盖抹茶,keyword,48,12,576,芝士奶盖抹茶
2024-03-22,周五,芝士奶盖,阴,False,False,25,11,275,芝士奶盖,芝士奶盖抹茶,keyword,25,11,275,芝士奶盖抹茶
2024-04-13,周六,杨枝甘露,阴,True,False,35,20,700,杨枝甘露,杨枝甘露奶茶,keyword,35,20,700,杨枝甘露奶茶
2024-05-28,周二,抹茶拿铁,多云,False,True,35,11,385,抹茶拿铁,芝士奶盖抹茶,keyword,35,11,385,芝士奶盖抹茶
2024-05-15,周三,抹茶拿铁,多云,False,False,999,19,551,抹茶拿铁,芝士奶盖抹茶,keyword,999,19,18981,芝士奶盖抹茶
2024-03-17,周日,抹茶拿铁,晴,True,False,47,10,470,抹茶拿铁,芝士奶盖抹茶,keyword,47,10,470,芝士奶盖抹茶
2024-05-23,周四,芝士奶盖,雪,False,False,19,19,361,芝士奶盖,芝士奶盖抹茶,keyword,19,19,361,芝士奶盖抹茶
2024-05-25,周六,芝士奶盖,雪,True,False,50,11,550,芝士奶盖,芝士奶盖抹茶,keyword,50,11,550,芝士奶盖抹茶
2024-04-01,周一,抹茶拿铁,阴,False,True,-1,10,480,抹茶拿铁,芝士奶盖抹茶,keyword,1,10,10,芝士奶盖抹茶
2024-05-04,周六,抹茶拿铁,多云,True,True,62,13,806,抹茶拿铁,芝士奶盖抹茶,keyword,62,13,806,芝士奶盖抹茶
2024-04-05,周五,珍珠奶茶,雪,False,False,23,13,299,珍珠奶茶,黑糖珍珠奶茶,keyword,23,13,299,黑糖珍珠奶茶
2024-04-26,周五,冰美式,晴,False,False,31,15,465,冰美式,金凤乌龙奶茶,keyword,31,15,465,金凤乌龙奶茶
2024-05-03,周五,珍珠奶茶,阴,False,False,21,12,252,珍珠奶茶,黑糖珍珠奶茶,keyword,21,12,252,黑糖珍珠奶茶
2024-05-17,周五,冰美式,雪,False,False,29,20,580,冰美式,金凤乌龙奶茶,keyword,29,20,580,金凤乌龙奶茶
2024-04-13,周六,芝士奶盖,多云,True,False,31,18,558,芝士奶盖,芝士奶盖抹茶,keyword,31,18,558,芝士奶盖抹茶
2024-05-16,周四,抹茶拿铁,阴,False,True,44,10,440,抹茶拿铁,芝士奶盖抹茶,keyword,44,10,440,芝士奶盖抹茶
2024-04-22,周一,芋泥波波,雪,False,True,35,13,455,芋泥波波,芋泥波波奶茶,keyword,35,13,455,芋泥波波奶茶
2024-03-25,周一,芝士奶盖,阴,False,True,43,19,817,芝士奶盖,芝士奶盖抹茶,keyword,43,19,817,芝士奶盖抹茶
2024-04-27,周六,抹茶拿铁,雪,True,True,60,18,1080,抹茶拿铁,芝士奶盖抹茶,keyword,60,18,1080,芝士奶盖抹茶
2024-05-10,周五,水果茶,雪,False,False,27,19,513,水果茶,百香果绿茶,keyword,27,19,513,百香果绿茶
2024-03-17,周日,芋泥波波,雪,True,False,42,18,756,芋泥波波,芋泥波波奶茶,keyword,42,18,756,芋泥波波奶茶
2024-04-23,周二,冰美式,雨,False,False,22,14,308,冰美式,金凤乌龙奶茶,keyword,22,14,308,金凤乌龙奶茶
2024-03-18,周一,杨枝甘露,雪,False,False,31,20,620,杨枝甘露,杨枝甘露奶茶,keyword,31,20,620,杨枝甘露奶茶
2024-05-10,周五,芝士奶盖,多云,False,False,20,20,400,芝士奶盖,芝士奶盖抹茶,keyword,20,20,400,芝士奶盖抹茶
2024-05-26,周日,杨枝甘露,多云,True,False,55,20,1100,杨枝甘露,杨枝甘露奶茶,keyword,55,20,1100,杨枝甘露奶茶
2024-04-15,周一,可可奶茶,雪,False,False,35,16,560,可可奶茶,红丝绒可可奶茶,keyword,35,16,560,红丝绒可可奶茶
2024-05-25,周六,珍珠奶茶,雨,True,False,33,14,462,珍珠奶茶,黑糖珍珠奶茶,keyword,33,14,462,黑糖珍珠奶茶
2024-03-19,周二,珍珠奶茶,多云,False,False,19,14,266,珍珠奶茶,黑糖珍珠奶茶,keyword,19,14,266,黑糖珍珠奶茶
2024-03-14,周四,冰美式,雪,False,False,25,14,350,冰美式,金凤乌龙奶茶,keyword,25,14,350,金凤乌龙奶茶
2024-03-07,周四,水果茶,阴,False,False,32,15,480,水果茶,百香果绿茶,keyword,32,15,480,百香果绿茶
2024-03-07,周四,珍珠奶茶,多云,False,False,25,13,325,珍珠奶茶,黑糖珍珠奶茶,keyword,25,13,325,黑糖珍珠奶茶
2024-05-30,周四,芝士奶盖,多云,False,False,18,20,360,芝士奶盖,芝士奶盖抹茶,keyword,18,20,360,芝士奶盖抹茶
2024-03-23,周六,可可奶茶,阴,True,True,50,14,700,可可奶茶,红丝绒可可奶茶,keyword,50,14,700,红丝绒可可奶茶
2024-04-11,周四,冰美式,雪,False,False,15,17,255,冰美式,金凤乌龙奶茶,keyword,15,17,255,金凤乌龙奶茶
2024-05-10,周五,芝士奶盖,雨,False,False,14,18,252,芝士奶盖,芝士奶盖抹茶,keyword,14,18,252,芝士奶盖抹茶
2024-05-04,周六,杨枝甘露,雪,True,False,39,20,780,杨枝甘露,杨枝甘露奶茶,keyword,39,20,780,杨枝甘露奶茶
2024-03-28,周四,芝士奶盖,雨,False,False,29,18,522,芝士奶盖,芝士奶盖抹茶,keyword,29,18,522,芝士奶盖抹茶
2024-05-11,周六,珍珠奶茶,雨,True,False,38,13,494,珍珠奶茶,黑糖珍珠奶茶,keyword,38,13,494,黑糖珍珠奶茶
2024-05-27,周一,芝士奶盖,晴,False,False,999,14,420,芝士奶盖,芝士奶盖抹茶,keyword,999,14,13986,芝士奶盖抹茶
2024-04-17,周三,可可奶茶,阴,False,True,47,15,705,可可奶茶,红丝绒可可奶茶,keyword,47,15,705,红丝绒可可奶茶
2024-03-13,周三,杨枝甘露,晴,False,False,20,19,380,杨枝甘露,杨枝甘露奶茶,keyword,20,19,380,杨枝甘露奶茶
2024-04-24,周三,芋泥波波,雪,False,False,22,20,440,芋泥波波,芋泥波波奶茶,keyword,22,20,440,芋泥波波奶茶
2024-03-10,周日,杨枝甘露,阴,True,False,25,18,450,杨枝甘露,杨枝甘露奶茶,keyword,25,18,450,杨枝甘露奶茶
2024-04-27,周六,水果茶,雨,True,True,999,18,1062,水果茶,百香果绿茶,keyword,999,18,17982,百香果绿茶
2024-05-19,周日,芋泥波波,晴,True,False,44,15,660,芋泥波波,芋泥波波奶茶,keyword,44,15,660,芋泥波波奶茶
2024-03-04,周一,抹茶拿铁,雪,False,False,21,18,378,抹茶拿铁,芝士奶盖抹茶,keyword,21,18,378,芝士奶盖抹茶
2024-05-21,周二,杨枝甘露,雨,False,False,19,22,418,杨枝甘露,杨枝甘露奶茶,keyword,19,22,418,杨枝甘露奶茶
2024-03-19,周二,芋泥波波,晴,False,False,17,18,306,芋泥波波,芋泥波波奶茶,keyword,17,18,306,芋泥波波奶茶
2024-03-24,周日,柠檬茶,雨,True,True,81,10,810,柠檬茶,百香果绿茶,keyword,81,10,810,百香果绿茶
2024-05-10,周五,抹茶拿铁,雨,False,False,16,11,176,抹茶拿铁,芝士奶盖抹茶,keyword,16,11,176,芝士奶盖抹茶
2024-05-14,周二,抹茶拿铁,雨,False,True,43,11,473,抹茶拿铁,芝士奶盖抹茶,keyword,43,11,473,芝士奶盖抹茶
2024-03-09,周六,柠檬茶,阴,True,False,44,20,880,柠檬茶,百香果绿茶,keyword,44,20,880,百香果绿茶
2024-05-14,周二,杨枝甘露,雨,False,False,23,18,414,杨枝甘露,杨枝甘露奶茶,keyword,23,18,414,杨枝甘露奶茶
2024-03-29,周五,水果茶,雨,False,True,40,17,680,水果茶,百香果绿茶,keyword,40,17,680,百香果绿茶
2024-04-09,周二,抹茶拿铁,多云,False,False,14,14,196,抹茶拿铁,芝士奶盖抹茶,keyword,14,14,196,芝士奶盖抹茶
2024-03-18,周一,可可奶茶,雨,False,False,26,11,286,可可奶茶,红丝绒可可奶茶,keyword,26,11,286,红丝绒可可奶茶
2024-03-03,周日,可可奶茶,晴,True,False,54,16,864,可可奶茶,红丝绒可可奶茶,keyword,54,16,864,红丝绒可可奶茶
2024-03-28,周四,珍珠奶茶,雪,False,False,26,15,390,珍珠奶茶,黑糖珍珠奶茶,keyword,26,15,390,黑糖珍珠奶茶
2024-03-20,周三,芝士奶盖,多云,False,False,31,14,434,芝士奶盖,芝士奶盖抹茶,keyword,31,14,434,芝士奶盖抹茶
2024-05-04,周六,可可奶茶,阴,True,False,27,20,540,可可奶茶,红丝绒可可奶茶,keyword,27,20,540,红丝绒可可奶茶
2024-05-18,周六,杨枝甘露,多云,True,False,43,22,946,杨枝甘露,杨枝甘露奶茶,keyword,43,22,946,杨枝甘露奶茶
2024-05-24,周五,杨枝甘露,雨,False,True,45,18,810,杨枝甘露,杨枝甘露奶茶,keyword,45,18,810,杨枝甘露奶茶
2024-03-30,周六,珍珠奶茶,雪,True,False,36,15,540,珍珠奶茶,黑糖珍珠奶茶,keyword,36,15,540,黑糖珍珠奶茶
2024-04-28,周日,珍珠奶茶,雨,True,True,54,14,756,珍珠奶茶,黑糖珍珠奶茶,keyword,54,14,756,黑糖珍珠奶茶
2024-04-03,周三,冰美式,阴,False,False,20,19,380,冰美式,金凤乌龙奶茶,keyword,20,19,380,金凤乌龙奶茶
2024-03-10,周日,可可奶茶,阴,True,False,36,18,648,可可奶茶,红丝绒可可奶茶,keyword,36,18,648,红丝绒可可奶茶
2024-04-14,周日,抹茶拿铁,雪,True,True,59,12,708,抹茶拿铁,芝士奶盖抹茶,keyword,59,12,708,芝士奶盖抹茶
2024-04-23,周二,芝士奶盖,阴,False,False,20,13,260,芝士奶盖,芝士奶盖抹茶,keyword,20,13,260,芝士奶盖抹茶
2024-05-22,周三,水果茶,多云,False,True,38,12,456,水果茶,百香果绿茶,keyword,38,12,456,百香果绿茶
2024-05-05,周日,珍珠奶茶,多云,True,True,59,15,885,珍珠奶茶,黑糖珍珠奶茶,keyword,59,15,885,黑糖珍珠奶茶
2024-05-12,周日,珍珠奶茶,晴,True,False,43,15,645,珍珠奶茶,黑糖珍珠奶茶,keyword,43,15,645,黑糖珍珠奶茶
2024-03-22,周五,柠檬茶,雪,False,True,44,19,836,柠檬茶,百香果绿茶,keyword,44,19,836,百香果绿茶
2024-04-03,周三,杨枝甘露,阴,False,False,21,19,399,杨枝甘露,杨枝甘露奶茶,keyword,21,19,399,杨枝甘露奶茶
2024-03-17,周日,芋泥波波,多云,True,False,33,20,660,芋泥波波,芋泥波波奶茶,keyword,33,20,660,芋泥波波奶茶
2024-03-20,周三,冰美式,多云,False,False,999,19,418,冰美式,金凤乌龙奶茶,keyword,999,19,18981,金凤乌龙奶茶
2024-05-04,周六,芋泥波波,阴,True,False,36,18,648,芋泥波波,芋泥波波奶茶,keyword,36,18,648,芋泥波波奶茶
2024-05-26,周日,水果茶,阴,True,False,41,18,738,水果茶,百香果绿茶,keyword,41,18,738,百香果绿茶
2024-05-01,周三,水果茶,雪,False,False,30,11,330,水果茶,百香果绿茶,keyword,30,11,330,百香果绿茶
2024-04-02,周二,抹茶拿铁,晴,False,False,25,16,400,抹茶拿铁,芝士奶盖抹茶,keyword,25,16,400,芝士奶盖抹茶
2024-03-01,周五,珍珠奶茶,雪,False,True,36,14,504,珍珠奶茶,黑糖珍珠奶茶,keyword,36,14,504,黑糖珍珠奶茶
2024-03-14,周四,杨枝甘露,雪,False,False,31,21,651,杨枝甘露,杨枝甘露奶茶,keyword,31,21,651,杨枝甘露奶茶
2024-05-11,周六,可可奶茶,雨,True,False,49,15,735,可可奶茶,红丝绒可可奶茶,keyword,49,15,735,红丝绒可可奶茶
2024-04-20,周六,杨枝甘露,多云,True,False,30,18,540,杨枝甘露,杨枝甘露奶茶,keyword,30,18,540,杨枝甘露奶茶
2024-04-21,周日,芝士奶盖,雪,True,False,42,12,504,芝士奶盖,芝士奶盖抹茶,keyword,42,12,504,芝士奶盖抹茶
2024-05-21,周二,珍珠奶茶,多云,False,False,21,15,315,珍珠奶茶,黑糖珍珠奶茶,keyword,21,15,315,黑糖珍珠奶茶
2024-04-03,周三,柠檬茶,晴,False,False,27,16,432,柠檬茶,百香果绿茶,keyword,27,16,432,百香果绿茶
2024-05-24,周五,可可奶茶,多云,False,True,46,18,828,可可奶茶,红丝绒可可奶茶,keyword,46,18,828,红丝绒可可奶茶
2024-05-18,周六,杨枝甘露,雨,True,False,26,19,494,杨枝甘露,杨枝甘露奶茶,keyword,26,19,494,杨枝甘露奶茶
2024-04-05,周五,水果茶,阴,False,False,999,18,432,水果茶,百香果绿茶,keyword,999,18,17982,百香果绿茶
2024-03-09,周六,芋泥波波,雨,True,False,50,19,950,芋泥波波,芋泥波波奶茶,keyword,50,19,950,芋泥波波奶茶
2024-04-05,周五,柠檬茶,阴,False,False,25,10,250,柠檬茶,百香果绿茶,keyword,25,10,250,百香果绿茶
2024-04-22,周一,可可奶茶,雪,False,True,32,11,352,可可奶茶,红丝绒可可奶茶,keyword,32,11,352,红丝绒可可奶茶
2024-04-02,周二,可可奶茶,阴,False,False,27,17,459,可可奶茶,红丝绒可可奶茶,keyword,27,17,459,红丝绒可可奶茶
2024-04-13,周六,抹茶拿铁,雪,True,False,46,11,506,抹茶拿铁,芝士奶盖抹茶,keyword,46,11,506,芝士奶盖抹茶
2024-04-18,周四,柠檬茶,雨,False,False,0,18,648,柠檬茶,百香果绿茶,keyword,1,18,18,百香果绿茶
2024-03-23,周六,抹茶拿铁,雨,True,False,44,14,616,抹茶拿铁,芝士奶盖抹茶,keyword,44,14,616,芝士奶盖抹茶
2024-05-27,周一,柠檬茶,多云,False,False,28,14,392,柠檬茶,百香果绿茶,keyword,28,14,392,百香果绿茶
2024-03-26,周二,柠檬茶,多云,False,False,22,11,242,柠檬茶,百香果绿茶,keyword,22,11,242,百香果绿茶
2024-05-24,周五,抹茶拿铁,雪,False,False,17,15,255,抹茶拿铁,芝士奶盖抹茶,keyword,17,15,255,芝士奶盖抹茶
2024-05-03,周五,冰美式,阴,False,True,40,16,640,冰美式,金凤乌龙奶茶,keyword,40,16,640,金凤乌龙奶茶
2024-05-13,周一,杨枝甘露,雪,False,False,0,22,396,杨枝甘露,杨枝甘露奶茶,keyword,1,22,22,杨枝甘露奶茶
2024-04-20,周六,杨枝甘露,晴,True,False,46,20,920,杨枝甘露,杨枝甘露奶茶,keyword,46,20,920,杨枝甘露奶茶
2024-03-02,周六,柠檬茶,雪,True,True,61,14,854,柠檬茶,百香果绿茶,keyword,61,14,854,百香果绿茶
2024-04-03,周三,柠檬茶,阴,False,False,23,15,345,柠檬茶,百香果绿茶,keyword,23,15,345,百香果绿茶
2024-04-24,周三,柠檬茶,雨,False,False,37,17,629,柠檬茶,百香果绿茶,keyword,37,17,629,百香果绿茶
2024-03-17,周日,冰美式,晴,True,False,35,18,630,冰美式,金凤乌龙奶茶,keyword,35,18,630,金凤乌龙奶茶
2024-04-18,周四,柠檬茶,多云,False,False,14,12,168,柠檬茶,百香果绿茶,keyword,14,12,168,百香果绿茶
2024-03-18,周一,可可奶茶,阴,False,False,-1,19,532,可可奶茶,红丝绒可可奶茶,keyword,1,19,19,红丝绒可可奶茶
2024-05-28,周二,杨枝甘露,多云,False,False,18,18,324,杨枝甘露,杨枝甘露奶茶,keyword,18,18,324,杨枝甘露奶茶
2024-04-14,周日,冰美式,雪,True,False,41,18,738,冰美式,金凤乌龙奶茶,keyword,41,18,738,金凤乌龙奶茶
2024-04-06,周六,芝士奶盖,雪,True,False,42,11,462,芝士奶盖,芝士奶盖抹茶,keyword,42,11,462,芝士奶盖抹茶
2024-04-06,周六,抹茶拿铁,多云,True,False,55,15,825,抹茶拿铁,芝士奶盖抹茶,keyword,55,15,825,芝士奶盖抹茶
2024-05-18,周六,冰美式,晴,True,True,55,15,825,冰美式,金凤乌龙奶茶,keyword,55,15,825,金凤乌龙奶茶
2024-05-06,周一,抹茶拿铁,多云,False,True,35,13,455,抹茶拿铁,芝士奶盖抹茶,keyword,35,13,455,芝士奶盖抹茶
2024-05-29,周三,芋泥波波,多云,False,False,17,11,187,芋泥波波,芋泥波波奶茶,keyword,17,11,187,芋泥波波奶茶
2024-04-30,周二,可可奶茶,晴,False,False,19,11,209,可可奶茶,红丝绒可可奶茶,keyword,19,11,209,红丝绒可可奶茶
2024-05-19,周日,杨枝甘露,阴,True,False,30,20,600,杨枝甘露,杨枝甘露奶茶,keyword,30,20,600,杨枝甘露奶茶
2024-03-17,周日,杨枝甘露,多云,True,True,66,20,1320,杨枝甘露,杨枝甘露奶茶,keyword,66,20,1320,杨枝甘露奶茶
2024-04-29,周一,可可奶茶,雪,False,False,26,12,312,可可奶茶,红丝绒可可奶茶,keyword,26,12,312,红丝绒可可奶茶
2024-04-28,周日,冰美式,雪,True,False,46,14,644,冰美式,金凤乌龙奶茶,keyword,46,14,644,金凤乌龙奶茶
2024-05-01,周三,可可奶茶,晴,False,False,22,16,352,可可奶茶,红丝绒可可奶茶,keyword,22,16,352,红丝绒可可奶茶
2024-04-08,周一,珍珠奶茶,雪,False,False,12,14,168,珍珠奶茶,黑糖珍珠奶茶,keyword,12,14,168,黑糖珍珠奶茶
2024-05-08,周三,珍珠奶茶,阴,False,False,31,14,434,珍珠奶茶,黑糖珍珠奶茶,keyword,31,14,434,黑糖珍珠奶茶
2024-03-01,周五,可可奶茶,多云,False,False,29,16,464,可可奶茶,红丝绒可可奶茶,keyword,29,16,464,红丝绒可可奶茶
2024-03-21,周四,水果茶,多云,False,False,28,20,560,水果茶,百香果绿茶,keyword,28,20,560,百香果绿茶
2024-03-24,周日,杨枝甘露,晴,True,False,43,21,903,杨枝甘露,杨枝甘露奶茶,keyword,43,21,903,杨枝甘露奶茶
2024-05-19,周日,抹茶拿铁,雨,True,True,49,10,490,抹茶拿铁,芝士奶盖抹茶,keyword,49,10,490,芝士奶盖抹茶
2024-03-02,周六,抹茶拿铁,雨,True,False,38,15,570,抹茶拿铁,芝士奶盖抹茶,keyword,38,15,570,芝士奶盖抹茶
2024-03-05,周二,芝士奶盖,多云,False,True,29,18,522,芝士奶盖,芝士奶盖抹茶,keyword,29,18,522,芝士奶盖抹茶
2024-03-05,周二,柠檬茶,晴,False,False,27,17,459,柠檬茶,百香果绿茶,keyword,27,17,459,百香果绿茶
2024-04-09,周二,芝士奶盖,晴,False,False,23,18,414,芝士奶盖,芝士奶盖抹茶,keyword,23,18,414,芝士奶盖抹茶
2024-03-31,周日,水果茶,晴,True,True,58,11,638,水果茶,百香果绿茶,keyword,58,11,638,百香果绿茶
2024-04-01,周一,珍珠奶茶,雪,False,False,18,13,234,珍珠奶茶,黑糖珍珠奶茶,keyword,18,13,234,黑糖珍珠奶茶
2024-03-12,周二,柠檬茶,阴,False,True,39,20,780,柠檬茶,百香果绿茶,keyword,39,20,780,百香果绿茶
2024-04-15,周一,杨枝甘露,多云,False,False,18,22,396,杨枝甘露,杨枝甘露奶茶,keyword,18,22,396,杨枝甘露奶茶
2024-04-14,周日,抹茶拿铁,晴,True,False,36,12,432,抹茶拿铁,芝士奶盖抹茶,keyword,36,12,432,芝士奶盖抹茶
2024-03-06,周三,抹茶拿铁,雪,False,False,31,13,403,抹茶拿铁,芝士奶盖抹茶,keyword,31,13,403,芝士奶盖抹茶
2024-05-09,周四,芝士奶盖,阴,False,False,29,18,522,芝士奶盖,芝士奶盖抹茶,keyword,29,18,522,芝士奶盖抹茶
2024-05-07,周二,杨枝甘露,雨,False,False,32,20,640,杨枝甘露,杨枝甘露奶茶,keyword,32,20,640,杨枝甘露奶茶
2024-05-21,周二,可可奶茶,多云,False,False,31,15,465,可可奶茶,红丝绒可可奶茶,keyword,31,15,465,红丝绒可可奶茶
2024-03-31,周日,芝士奶盖,雪,True,False,30,18,540,芝士奶盖,芝士奶盖抹茶,keyword,30,18,540,芝士奶盖抹茶
2024-05-10,周五,杨枝甘露,雨,False,False,24,18,432,杨枝甘露,杨枝甘露奶茶,keyword,24,18,432,杨枝甘露奶茶
2024-05-24,周五,芋泥波波,多云,False,True,24,11,264,芋泥波波,芋泥波波奶茶,keyword,24,11,264,芋泥波波奶茶
2024-03-13,周三,珍珠奶茶,阴,False,False,-1,14,434,珍珠奶茶,黑糖珍珠奶茶,keyword,1,14,14,黑糖珍珠奶茶
2024-05-17,周五,芋泥波波,多云,False,False,11,17,187,芋泥波波,芋泥波波奶茶,keyword,11,17,187,芋泥波波奶茶
2024-03-08,周五,芝士奶盖,雨,False,False,23,19,437,芝士奶盖,芝士奶盖抹茶,keyword,23,19,437,芝士奶盖抹茶
2024-03-06,周三,芋泥波波,晴,False,False,27,11,297,芋泥波波,芋泥波波奶茶,keyword,27,11,297,芋泥波波奶茶
2024-03-30,周六,可可奶茶,多云,True,True,60,19,1140,可可奶茶,红丝绒可可奶茶,keyword,60,19,1140,红丝绒可可奶茶
2024-03-23,周六,可可奶茶,阴,True,False,52,19,988,可可奶茶,红丝绒可可奶茶,keyword,52,19,988,红丝绒可可奶茶
2024-04-28,周日,水果茶,多云,True,False,36,16,576,水果茶,百香果绿茶,keyword,36,16,576,百香果绿茶
2024-05-24,周五,杨枝甘露,雨,False,False,32,20,640,杨枝甘露,杨枝甘露奶茶,keyword,32,20,640,杨枝甘露奶茶
2024-04-22,周一,水果茶,雪,False,False,28,13,364,水果茶,百香果绿茶,keyword,28,13,364,百香果绿茶
2024-04-06,周六,冰美式,雪,True,True,39,14,546,冰美式,金凤乌龙奶茶,keyword,39,14,546,金凤乌龙奶茶
2024-03-28,周四,芝士奶盖,雨,False,False,18,18,324,芝士奶盖,芝士奶盖抹茶,keyword,18,18,324,芝士奶盖抹茶
2024-05-13,周一,杨枝甘露,晴,False,False,15,19,285,杨枝甘露,杨枝甘露奶茶,keyword,15,19,285,杨枝甘露奶茶
2024-05-14,周二,柠檬茶,雨,False,True,51,13,663,柠檬茶,百香果绿茶,keyword,51,13,663,百香果绿茶
2024-04-11,周四,抹茶拿铁,阴,False,False,24,11,264,抹茶拿铁,芝士奶盖抹茶,keyword,24,11,264,芝士奶盖抹茶
2024-04-08,周一,珍珠奶茶,晴,False,False,27,14,378,珍珠奶茶,黑糖珍珠奶茶,keyword,27,14,378,黑糖珍珠奶茶
2024-04-25,周四,水果茶,多云,False,False,22,10,220,水果茶,百香果绿茶,keyword,22,10,220,百香果绿茶
2024-05-20,周一,水果茶,雨,False,False,16,18,288,水果茶,百香果绿茶,keyword,16,18,288,百香果绿茶
2024-04-11,周四,可可奶茶,多云,False,True,40,19,760,可可奶茶,红丝绒可可奶茶,keyword,40,19,760,红丝绒可可奶茶
2024-03-12,周二,柠檬茶,雨,False,True,50,17,850,柠檬茶,百香果绿茶,keyword,50,17,850,百香果绿茶
2024-03-07,周四,可可奶茶,雨,False,True,46,12,552,可可奶茶,红丝绒可可奶茶,keyword,46,12,552,红丝绒可可奶茶
2024-05-01,周三,可可奶茶,阴,False,False,25,13,325,可可奶茶,红丝绒可可奶茶,keyword,25,13,325,红丝绒可可奶茶
2024-05-07,周二,柠檬茶,晴,False,False,23,15,345,柠檬茶,百香果绿茶,keyword,23,15,345,百香果绿茶
2024-05-13,周一,芋泥波波,阴,False,False,18,13,234,芋泥波波,芋泥波波奶茶,keyword,18,13,234,芋泥波波奶茶
2024-05-16,周四,珍珠奶茶,多云,False,False,28,15,420,珍珠奶茶,黑糖珍珠奶茶,keyword,28,15,420,黑糖珍珠奶茶
2024-04-26,周五,珍珠奶茶,多云,False,False,19,12,228,珍珠奶茶,黑糖珍珠奶茶,keyword,19,12,228,黑糖珍珠奶茶
2024-03-07,周四,柠檬茶,雨,False,False,20,14,280,柠檬茶,百香果绿茶,keyword,20,14,280,百香果绿茶
2024-03-03,周日,芝士奶盖,雪,True,False,39,18,702,芝士奶盖,芝士奶盖抹茶,keyword,39,18,702,芝士奶盖抹茶
2024-05-10,周五,抹茶拿铁,晴,False,False,-1,18,432,抹茶拿铁,芝士奶盖抹茶,keyword,1,18,18,芝士奶盖抹茶
2024-03-09,周六,水果茶,雨,True,False,33,14,462,水果茶,百香果绿茶,keyword,33,14,462,百香果绿茶
2024-05-23,周四,水果茶,阴,False,False,18,15,270,水果茶,百香果绿茶,keyword,18,15,270,百香果绿茶
2024-05-16,周四,可可奶茶,多云,False,True,999,10,370,可可奶茶,红丝绒可可奶茶,keyword,999,10,9990,红丝绒可可奶茶
2024-04-09,周二,芝士奶盖,阴,False,False,25,15,375,芝士奶盖,芝士奶盖抹茶,keyword,25,15,375,芝士奶盖抹茶
2024-04-19,周五,珍珠奶茶,多云,False,True,44,13,572,珍珠奶茶,黑糖珍珠奶茶,keyword,44,13,572,黑糖珍珠奶茶
2024-04-18,周四,可可奶茶,阴,False,False,19,16,304,可可奶茶,红丝绒可可奶茶,keyword,19,16,304,红丝绒可可奶茶
2024-05-17,周五,芝士奶盖,雪,False,True,46,19,874,芝士奶盖,芝士奶盖抹茶,keyword,46,19,874,芝士奶盖抹茶
2024-03-26,周二,杨枝甘露,雪,False,False,25,19,475,杨枝甘露,杨枝甘露奶茶,keyword,25,19,475,杨枝甘露奶茶
2024-05-12,周日,杨枝甘露,晴,True,False,36,19,684,杨枝甘露,杨枝甘露奶茶,keyword,36,19,684,杨枝甘露奶茶
2024-03-19,周二,珍珠奶茶,阴,False,False,24,15,360,珍珠奶茶,黑糖珍珠奶茶,keyword,24,15,360,黑糖珍珠奶茶
2024-05-17,周五,冰美式,雪,False,False,27,10,270,冰美式,金凤乌龙奶茶,keyword,27,10,270,金凤乌龙奶茶
2024-05-28,周二,抹茶拿铁,雪,False,False,21,20,420,抹茶拿铁,芝士奶盖抹茶,keyword,21,20,420,芝士奶盖抹茶
2024-04-19,周五,抹茶拿铁,多云,False,True,38,16,608,抹茶拿铁,芝士奶盖抹茶,keyword,38,16,608,芝士奶盖抹茶
2024-04-26,周五,冰美式,雨,False,False,28,16,448,冰美式,金凤乌龙奶茶,keyword,28,16,448,金凤乌龙奶茶
2024-03-06,周三,冰美式,雨,False,False,31,19,589,冰美式,金凤乌龙奶茶,keyword,31,19,589,金凤乌龙奶茶
2024-05-22,周三,珍珠奶茶,阴,False,False,13,13,169,珍珠奶茶,黑糖珍珠奶茶,keyword,13,13,169,黑糖珍珠奶茶
2024-04-20,周六,珍珠奶茶,阴,True,False,52,12,624,珍珠奶茶,黑糖珍珠奶茶,keyword,52,12,624,黑糖珍珠奶茶
2024-04-26,周五,水果茶,雨,False,False,25,14,350,水果茶,百香果绿茶,keyword,25,14,350,百香果绿茶
2024-03-07,周四,可可奶茶,阴,False,False,21,11,231,可可奶茶,红丝绒可可奶茶,keyword,21,11,231,红丝绒可可奶茶
2024-03-15,周五,杨枝甘露,阴,False,False,21,18,378,杨枝甘露,杨枝甘露奶茶,keyword,21,18,378,杨枝甘露奶茶
2024-05-15,周三,柠檬茶,晴,False,False,34,12,408,柠檬茶,百香果绿茶,keyword,34,12,408,百香果绿茶
2024-03-16,周六,芋泥波波,阴,True,False,29,18,522,芋泥波波,芋泥波波奶茶,keyword,29,18,522,芋泥波波奶茶
2024-05-05,周日,冰美式,阴,True,False,30,12,360,冰美式,金凤乌龙奶茶,keyword,30,12,360,金凤乌龙奶茶
2024-05-12,周日,杨枝甘露,多云,True,True,46,20,920,杨枝甘露,杨枝甘露奶茶,keyword,46,20,920,杨枝甘露奶茶
2024-04-02,周二,珍珠奶茶,阴,False,False,32,12,384,珍珠奶茶,黑糖珍珠奶茶,keyword,32,12,384,黑糖珍珠奶茶
2024-05-03,周五,柠檬茶,雪,False,False,23,16,368,柠檬茶,百香果绿茶,keyword,23,16,368,百香果绿茶
2024-05-16,周四,冰美式,多云,False,False,14,19,266,冰美式,金凤乌龙奶茶,keyword,14,19,266,金凤乌龙奶茶
2024-03-27,周三,珍珠奶茶,多云,False,True,30,13,390,珍珠奶茶,黑糖珍珠奶茶,keyword,30,13,390,黑糖珍珠奶茶
2024-05-25,周六,冰美式,雨,True,False,45,10,450,冰美式,金凤乌龙奶茶,keyword,45,10,450,金凤乌龙奶茶
2024-03-23,周六,杨枝甘露,雪,True,False,43,22,946,杨枝甘露,杨枝甘露奶茶,keyword,43,22,946,杨枝甘露奶茶
2024-03-23,周六,抹茶拿铁,雨,True,False,44,14,616,抹茶拿铁,芝士奶盖抹茶,keyword,44,14,616,芝士奶盖抹茶
2024-04-18,周四,芋泥波波,雪,False,True,42,11,462,芋泥波波,芋泥波波奶茶,keyword,42,11,462,芋泥波波奶茶
2024-04-05,周五,芝士奶盖,雪,False,False,26,19,494,芝士奶盖,芝士奶盖抹茶,keyword,26,19,494,芝士奶盖抹茶
2024-05-13,周一,可可奶茶,阴,False,False,21,14,294,可可奶茶,红丝绒可可奶茶,keyword,21,14,294,红丝绒可可奶茶
2024-05-03,周五,抹茶拿铁,雪,False,False,-1,13,247,抹茶拿铁,芝士奶盖抹茶,keyword,1,13,13,芝士奶盖抹茶
2024-04-29,周一,芋泥波波,雪,False,False,22,10,220,芋泥波波,芋泥波波奶茶,keyword,22,10,220,芋泥波波奶茶
2024-05-11,周六,柠檬茶,多云,True,False,29,11,319,柠檬茶,百香果绿茶,keyword,29,11,319,百香果绿茶
2024-05-04,周六,可可奶茶,晴,True,True,55,16,880,可可奶茶,红丝绒可可奶茶,keyword,55,16,880,红丝绒可可奶茶
2024-05-18,周六,珍珠奶茶,多云,True,False,35,15,525,珍珠奶茶,黑糖珍珠奶茶,keyword,35,15,525,黑糖珍珠奶茶
2024-03-05,周二,杨枝甘露,多云,False,False,33,20,660,杨枝甘露,杨枝甘露奶茶,keyword,33,20,660,杨枝甘露奶茶
2024-04-22,周一,珍珠奶茶,雪,False,False,24,12,288,珍珠奶茶,黑糖珍珠奶茶,keyword,24,12,288,黑糖珍珠奶茶
2024-05-27,周一,芝士奶盖,晴,False,False,25,10,250,芝士奶盖,芝士奶盖抹茶,keyword,25,10,250,芝士奶盖抹茶
2024-04-18,周四,可可奶茶,雪,False,False,17,19,323,可可奶茶,红丝绒可可奶茶,keyword,17,19,323,红丝绒可可奶茶
2024-04-09,周二,芝士奶盖,雨,False,False,18,13,234,芝士奶盖,芝士奶盖抹茶,keyword,18,13,234,芝士奶盖抹茶
2024-04-08,周一,柠檬茶,多云,False,True,32,11,352,柠檬茶,百香果绿茶,keyword,32,11,352,百香果绿茶
2024-03-04,周一,抹茶拿铁,多云,False,False,21,18,378,抹茶拿铁,芝士奶盖抹茶,keyword,21,18,378,芝士奶盖抹茶
2024-04-11,周四,杨枝甘露,雪,False,False,15,19,285,杨枝甘露,杨枝甘露奶茶,keyword,15,19,285,杨枝甘露奶茶
2024-04-28,周日,水果茶,晴,True,True,61,19,1159,水果茶,百香果绿茶,keyword,61,19,1159,百香果绿茶
2024-04-12,周五,抹茶拿铁,晴,False,False,0,14,294,抹茶拿铁,芝士奶盖抹茶,keyword,1,14,14,芝士奶盖抹茶
2024-05-21,周二,柠檬茶,多云,False,True,42,15,630,柠檬茶,百香果绿茶,keyword,42,15,630,百香果绿茶
2024-05-25,周六,芋泥波波,多云,True,True,44,19,836,芋泥波波,芋泥波波奶茶,keyword,44,19,836,芋泥波波奶茶
2024-03-14,周四,柠檬茶,雪,False,False,23,14,322,柠檬茶,百香果绿茶,keyword,23,14,322,百香果绿茶
2024-03-22,周五,芋泥波波,雪,False,False,27,17,459,芋泥波波,芋泥波波奶茶,keyword,27,17,459,芋泥波波奶茶
2024-03-04,周一,抹茶拿铁,晴,False,False,12,16,192,抹茶拿铁,芝士奶盖抹茶,keyword,12,16,192,芝士奶盖抹茶
2024-05-30,周四,冰美式,雪,False,False,29,13,377,冰美式,金凤乌龙奶茶,keyword,29,13,377,金凤乌龙奶茶
2024-05-25,周六,可可奶茶,阴,True,False,28,17,476,可可奶茶,红丝绒可可奶茶,keyword,28,17,476,红丝绒可可奶茶
2024-04-09,周二,抹茶拿铁,多云,False,False,27,19,513,抹茶拿铁,芝士奶盖抹茶,keyword,27,19,513,芝士奶盖抹茶
2024-04-16,周二,水果茶,雨,False,False,20,17,340,水果茶,百香果绿茶,keyword,20,17,340,百香果绿茶
2024-03-09,周六,抹茶拿铁,雨,True,False,30,14,420,抹茶拿铁,芝士奶盖抹茶,keyword,30,14,420,芝士奶盖抹茶
2024-05-17,周五,冰美式,雪,False,True,30,18,540,冰美式,金凤乌龙奶茶,keyword,30,18,540,金凤乌龙奶茶
2024-04-08,周一,可可奶茶,阴,False,False,27,19,513,可可奶茶,红丝绒可可奶茶,keyword,27,19,513,红丝绒可可奶茶
2024-03-21,周四,抹茶拿铁,晴,False,False,31,16,496,抹茶拿铁,芝士奶盖抹茶,keyword,31,16,496,芝士奶盖抹茶
2024-04-25,周四,冰美式,雪,False,False,22,20,440,冰美式,金凤乌龙奶茶,keyword,22,20,440,金凤乌龙奶茶
2024-05-31,周五,冰美式,晴,False,False,32,15,480,冰美式,金凤乌龙奶茶,keyword,32,15,480,金凤乌龙奶茶
2024-04-26,周五,杨枝甘露,阴,False,True,40,22,880,杨枝甘露,杨枝甘露奶茶,keyword,40,22,880,杨枝甘露奶茶
2024-04-18,周四,芝士奶盖,晴,False,True,46,20,920,芝士奶盖,芝士奶盖抹茶,keyword,46,20,920,芝士奶盖抹茶
2024-03-19,周二,杨枝甘露,雪,False,False,33,22,726,杨枝甘露,杨枝甘露奶茶,keyword,33,22,726,杨枝甘露奶茶
2024-03-27,周三,芝士奶盖,雪,False,False,29,14,406,芝士奶盖,芝士奶盖抹茶,keyword,29,14,406,芝士奶盖抹茶
2024-04-25,周四,芝士奶盖,雪,False,True,36,12,432,芝士奶盖,芝士奶盖抹茶,keyword,36,12,432,芝士奶盖抹茶
2024-03-08,周五,芝士奶盖,晴,False,False,16,11,176,芝士奶盖,芝士奶盖抹茶,keyword,16,11,176,芝士奶盖抹茶
2024-03-04,周一,柠檬茶,雪,False,False,28,16,448,柠檬茶,百香果绿茶,keyword,28,16,448,百香果绿茶
2024-04-25,周四,可可奶茶,多云,False,False,19,18,342,可可奶茶,红丝绒可可奶茶,keyword,19,18,342,红丝绒可可奶茶
2024-04-16,周二,水果茶,雨,False,False,24,12,288,水果茶,百香果绿茶,keyword,24,12,288,百香果绿茶
2024-03-10,周日,珍珠奶茶,阴,True,False,31,12,372,珍珠奶茶,黑糖珍珠奶茶,keyword,31,12,372,黑糖珍珠奶茶
2024-04-23,周二,抹茶拿铁,雪,False,True,47,18,846,抹茶拿铁,芝士奶盖抹茶,keyword,47,18,846,芝士奶盖抹茶
2024-04-19,周五,芝士奶盖,多云,False,False,17,19,323,芝士奶盖,芝士奶盖抹茶,keyword,17,19,323,芝士奶盖抹茶
2024-03-31,周日,可可奶茶,阴,True,False,-1,15,630,可可奶茶,红丝绒可可奶茶,keyword,1,15,15,红丝绒可可奶茶
2024-05-12,周日,抹茶拿铁,晴,True,False,37,12,444,抹茶拿铁,芝士奶盖抹茶,keyword,37,12,444,芝士奶盖抹茶
2024-05-24,周五,芋泥波波,雪,False,True,42,10,420,芋泥波波,芋泥波波奶茶,keyword,42,10,420,芋泥波波奶茶
2024-05-05,周日,抹茶拿铁,雨,True,False,47,14,658,抹茶拿铁,芝士奶盖抹茶,keyword,47,14,658,芝士奶盖抹茶
2024-05-28,周二,冰美式,雪,False,False,29,17,493,冰美式,金凤乌龙奶茶,keyword,29,17,493,金凤乌龙奶茶
2024-05-13,周一,珍珠奶茶,雪,False,True,37,13,481,珍珠奶茶,黑糖珍珠奶茶,keyword,37,13,481,黑糖珍珠奶茶
2024-05-17,周五,杨枝甘露,阴,False,False,16,20,320,杨枝甘露,杨枝甘露奶茶,keyword,16,20,320,杨枝甘露奶茶
2024-03-31,周日,抹茶拿铁,雪,True,False,35,11,385,抹茶拿铁,芝士奶盖抹茶,keyword,35,11,385,芝士奶盖抹茶
2024-05-16,周四,杨枝甘露,阴,False,False,28,21,588,杨枝甘露,杨枝甘露奶茶,keyword,28,21,588,杨枝甘露奶茶
2024-03-22,周五,柠檬茶,晴,False,False,22,10,220,柠檬茶,百香果绿茶,keyword,22,10,220,百香果绿茶
2024-04-21,周日,抹茶拿铁,阴,True,False,42,13,546,抹茶拿铁,芝士奶盖抹茶,keyword,42,13,546,芝士奶盖抹茶
2024-05-30,周四,水果茶,雨,False,True,41,14,574,水果茶,百香果绿茶,keyword,41,14,574,百香果绿茶
2024-04-27,周六,水果茶,雪,True,False,35,11,385,水果茶,百香果绿茶,keyword,35,11,385,百香果绿茶
2024-05-21,周二,芝士奶盖,雪,False,False,27,15,405,芝士奶盖,芝士奶盖抹茶,keyword,27,15,405,芝士奶盖抹茶
2024-03-25,周一,可可奶茶,多云,False,False,-1,20,400,可可奶茶,红丝绒可可奶茶,keyword,1,20,20,红丝绒可可奶茶
2024-03-02,周六,水果茶,雪,True,True,50,13,650,水果茶,百香果绿茶,keyword,50,13,650,百香果绿茶
2024-04-02,周二,柠檬茶,晴,False,False,11,19,209,柠檬茶,百香果绿茶,keyword,11,19,209,百香果绿茶
2024-03-28,周四,冰美式,晴,False,True,34,16,544,冰美式,金凤乌龙奶茶,keyword,34,16,544,金凤乌龙奶茶
2024-05-22,周三,冰美式,晴,False,False,19,14,266,冰美式,金凤乌龙奶茶,keyword,19,14,266,金凤乌龙奶茶
2024-03-10,周日,抹茶拿铁,阴,True,False,43,15,645,抹茶拿铁,芝士奶盖抹茶,keyword,43,15,645,芝士奶盖抹茶
2024-04-03,周三,杨枝甘露,晴,False,False,27,22,594,杨枝甘露,杨枝甘露奶茶,keyword,27,22,594,杨枝甘露奶茶
2024-05-22,周三,抹茶拿铁,多云,False,False,19,13,247,抹茶拿铁,芝士奶盖抹茶,keyword,19,13,247,芝士奶盖抹茶
2024-03-14,周四,抹茶拿铁,晴,False,True,38,14,532,抹茶拿铁,芝士奶盖抹茶,keyword,38,14,532,芝士奶盖抹茶
2024-03-03,周日,抹茶拿铁,晴,True,False,39,16,624,抹茶拿铁,芝士奶盖抹茶,keyword,39,16,624,芝士奶盖抹茶
2024-05-29,周三,芝士奶盖,雪,False,True,46,16,736,芝士奶盖,芝士奶盖抹茶,keyword,46,16,736,芝士奶盖抹茶
2024-03-09,周六,可可奶茶,晴,True,False,39,11,429,可可奶茶,红丝绒可可奶茶,keyword,39,11,429,红丝绒可可奶茶
2024-04-15,周一,芝士奶盖,阴,False,True,40,15,600,芝士奶盖,芝士奶盖抹茶,keyword,40,15,600,芝士奶盖抹茶
2024-04-13,周六,芋泥波波,雨,True,False,0,18,738,芋泥波波,芋泥波波奶茶,keyword,1,18,18,芋泥波波奶茶
2024-05-24,周五,柠檬茶,阴,False,False,29,15,435,柠檬茶,百香果绿茶,keyword,29,15,435,百香果绿茶
2024-05-20,周一,抹茶拿铁,多云,False,True,35,13,455,抹茶拿铁,芝士奶盖抹茶,keyword,35,13,455,芝士奶盖抹茶
2024-03-09,周六,可可奶茶,雨,True,False,-1,10,520,可可奶茶,红丝绒可可奶茶,keyword,1,10,10,红丝绒可可奶茶
2024-04-13,周六,珍珠奶茶,晴,True,False,47,15,705,珍珠奶茶,黑糖珍珠奶茶,keyword,47,15,705,黑糖珍珠奶茶
2024-05-08,周三,杨枝甘露,晴,False,True,36,18,648,杨枝甘露,杨枝甘露奶茶,keyword,36,18,648,杨枝甘露奶茶
2024-05-19,周日,珍珠奶茶,多云,True,True,52,14,728,珍珠奶茶,黑糖珍珠奶茶,keyword,52,14,728,黑糖珍珠奶茶
2024-03-13,周三,抹茶拿铁,雪,False,True,27,17,459,抹茶拿铁,芝士奶盖抹茶,keyword,27,17,459,芝士奶盖抹茶
2024-05-18,周六,柠檬茶,多云,True,False,37,16,592,柠檬茶,百香果绿茶,keyword,37,16,592,百香果绿茶
2024-05-27,周一,冰美式,雨,False,False,17,10,170,冰美式,金凤乌龙奶茶,keyword,17,10,170,金凤乌龙奶茶
2024-04-12,周五,芋泥波波,雨,False,True,31,15,465,芋泥波波,芋泥波波奶茶,keyword,31,15,465,芋泥波波奶茶
2024-04-26,周五,柠檬茶,多云,False,True,40,16,640,柠檬茶,百香果绿茶,keyword,40,16,640,百香果绿茶
2024-03-03,周日,抹茶拿铁,晴,True,True,48,19,912,抹茶拿铁,芝士奶盖抹茶,keyword,48,19,912,芝士奶盖抹茶
2024-04-23,周二,抹茶拿铁,多云,False,True,36,17,612,抹茶拿铁,芝士奶盖抹茶,keyword,36,17,612,芝士奶盖抹茶
2024-03-23,周六,冰美式,雪,True,True,52,11,572,冰美式,金凤乌龙奶茶,keyword,52,11,572,金凤乌龙奶茶
2024-04-08,周一,芝士奶盖,晴,False,False,26,11,286,芝士奶盖,芝士奶盖抹茶,keyword,26,11,286,芝士奶盖抹茶
2024-03-13,周三,冰美式,雪,False,False,28,20,560,冰美式,金凤乌龙奶茶,keyword,28,20,560,金凤乌龙奶茶
2024-04-05,周五,珍珠奶茶,晴,False,False,26,15,390,珍珠奶茶,黑糖珍珠奶茶,keyword,26,15,390,黑糖珍珠奶茶
2024-03-21,周四,珍珠奶茶,雨,False,False,17,14,238,珍珠奶茶,黑糖珍珠奶茶,keyword,17,14,238,黑糖珍珠奶茶
2024-04-28,周日,珍珠奶茶,晴,True,False,30,13,390,珍珠奶茶,黑糖珍珠奶茶,keyword,30,13,390,黑糖珍珠奶茶
2024-05-02,周四,可可奶茶,晴,False,False,20,19,380,可可奶茶,红丝绒可可奶茶,keyword,20,19,380,红丝绒可可奶茶
2024-04-23,周二,柠檬茶,多云,False,False,25,13,325,柠檬茶,百香果绿茶,keyword,25,13,325,百香果绿茶
2024-04-22,周一,柠檬茶,多云,False,True,48,10,480,柠檬茶,百香果绿茶,keyword,48,10,480,百香果绿茶
2024-03-19,周二,柠檬茶,多云,False,False,26,17,442,柠檬茶,百香果绿茶,keyword,26,17,442,百香果绿茶
2024-05-20,周一,芝士奶盖,多云,False,False,18,19,342,芝士奶盖,芝士奶盖抹茶,keyword,18,19,342,芝士奶盖抹茶
2024-03-18,周一,芋泥波波,阴,False,False,29,13,377,芋泥波波,芋泥波波奶茶,keyword,29,13,377,芋泥波波奶茶
2024-05-17,周五,杨枝甘露,雪,False,False,18,18,324,杨枝甘露,杨枝甘露奶茶,keyword,18,18,324,杨枝甘露奶茶
2024-05-06,周一,抹茶拿铁,雪,False,False,0,14,322,抹茶拿铁,芝士奶盖抹茶,keyword,1,14,14,芝士奶盖抹茶
2024-04-01,周一,柠檬茶,阴,False,False,29,12,348,柠檬茶,百香果绿茶,keyword,29,12,348,百香果绿茶
2024-03-01,周五,水果茶,晴,False,False,19,10,190,水果茶,百香果绿茶,keyword,19,10,190,百香果绿茶
2024-04-20,周六,抹茶拿铁,阴,True,False,29,18,522,抹茶拿铁,芝士奶盖抹茶,keyword,29,18,522,芝士奶盖抹茶
2024-05-28,周二,水果茶,多云,False,False,19,20,380,水果茶,百香果绿茶,keyword,19,20,380,百香果绿茶
2024-03-03,周日,抹茶拿铁,多云,True,False,0,19,817,抹茶拿铁,芝士奶盖抹茶,keyword,1,19,19,芝士奶盖抹茶
2024-04-29,周一,杨枝甘露,多云,False,False,27,21,567,杨枝甘露,杨枝甘露奶茶,keyword,27,21,567,杨枝甘露奶茶
2024-03-01,周五,芋泥波波,雨,False,False,26,16,416,芋泥波波,芋泥波波奶茶,keyword,26,16,416,芋泥波波奶茶
2024-05-29,周三,冰美式,晴,False,False,21,10,210,冰美式,金凤乌龙奶茶,keyword,21,10,210,金凤乌龙奶茶
2024-05-26,周日,芝士奶盖,晴,True,False,0,19,627,芝士奶盖,芝士奶盖抹茶,keyword,1,19,19,芝士奶盖抹茶
2024-03-23,周六,可可奶茶,雪,True,False,30,12,360,可可奶茶,红丝绒可可奶茶,keyword,30,12,360,红丝绒可可奶茶
2024-03-31,周日,可可奶茶,阴,True,False,37,13,481,可可奶茶,红丝绒可可奶茶,keyword,37,13,481,红丝绒可可奶茶
2024-03-29,周五,芝士奶盖,雨,False,False,27,14,378,芝士奶盖,芝士奶盖抹茶,keyword,27,14,378,芝士奶盖抹茶
2024-04-17,周三,芝士奶盖,阴,False,False,25,17,425,芝士奶盖,芝士奶盖抹茶,keyword,25,17,425,芝士奶盖抹茶
2024-05-26,周日,可可奶茶,阴,True,False,44,11,484,可可奶茶,红丝绒可可奶茶,keyword,44,11,484,红丝绒可可奶茶
2024-04-28,周日,芋泥波波,阴,True,False,31,11,341,芋泥波波,芋泥波波奶茶,keyword,31,11,341,芋泥波波奶茶
2024-04-05,周五,芋泥波波,阴,False,True,0,20,700,芋泥波波,芋泥波波奶茶,keyword,1,20,20,芋泥波波奶茶
2024-05-27,周一,可可奶茶,阴,False,False,-1,20,420,可可奶茶,红丝绒可可奶茶,keyword,1,20,20,红丝绒可可奶茶
2024-03-09,周六,珍珠奶茶,雪,True,False,38,14,532,珍珠奶茶,黑糖珍珠奶茶,keyword,38,14,532,黑糖珍珠奶茶
2024-04-11,周四,抹茶拿铁,阴,False,False,26,14,364,抹茶拿铁,芝士奶盖抹茶,keyword,26,14,364,芝士奶盖抹茶
2024-04-03,周三,柠檬茶,雨,False,False,34,12,408,柠檬茶,百香果绿茶,keyword,34,12,408,百香果绿茶
2024-04-28,周日,杨枝甘露,多云,True,False,48,19,912,杨枝甘露,杨枝甘露奶茶,keyword,48,19,912,杨枝甘露奶茶
2024-05-30,周四,杨枝甘露,多云,False,True,39,19,741,杨枝甘露,杨枝甘露奶茶,keyword,39,19,741,杨枝甘露奶茶
2024-04-17,周三,杨枝甘露,雪,False,False,26,20,520,杨枝甘露,杨枝甘露奶茶,keyword,26,20,520,杨枝甘露奶茶
2024-03-19,周二,芝士奶盖,雪,False,False,32,14,448,芝士奶盖,芝士奶盖抹茶,keyword,32,14,448,芝士奶盖抹茶
2024-03-04,周一,水果茶,多云,False,False,999,12,360,水果茶,百香果绿茶,keyword,999,12,11988,百香果绿茶
2024-05-09,周四,可可奶茶,雨,False,False,24,19,456,可可奶茶,红丝绒可可奶茶,keyword,24,19,456,红丝绒可可奶茶
2024-05-12,周日,抹茶拿铁,晴,True,False,35,12,420,抹茶拿铁,芝士奶盖抹茶,keyword,35,12,420,芝士奶盖抹茶
2024-04-11,周四,珍珠奶茶,雪,False,False,999,13,260,珍珠奶茶,黑糖珍珠奶茶,keyword,999,13,12987,黑糖珍珠奶茶
2024-04-27,周六,芋泥波波,阴,True,True,65,19,1235,芋泥波波,芋泥波波奶茶,keyword,65,19,1235,芋泥波波奶茶
2024-03-08,周五,芝士奶盖,多云,False,False,28,15,420,芝士奶盖,芝士奶盖抹茶,keyword,28,15,420,芝士奶盖抹茶
2024-04-26,周五,水果茶,雨,False,True,46,12,552,水果茶,百香果绿茶,keyword,46,12,552,百香果绿茶
2024-05-16,周四,芋泥波波,多云,False,False,22,15,330,芋泥波波,芋泥波波奶茶,keyword,22,15,330,芋泥波波奶茶
2024-05-15,周三,水果茶,晴,False,False,16,16,256,水果茶,百香果绿茶,keyword,16,16,256,百香果绿茶
2024-04-29,周一,冰美式,多云,False,True,34,18,612,冰美式,金凤乌龙奶茶,keyword,34,18,612,金凤乌龙奶茶
2024-04-08,周一,冰美式,阴,False,False,-1,13,338,冰美式,金凤乌龙奶茶,keyword,1,13,13,金凤乌龙奶茶
2024-05-28,周二,柠檬茶,晴,False,False,17,11,187,柠檬茶,百香果绿茶,keyword,17,11,187,百香果绿茶
2024-04-16,周二,冰美式,雪,False,False,29,20,580,冰美式,金凤乌龙奶茶,keyword,29,20,580,金凤乌龙奶茶
2024-05-28,周二,芋泥波波,雪,False,False,21,14,294,芋泥波波,芋泥波波奶茶,keyword,21,14,294,芋泥波波奶茶
2024-03-08,周五,杨枝甘露,阴,False,False,22,20,440,杨枝甘露,杨枝甘露奶茶,keyword,22,20,440,杨枝甘露奶茶
2024-04-04,周四,芝士奶盖,雨,False,True,45,20,900,芝士奶盖,芝士奶盖抹茶,keyword,45,20,900,芝士奶盖抹茶
2024-05-05,周日,柠檬茶,多云,True,False,54,12,648,柠檬茶,百香果绿茶,keyword,54,12,648,百香果绿茶
2024-04-06,周六,芝士奶盖,阴,True,False,42,11,462,芝士奶盖,芝士奶盖抹茶,keyword,42,11,462,芝士奶盖抹茶
2024-05-04,周六,柠檬茶,雪,True,False,39,18,702,柠檬茶,百香果绿茶,keyword,39,18,702,百香果绿茶
2024-05-29,周三,芋泥波波,阴,False,False,24,12,288,芋泥波波,芋泥波波奶茶,keyword,24,12,288,芋泥波波奶茶
2024-05-01,周三,芝士奶盖,雨,False,True,45,18,810,芝士奶盖,芝士奶盖抹茶,keyword,45,18,810,芝士奶盖抹茶
2024-04-13,周六,杨枝甘露,晴,True,False,35,19,665,杨枝甘露,杨枝甘露奶茶,keyword,35,19,665,杨枝甘露奶茶
2024-05-28,周二,杨枝甘露,雨,False,True,30,21,630,杨枝甘露,杨枝甘露奶茶,keyword,30,21,630,杨枝甘露奶茶
2024-03-15,周五,芋泥波波,阴,False,False,10,13,130,芋泥波波,芋泥波波奶茶,keyword,10,13,130,芋泥波波奶茶
2024-05-24,周五,可可奶茶,阴,False,True,25,11,275,可可奶茶,红丝绒可可奶茶,keyword,25,11,275,红丝绒可可奶茶
2024-03-02,周六,芋泥波波,雪,True,False,31,12,372,芋泥波波,芋泥波波奶茶,keyword,31,12,372,芋泥波波奶茶
2024-03-04,周一,芋泥波波,雨,False,False,19,15,285,芋泥波波,芋泥波波奶茶,keyword,19,15,285,芋泥波波奶茶
2024-05-04,周六,冰美式,雪,True,False,33,19,627,冰美式,金凤乌龙奶茶,keyword,33,19,627,金凤乌龙奶茶
2024-05-07,周二,柠檬茶,雨,False,False,31,10,310,柠檬茶,百香果绿茶,keyword,31,10,310,百香果绿茶
2024-03-13,周三,柠檬茶,雨,False,True,60,12,720,柠檬茶,百香果绿茶,keyword,60,12,720,百香果绿茶
2024-04-18,周四,水果茶,雪,False,False,17,15,255,水果茶,百香果绿茶,keyword,17,15,255,百香果绿茶
2024-03-15,周五,可可奶茶,阴,False,False,18,18,324,可可奶茶,红丝绒可可奶茶,keyword,18,18,324,红丝绒可可奶茶
2024-03-11,周一,芝士奶盖,晴,False,False,32,19,608,芝士奶盖,芝士奶盖抹茶,keyword,32,19,608,芝士奶盖抹茶
2024-05-27,周一,抹茶拿铁,雪,False,False,23,13,299,抹茶拿铁,芝士奶盖抹茶,keyword,23,13,299,芝士奶盖抹茶
2024-04-30,周二,芝士奶盖,晴,False,False,22,20,440,芝士奶盖,芝士奶盖抹茶,keyword,22,20,440,芝士奶盖抹茶
2024-04-26,周五,可可奶茶,晴,False,True,37,11,407,可可奶茶,红丝绒可可奶茶,keyword,37,11,407,红丝绒可可奶茶
2024-03-22,周五,芋泥波波,多云,False,False,30,16,480,芋泥波波,芋泥波波奶茶,keyword,30,16,480,芋泥波波奶茶
2024-04-24,周三,抹茶拿铁,雪,False,False,28,16,448,抹茶拿铁,芝士奶盖抹茶,keyword,28,16,448,芝士奶盖抹茶
2024-05-25,周六,冰美式,阴,True,False,39,17,663,冰美式,金凤乌龙奶茶,keyword,39,17,663,金凤乌龙奶茶
2024-04-02,周二,抹茶拿铁,多云,False,False,27,10,270,抹茶拿铁,芝士奶盖抹茶,keyword,27,10,270,芝士奶盖抹茶
2024-03-07,周四,芋泥波波,晴,False,False,31,19,589,芋泥波波,芋泥波波奶茶,keyword,31,19,589,芋泥波波奶茶
2024-05-09,周四,可可奶茶,晴,False,False,11,16,176,可可奶茶,红丝绒可可奶茶,keyword,11,16,176,红丝绒可可奶茶
2024-04-18,周四,抹茶拿铁,晴,False,True,52,14,728,抹茶拿铁,芝士奶盖抹茶,keyword,52,14,728,芝士奶盖抹茶
2024-03-22,周五,抹茶拿铁,多云,False,False,29,17,493,抹茶拿铁,芝士奶盖抹茶,keyword,29,17,493,芝士奶盖抹茶
2024-05-12,周日,抹茶拿铁,雪,True,False,49,18,882,抹茶拿铁,芝士奶盖抹茶,keyword,49,18,882,芝士奶盖抹茶
2024-05-04,周六,珍珠奶茶,雨,True,False,43,14,602,珍珠奶茶,黑糖珍珠奶茶,keyword,43,14,602,黑糖珍珠奶茶
2024-04-06,周六,芝士奶盖,晴,True,False,28,15,420,芝士奶盖,芝士奶盖抹茶,keyword,28,15,420,芝士奶盖抹茶
2024-05-14,周二,珍珠奶茶,阴,False,True,40,15,600,珍珠奶茶,黑糖珍珠奶茶,keyword,40,15,600,黑糖珍珠奶茶
2024-05-24,周五,柠檬茶,多云,False,False,26,11,286,柠檬茶,百香果绿茶,keyword,26,11,286,百香果绿茶
2024-04-24,周三,冰美式,雨,False,True,49,10,490,冰美式,金凤乌龙奶茶,keyword,49,10,490,金凤乌龙奶茶
2024-04-18,周四,冰美式,雨,False,False,29,11,319,冰美式,金凤乌龙奶茶,keyword,29,11,319,金凤乌龙奶茶
2024-03-27,周三,芝士奶盖,雪,False,False,35,15,525,芝士奶盖,芝士奶盖抹茶,keyword,35,15,525,芝士奶盖抹茶
2024-04-08,周一,芝士奶盖,多云,False,False,24,18,432,芝士奶盖,芝士奶盖抹茶,keyword,24,18,432,芝士奶盖抹茶
2024-04-03,周三,珍珠奶茶,雪,False,False,22,12,264,珍珠奶茶,黑糖珍珠奶茶,keyword,22,12,264,黑糖珍珠奶茶
2024-05-14,周二,芋泥波波,雨,False,True,45,16,720,芋泥波波,芋泥波波奶茶,keyword,45,16,720,芋泥波波奶茶
2024-05-20,周一,可可奶茶,雪,False,False,25,17,425,可可奶茶,红丝绒可可奶茶,keyword,25,17,425,红丝绒可可奶茶
2024-05-21,周二,可可奶茶,雪,False,False,23,18,414,可可奶茶,红丝绒可可奶茶,keyword,23,18,414,红丝绒可可奶茶
2024-04-29,周一,杨枝甘露,多云,False,False,21,21,441,杨枝甘露,杨枝甘露奶茶,keyword,21,21,441,杨枝甘露奶茶
2024-03-09,周六,柠檬茶,雨,True,False,51,20,1020,柠檬茶,百香果绿茶,keyword,51,20,1020,百香果绿茶
2024-04-21,周日,柠檬茶,多云,True,True,45,17,765,柠檬茶,百香果绿茶,keyword,45,17,765,百香果绿茶
2024-04-25,周四,水果茶,多云,False,True,23,14,322,水果茶,百香果绿茶,keyword,23,14,322,百香果绿茶
2024-04-05,周五,可可奶茶,晴,False,False,22,10,220,可可奶茶,红丝绒可可奶茶,keyword,22,10,220,红丝绒可可奶茶
2024-03-11,周一,芝士奶盖,晴,False,False,25,15,375,芝士奶盖,芝士奶盖抹茶,keyword,25,15,375,芝士奶盖抹茶
2024-03-12,周二,水果茶,多云,False,True,33,18,594,水果茶,百香果绿茶,keyword,33,18,594,百香果绿茶
2024-05-14,周二,可可奶茶,阴,False,False,21,19,399,可可奶茶,红丝绒可可奶茶,keyword,21,19,399,红丝绒可可奶茶
2024-04-10,周三,芝士奶盖,多云,False,False,25,12,300,芝士奶盖,芝士奶盖抹茶,keyword,25,12,300,芝士奶盖抹茶
2024-04-17,周三,芋泥波波,雪,False,False,30,13,390,芋泥波波,芋泥波波奶茶,keyword,30,13,390,芋泥波波奶茶
2024-03-19,周二,芝士奶盖,雨,False,False,25,20,500,芝士奶盖,芝士奶盖抹茶,keyword,25,20,500,芝士奶盖抹茶
2024-05-17,周五,珍珠奶茶,多云,False,False,17,14,238,珍珠奶茶,黑糖珍珠奶茶,keyword,17,14,238,黑糖珍珠奶茶
2024-05-29,周三,芝士奶盖,雪,False,False,0,16,320,芝士奶盖,芝士奶盖抹茶,keyword,1,16,16,芝士奶盖抹茶
2024-05-22,周三,水果茶,雨,False,False,18,17,306,水果茶,百香果绿茶,keyword,18,17,306,百香果绿茶
2024-04-12,周五,水果茶,多云,False,False,21,11,231,水果茶,百香果绿茶,keyword,21,11,231,百香果绿茶
2024-05-17,周五,可可奶茶,阴,False,False,20,20,400,可可奶茶,红丝绒可可奶茶,keyword,20,20,400,红丝绒可可奶茶
2024-05-20,周一,抹茶拿铁,晴,False,False,24,14,336,抹茶拿铁,芝士奶盖抹茶,keyword,24,14,336,芝士奶盖抹茶
2024-03-11,周一,芋泥波波,多云,False,False,25,12,300,芋泥波波,芋泥波波奶茶,keyword,25,12,300,芋泥波波奶茶
2024-05-27,周一,水果茶,阴,False,False,22,14,308,水果茶,百香果绿茶,keyword,22,14,308,百香果绿茶
2024-05-15,周三,芝士奶盖,多云,False,True,36,16,576,芝士奶盖,芝士奶盖抹茶,keyword,36,16,576,芝士奶盖抹茶
2024-05-13,周一,柠檬茶,晴,False,False,20,19,380,柠檬茶,百香果绿茶,keyword,20,19,380,百香果绿茶
2024-03-12,周二,抹茶拿铁,雨,False,False,18,10,180,抹茶拿铁,芝士奶盖抹茶,keyword,18,10,180,芝士奶盖抹茶
2024-04-24,周三,冰美式,多云,False,True,35,19,665,冰美式,金凤乌龙奶茶,keyword,35,19,665,金凤乌龙奶茶
2024-05-31,周五,可可奶茶,阴,False,False,30,11,330,可可奶茶,红丝绒可可奶茶,keyword,30,11,330,红丝绒可可奶茶
2024-03-27,周三,柠檬茶,雨,False,False,36,13,468,柠檬茶,百香果绿茶,keyword,36,13,468,百香果绿茶
2024-04-06,周六,柠檬茶,多云,True,False,40,10,400,柠檬茶,百香果绿茶,keyword,40,10,400,百香果绿茶
2024-04-03,周三,柠檬茶,多云,False,False,34,20,680,柠檬茶,百香果绿茶,keyword,34,20,680,百香果绿茶
2024-03-02,周六,抹茶拿铁,雨,True,False,35,20,700,抹茶拿铁,芝士奶盖抹茶,keyword,35,20,700,芝士奶盖抹茶
2024-04-19,周五,水果茶,晴,False,True,28,15,420,水果茶,百香果绿茶,keyword,28,15,420,百香果绿茶
2024-04-30,周二,芝士奶盖,晴,False,False,20,16,320,芝士奶盖,芝士奶盖抹茶,keyword,20,16,320,芝士奶盖抹茶
2024-04-20,周六,芝士奶盖,雪,True,True,45,12,540,芝士奶盖,芝士奶盖抹茶,keyword,45,12,540,芝士奶盖抹茶
2024-04-13,周六,抹茶拿铁,晴,True,False,37,16,592,抹茶拿铁,芝士奶盖抹茶,keyword,37,16,592,芝士奶盖抹茶
2024-03-15,周五,芝士奶盖,多云,False,False,15,15,225,芝士奶盖,芝士奶盖抹茶,keyword,15,15,225,芝士奶盖抹茶
2024-05-02,周四,杨枝甘露,晴,False,True,0,19,703,杨枝甘露,杨枝甘露奶茶,keyword,1,19,19,杨枝甘露奶茶
2024-03-21,周四,抹茶拿铁,晴,False,False,30,10,300,抹茶拿铁,芝士奶盖抹茶,keyword,30,10,300,芝士奶盖抹茶
2024-05-30,周四,可可奶茶,阴,False,False,27,11,297,可可奶茶,红丝绒可可奶茶,keyword,27,11,297,红丝绒可可奶茶
2024-05-14,周二,柠檬茶,雪,False,False,12,16,192,柠檬茶,百香果绿茶,keyword,12,16,192,百香果绿茶
2024-04-01,周一,抹茶拿铁,雨,False,True,43,11,473,抹茶拿铁,芝士奶盖抹茶,keyword,43,11,473,芝士奶盖抹茶
2024-05-15,周三,芋泥波波,多云,False,True,47,17,799,芋泥波波,芋泥波波奶茶,keyword,47,17,799,芋泥波波奶茶
2024-04-04,周四,冰美式,雨,False,False,20,19,380,冰美式,金凤乌龙奶茶,keyword,20,19,380,金凤乌龙奶茶
2024-04-11,周四,冰美式,多云,False,False,24,14,336,冰美式,金凤乌龙奶茶,keyword,24,14,336,金凤乌龙奶茶
2024-03-08,周五,芋泥波波,晴,False,False,24,13,312,芋泥波波,芋泥波波奶茶,keyword,24,13,312,芋泥波波奶茶
2024-04-21,周日,芋泥波波,多云,True,True,45,20,900,芋泥波波,芋泥波波奶茶,keyword,45,20,900,芋泥波波奶茶
2024-05-23,周四,杨枝甘露,雨,False,False,19,20,380,杨枝甘露,杨枝甘露奶茶,keyword,19,20,380,杨枝甘露奶茶
2024-05-17,周五,杨枝甘露,晴,False,False,29,19,551,杨枝甘露,杨枝甘露奶茶,keyword,29,19,551,杨枝甘露奶茶
2024-04-19,周五,抹茶拿铁,雪,False,False,19,16,304,抹茶拿铁,芝士奶盖抹茶,keyword,19,16,304,芝士奶盖抹茶
2024-05-18,周六,杨枝甘露,阴,True,True,61,21,1281,杨枝甘露,杨枝甘露奶茶,keyword,61,21,1281,杨枝甘露奶茶
2024-05-22,周三,杨枝甘露,雪,False,False,33,18,594,杨枝甘露,杨枝甘露奶茶,keyword,33,18,594,杨枝甘露奶茶
2024-04-25,周四,芋泥波波,雨,False,True,47,14,658,芋泥波波,芋泥波波奶茶,keyword,47,14,658,芋泥波波奶茶
2024-05-06,周一,水果茶,雪,False,True,30,18,540,水果茶,百香果绿茶,keyword,30,18,540,百香果绿茶
2024-04-24,周三,水果茶,阴,False,False,22,14,308,水果茶,百香果绿茶,keyword,22,14,308,百香果绿茶
2024-05-14,周二,芋泥波波,晴,False,False,17,12,204,芋泥波波,芋泥波波奶茶,keyword,17,12,204,芋泥波波奶茶
2024-04-20,周六,珍珠奶茶,阴,True,False,31,14,434,珍珠奶茶,黑糖珍珠奶茶,keyword,31,14,434,黑糖珍珠奶茶
2024-04-28,周日,抹茶拿铁,雨,True,False,46,13,598,抹茶拿铁,芝士奶盖抹茶,keyword,46,13,598,芝士奶盖抹茶
2024-03-22,周五,抹茶拿铁,阴,False,False,33,17,561,抹茶拿铁,芝士奶盖抹茶,keyword,33,17,561,芝士奶盖抹茶
2024-05-18,周六,芝士奶盖,雨,True,True,49,13,637,芝士奶盖,芝士奶盖抹茶,keyword,49,13,637,芝士奶盖抹茶
2024-03-03,周日,柠檬茶,多云,True,False,27,20,540,柠檬茶,百香果绿茶,keyword,27,20,540,百香果绿茶
2024-05-20,周一,可可奶茶,晴,False,False,23,12,276,可可奶茶,红丝绒可可奶茶,keyword,23,12,276,红丝绒可可奶茶
2024-03-03,周日,芋泥波波,多云,True,False,37,17,629,芋泥波波,芋泥波波奶茶,keyword,37,17,629,芋泥波波奶茶
2024-04-27,周六,冰美式,多云,True,False,38,10,380,冰美式,金凤乌龙奶茶,keyword,38,10,380,金凤乌龙奶茶
2024-03-14,周四,水果茶,阴,False,False,32,18,576,水果茶,百香果绿茶,keyword,32,18,576,百香果绿茶
2024-03-05,周二,抹茶拿铁,阴,False,False,31,20,620,抹茶拿铁,芝士奶盖抹茶,keyword,31,20,620,芝士奶盖抹茶
2024-05-02,周四,柠檬茶,雪,False,True,35,18,630,柠檬茶,百香果绿茶,keyword,35,18,630,百香果绿茶
2024-05-22,周三,水果茶,晴,False,False,35,15,525,水果茶,百香果绿茶,keyword,35,15,525,百香果绿茶
2024-04-25,周四,珍珠奶茶,雨,False,False,22,14,308,珍珠奶茶,黑糖珍珠奶茶,keyword,22,14,308,黑糖珍珠奶茶
2024-05-04,周六,柠檬茶,雨,True,False,67,17,1139,柠檬茶,百香果绿茶,keyword,67,17,1139,百香果绿茶
2024-04-07,周日,水果茶,雨,True,False,40,19,760,水果茶,百香果绿茶,keyword,40,19,760,百香果绿茶
2024-05-28,周二,芋泥波波,多云,False,True,46,17,782,芋泥波波,芋泥波波奶茶,keyword,46,17,782,芋泥波波奶茶
2024-04-23,周二,抹茶拿铁,多云,False,False,19,10,190,抹茶拿铁,芝士奶盖抹茶,keyword,19,10,190,芝士奶盖抹茶
2024-04-03,周三,芝士奶盖,多云,False,False,23,10,230,芝士奶盖,芝士奶盖抹茶,keyword,23,10,230,芝士奶盖抹茶
2024-04-13,周六,水果茶,雪,True,False,36,13,468,水果茶,百香果绿茶,keyword,36,13,468,百香果绿茶
2024-04-13,周六,芝士奶盖,雪,True,False,28,18,504,芝士奶盖,芝士奶盖抹茶,keyword,28,18,504,芝士奶盖抹茶
2024-03-14,周四,珍珠奶茶,阴,False,False,25,12,300,珍珠奶茶,黑糖珍珠奶茶,keyword,25,12,300,黑糖珍珠奶茶
2024-05-18,周六,芋泥波波,晴,True,False,44,20,880,芋泥波波,芋泥波波奶茶,keyword,44,20,880,芋泥波波奶茶
2024-03-27,周三,芝士奶盖,雨,False,False,23,17,391,芝士奶盖,芝士奶盖抹茶,keyword,23,17,391,芝士奶盖抹茶
2024-03-13,周三,杨枝甘露,雨,False,False,22,19,418,杨枝甘露,杨枝甘露奶茶,keyword,22,19,418,杨枝甘露奶茶
2024-04-23,周二,珍珠奶茶,阴,False,False,25,13,325,珍珠奶茶,黑糖珍珠奶茶,keyword,25,13,325,黑糖珍珠奶茶
2024-04-17,周三,水果茶,多云,False,True,45,13,585,水果茶,百香果绿茶,keyword,45,13,585,百香果绿茶
2024-04-24,周三,水果茶,阴,False,False,31,20,620,水果茶,百香果绿茶,keyword,31,20,620,百香果绿茶
2024-03-04,周一,抹茶拿铁,晴,False,False,22,11,242,抹茶拿铁,芝士奶盖抹茶,keyword,22,11,242,芝士奶盖抹茶
2024-04-10,周三,水果茶,阴,False,True,35,20,700,水果茶,百香果绿茶,keyword,35,20,700,百香果绿茶
2024-05-13,周一,珍珠奶茶,阴,False,False,29,14,406,珍珠奶茶,黑糖珍珠奶茶,keyword,29,14,406,黑糖珍珠奶茶
2024-04-10,周三,芝士奶盖,雨,False,False,19,12,228,芝士奶盖,芝士奶盖抹茶,keyword,19,12,228,芝士奶盖抹茶
2024-04-27,周六,柠檬茶,雪,True,False,52,17,884,柠檬茶,百香果绿茶,keyword,52,17,884,百香果绿茶
2024-05-23,周四,水果茶,雨,False,True,39,16,624,水果茶,百香果绿茶,keyword,39,16,624,百香果绿茶
2024-03-17,周日,可可奶茶,雨,True,False,50,18,900,可可奶茶,红丝绒可可奶茶,keyword,50,18,900,红丝绒可可奶茶
2024-04-13,周六,杨枝甘露,晴,True,False,33,22,726,杨枝甘露,杨枝甘露奶茶,keyword,33,22,726,杨枝甘露奶茶
2024-04-08,周一,水果茶,晴,False,False,17,20,340,水果茶,百香果绿茶,keyword,17,20,340,百香果绿茶
2024-03-16,周六,珍珠奶茶,晴,True,False,54,12,648,珍珠奶茶,黑糖珍珠奶茶,keyword,54,12,648,黑糖珍珠奶茶
2024-03-31,周日,冰美式,雪,True,False,46,15,690,冰美式,金凤乌龙奶茶,keyword,46,15,690,金凤乌龙奶茶
2024-05-25,周六,冰美式,阴,True,False,32,11,352,冰美式,金凤乌龙奶茶,keyword,32,11,352,金凤乌龙奶茶
2024-05-14,周二,柠檬茶,阴,False,True,43,11,473,柠檬茶,百香果绿茶,keyword,43,11,473,百香果绿茶
2024-04-24,周三,杨枝甘露,多云,False,False,30,22,660,杨枝甘露,杨枝甘露奶茶,keyword,30,22,660,杨枝甘露奶茶
2024-05-11,周六,可可奶茶,雨,True,False,47,16,752,可可奶茶,红丝绒可可奶茶,keyword,47,16,752,红丝绒可可奶茶
2024-05-28,周二,抹茶拿铁,多云,False,True,42,17,714,抹茶拿铁,芝士奶盖抹茶,keyword,42,17,714,芝士奶盖抹茶
2024-05-30,周四,可可奶茶,多云,False,False,13,12,156,可可奶茶,红丝绒可可奶茶,keyword,13,12,156,红丝绒可可奶茶
2024-04-17,周三,芋泥波波,晴,False,True,46,10,460,芋泥波波,芋泥波波奶茶,keyword,46,10,460,芋泥波波奶茶
2024-03-16,周六,芝士奶盖,雨,True,False,41,10,410,芝士奶盖,芝士奶盖抹茶,keyword,41,10,410,芝士奶盖抹茶
2024-03-19,周二,冰美式,晴,False,False,27,14,378,冰美式,金凤乌龙奶茶,keyword,27,14,378,金凤乌龙奶茶
2024-05-02,周四,珍珠奶茶,雪,False,False,13,15,195,珍珠奶茶,黑糖珍珠奶茶,keyword,13,15,195,黑糖珍珠奶茶
2024-04-09,周二,冰美式,雨,False,False,31,19,589,冰美式,金凤乌龙奶茶,keyword,31,19,589,金凤乌龙奶茶
2024-03-18,周一,可可奶茶,阴,False,False,26,15,390,可可奶茶,红丝绒可可奶茶,keyword,26,15,390,红丝绒可可奶茶
2024-05-19,周日,冰美式,阴,True,False,44,15,660,冰美式,金凤乌龙奶茶,keyword,44,15,660,金凤乌龙奶茶
2024-05-25,周六,抹茶拿铁,晴,True,False,33,19,627,抹茶拿铁,芝士奶盖抹茶,keyword,33,19,627,芝士奶盖抹茶
2024-05-12,周日,可可奶茶,阴,True,False,31,11,341,可可奶茶,红丝绒可可奶茶,keyword,31,11,341,红丝绒可可奶茶
2024-05-08,周三,杨枝甘露,雨,False,False,13,22,286,杨枝甘露,杨枝甘露奶茶,keyword,13,22,286,杨枝甘露奶茶
2024-05-08,周三,冰美式,阴,False,False,27,10,270,冰美式,金凤乌龙奶茶,keyword,27,10,270,金凤乌龙奶茶
2024-03-24,周日,水果茶,雪,True,False,29,11,319,水果茶,百香果绿茶,keyword,29,11,319,百香果绿茶
2024-03-13,周三,可可奶茶,雨,False,True,30,12,360,可可奶茶,红丝绒可可奶茶,keyword,30,12,360,红丝绒可可奶茶
2024-04-22,周一,杨枝甘露,雪,False,False,13,18,234,杨枝甘露,杨枝甘露奶茶,keyword,13,18,234,杨枝甘露奶茶
2024-04-08,周一,水果茶,雨,False,True,32,16,512,水果茶,百香果绿茶,keyword,32,16,512,百香果绿茶
2024-03-16,周六,珍珠奶茶,多云,True,False,40,13,520,珍珠奶茶,黑糖珍珠奶茶,keyword,40,13,520,黑糖珍珠奶茶
2024-05-04,周六,水果茶,雨,True,True,53,16,848,水果茶,百香果绿茶,keyword,53,16,848,百香果绿茶
2024-03-04,周一,水果茶,晴,False,False,26,20,520,水果茶,百香果绿茶,keyword,26,20,520,百香果绿茶
2024-05-11,周六,杨枝甘露,雪,True,False,35,22,770,杨枝甘露,杨枝甘露奶茶,keyword,35,22,770,杨枝甘露奶茶
2024-03-19,周二,芝士奶盖,多云,False,False,21,18,378,芝士奶盖,芝士奶盖抹茶,keyword,21,18,378,芝士奶盖抹茶
2024-03-01,周五,抹茶拿铁,多云,False,True,40,19,760,抹茶拿铁,芝士奶盖抹茶,keyword,40,19,760,芝士奶盖抹茶
2024-05-27,周一,水果茶,多云,False,False,999,14,406,水果茶,百香果绿茶,keyword,999,14,13986,百香果绿茶
2024-05-08,周三,冰美式,雨,False,True,25,18,450,冰美式,金凤乌龙奶茶,keyword,25,18,450,金凤乌龙奶茶
2024-04-25,周四,柠檬茶,雨,False,False,42,14,588,柠檬茶,百香果绿茶,keyword,42,14,588,百香果绿茶
2024-04-11,周四,芝士奶盖,阴,False,False,21,10,210,芝士奶盖,芝士奶盖抹茶,keyword,21,10,210,芝士奶盖抹茶
2024-03-18,周一,珍珠奶茶,晴,False,False,35,13,455,珍珠奶茶,黑糖珍珠奶茶,keyword,35,13,455,黑糖珍珠奶茶
2024-05-29,周三,抹茶拿铁,雪,False,True,52,11,572,抹茶拿铁,芝士奶盖抹茶,keyword,52,11,572,芝士奶盖抹茶
2024-05-25,周六,抹茶拿铁,雨,True,False,34,19,646,抹茶拿铁,芝士奶盖抹茶,keyword,34,19,646,芝士奶盖抹茶
2024-03-23,周六,珍珠奶茶,阴,True,False,999,15,465,珍珠奶茶,黑糖珍珠奶茶,keyword,999,15,14985,黑糖珍珠奶茶
2024-03-29,周五,柠檬茶,雨,False,False,999,13,507,柠檬茶,百香果绿茶,keyword,999,13,12987,百香果绿茶
2024-04-20,周六,芋泥波波,雪,True,False,35,18,630,芋泥波波,芋泥波波奶茶,keyword,35,18,630,芋泥波波奶茶
2024-05-12,周日,冰美式,多云,True,True,56,12,672,冰美式,金凤乌龙奶茶,keyword,56,12,672,金凤乌龙奶茶
2024-05-12,周日,柠檬茶,雨,True,False,49,20,980,柠檬茶,百香果绿茶,keyword,49,20,980,百香果绿茶
2024-04-02,周二,可可奶茶,晴,False,False,34,20,680,可可奶茶,红丝绒可可奶茶,keyword,34,20,680,红丝绒可可奶茶
2024-03-07,周四,芝士奶盖,阴,False,False,33,18,594,芝士奶盖,芝士奶盖抹茶,keyword,33,18,594,芝士奶盖抹茶
2024-04-16,周二,可可奶茶,多云,False,True,35,17,595,可可奶茶,红丝绒可可奶茶,keyword,35,17,595,红丝绒可可奶茶
2024-04-20,周六,柠檬茶,晴,True,False,35,13,455,柠檬茶,百香果绿茶,keyword,35,13,455,百香果绿茶
2024-04-24,周三,芋泥波波,多云,False,True,32,20,640,芋泥波波,芋泥波波奶茶,keyword,32,20,640,芋泥波波奶茶
2024-03-04,周一,抹茶拿铁,晴,False,False,33,15,495,抹茶拿铁,芝士奶盖抹茶,keyword,33,15,495,芝士奶盖抹茶
2024-04-01,周一,芋泥波波,多云,False,False,25,15,375,芋泥波波,芋泥波波奶茶,keyword,25,15,375,芋泥波波奶茶
2024-03-31,周日,芋泥波波,雪,True,False,45,20,900,芋泥波波,芋泥波波奶茶,keyword,45,20,900,芋泥波波奶茶
2024-03-16,周六,芋泥波波,晴,True,False,27,12,324,芋泥波波,芋泥波波奶茶,keyword,27,12,324,芋泥波波奶茶
2024-04-26,周五,珍珠奶茶,雪,False,False,20,12,240,珍珠奶茶,黑糖珍珠奶茶,keyword,20,12,240,黑糖珍珠奶茶
2024-05-11,周六,珍珠奶茶,阴,True,False,43,15,645,珍珠奶茶,黑糖珍珠奶茶,keyword,43,15,645,黑糖珍珠奶茶
2024-05-16,周四,冰美式,阴,False,False,16,19,304,冰美式,金凤乌龙奶茶,keyword,16,19,304,金凤乌龙奶茶
2024-04-13,周六,珍珠奶茶,雪,True,False,42,12,504,珍珠奶茶,黑糖珍珠奶茶,keyword,42,12,504,黑糖珍珠奶茶
2024-05-16,周四,芋泥波波,雪,False,True,38,15,570,芋泥波波,芋泥波波奶茶,keyword,38,15,570,芋泥波波奶茶
2024-05-19,周日,抹茶拿铁,多云,True,True,40,12,480,抹茶拿铁,芝士奶盖抹茶,keyword,40,12,480,芝士奶盖抹茶
2024-04-25,周四,可可奶茶,雨,False,False,29,12,348,可可奶茶,红丝绒可可奶茶,keyword,29,12,348,红丝绒可可奶茶
2024-04-09,周二,冰美式,雨,False,False,20,18,360,冰美式,金凤乌龙奶茶,keyword,20,18,360,金凤乌龙奶茶
2024-05-26,周日,杨枝甘露,多云,True,False,34,18,612,杨枝甘露,杨枝甘露奶茶,keyword,34,18,612,杨枝甘露奶茶
2024-03-26,周二,柠檬茶,晴,False,False,26,17,442,柠檬茶,百香果绿茶,keyword,26,17,442,百香果绿茶
2024-04-29,周一,冰美式,雪,False,False,25,19,475,冰美式,金凤乌龙奶茶,keyword,25,19,475,金凤乌龙奶茶
2024-04-12,周五,杨枝甘露,阴,False,False,13,21,273,杨枝甘露,杨枝甘露奶茶,keyword,13,21,273,杨枝甘露奶茶
2024-03-01,周五,柠檬茶,阴,False,False,20,17,340,柠檬茶,百香果绿茶,keyword,20,17,340,百香果绿茶
2024-04-12,周五,水果茶,阴,False,True,31,10,310,水果茶,百香果绿茶,keyword,31,10,310,百香果绿茶
2024-03-04,周一,可可奶茶,多云,False,False,16,20,320,可可奶茶,红丝绒可可奶茶,keyword,16,20,320,红丝绒可可奶茶
2024-04-16,周二,珍珠奶茶,多云,False,True,25,14,350,珍珠奶茶,黑糖珍珠奶茶,keyword,25,14,350,黑糖珍珠奶茶
2024-04-13,周六,可可奶茶,多云,True,True,999,11,528,可可奶茶,红丝绒可可奶茶,keyword,999,11,10989,红丝绒可可奶茶
2024-03-18,周一,水果茶,雨,False,False,17,17,289,水果茶,百香果绿茶,keyword,17,17,289,百香果绿茶
2024-04-17,周三,杨枝甘露,晴,False,True,38,19,722,杨枝甘露,杨枝甘露奶茶,keyword,38,19,722,杨枝甘露奶茶
2024-05-28,周二,芝士奶盖,雪,False,False,30,13,390,芝士奶盖,芝士奶盖抹茶,keyword,30,13,390,芝士奶盖抹茶
2024-05-18,周六,冰美式,雪,True,False,33,15,495,冰美式,金凤乌龙奶茶,keyword,33,15,495,金凤乌龙奶茶
2024-04-30,周二,冰美式,多云,False,False,22,18,396,冰美式,金凤乌龙奶茶,keyword,22,18,396,金凤乌龙奶茶
2024-05-06,周一,抹茶拿铁,雨,False,False,23,17,391,抹茶拿铁,芝士奶盖抹茶,keyword,23,17,391,芝士奶盖抹茶
2024-05-03,周五,抹茶拿铁,雪,False,False,-1,20,540,抹茶拿铁,芝士奶盖抹茶,keyword,1,20,20,芝士奶盖抹茶
2024-03-26,周二,抹茶拿铁,阴,False,False,23,16,368,抹茶拿铁,芝士奶盖抹茶,keyword,23,16,368,芝士奶盖抹茶
2024-03-30,周六,冰美式,阴,True,False,31,16,496,冰美式,金凤乌龙奶茶,keyword,31,16,496,金凤乌龙奶茶
2024-04-25,周四,水果茶,阴,False,False,27,10,270,水果茶,百香果绿茶,keyword,27,10,270,百香果绿茶
2024-05-05,周日,可可奶茶,晴,True,False,48,11,528,可可奶茶,红丝绒可可奶茶,keyword,48,11,528,红丝绒可可奶茶
2024-04-16,周二,珍珠奶茶,雨,False,True,35,14,490,珍珠奶茶,黑糖珍珠奶茶,keyword,35,14,490,黑糖珍珠奶茶
2024-04-06,周六,芝士奶盖,阴,True,False,47,10,470,芝士奶盖,芝士奶盖抹茶,keyword,47,10,470,芝士奶盖抹茶
2024-05-05,周日,杨枝甘露,多云,True,False,40,21,840,杨枝甘露,杨枝甘露奶茶,keyword,40,21,840,杨枝甘露奶茶
2024-05-15,周三,可可奶茶,阴,False,False,25,15,375,可可奶茶,红丝绒可可奶茶,keyword,25,15,375,红丝绒可可奶茶
2024-04-24,周三,水果茶,阴,False,False,24,10,240,水果茶,百香果绿茶,keyword,24,10,240,百香果绿茶
2024-05-13,周一,杨枝甘露,晴,False,False,29,20,580,杨枝甘露,杨枝甘露奶茶,keyword,29,20,580,杨枝甘露奶茶
2024-04-23,周二,水果茶,雪,False,False,31,10,310,水果茶,百香果绿茶,keyword,31,10,310,百香果绿茶
2024-03-05,周二,杨枝甘露,雨,False,False,23,22,506,杨枝甘露,杨枝甘露奶茶,keyword,23,22,506,杨枝甘露奶茶
2024-04-20,周六,水果茶,阴,True,True,50,17,850,水果茶,百香果绿茶,keyword,50,17,850,百香果绿茶
2024-05-12,周日,抹茶拿铁,雨,True,True,66,18,1188,抹茶拿铁,芝士奶盖抹茶,keyword,66,18,1188,芝士奶盖抹茶
2024-05-28,周二,冰美式,晴,False,True,42,14,588,冰美式,金凤乌龙奶茶,keyword,42,14,588,金凤乌龙奶茶
2024-04-07,周日,可可奶茶,阴,True,True,45,12,540,可可奶茶,红丝绒可可奶茶,keyword,45,12,540,红丝绒可可奶茶
2024-04-22,周一,水果茶,晴,False,True,38,11,418,水果茶,百香果绿茶,keyword,38,11,418,百香果绿茶
2024-03-27,周三,杨枝甘露,雨,False,False,26,21,546,杨枝甘露,杨枝甘露奶茶,keyword,26,21,546,杨枝甘露奶茶
2024-03-19,周二,抹茶拿铁,阴,False,False,15,18,270,抹茶拿铁,芝士奶盖抹茶,keyword,15,18,270,芝士奶盖抹茶
2024-05-12,周日,抹茶拿铁,阴,True,False,40,14,560,抹茶拿铁,芝士奶盖抹茶,keyword,40,14,560,芝士奶盖抹茶
2024-04-28,周日,芝士奶盖,阴,True,False,36,16,576,芝士奶盖,芝士奶盖抹茶,keyword,36,16,576,芝士奶盖抹茶
2024-05-19,周日,水果茶,阴,True,False,41,19,779,水果茶,百香果绿茶,keyword,41,19,779,百香果绿茶
2024-05-29,周三,珍珠奶茶,多云,False,False,27,14,378,珍珠奶茶,黑糖珍珠奶茶,keyword,27,14,378,黑糖珍珠奶茶
2024-03-09,周六,柠檬茶,阴,True,False,48,11,528,柠檬茶,百香果绿茶,keyword,48,11,528,百香果绿茶
2024-03-10,周日,芋泥波波,雨,True,False,43,14,602,芋泥波波,芋泥波波奶茶,keyword,43,14,602,芋泥波波奶茶
2024-03-06,周三,抹茶拿铁,晴,False,False,20,17,340,抹茶拿铁,芝士奶盖抹茶,keyword,20,17,340,芝士奶盖抹茶
2024-04-21,周日,柠檬茶,晴,True,True,50,15,750,柠檬茶,百香果绿茶,keyword,50,15,750,百香果绿茶
2024-04-29,周一,抹茶拿铁,晴,False,True,47,17,799,抹茶拿铁,芝士奶盖抹茶,keyword,47,17,799,芝士奶盖抹茶
2024-04-05,周五,杨枝甘露,晴,False,False,17,20,340,杨枝甘露,杨枝甘露奶茶,keyword,17,20,340,杨枝甘露奶茶
2024-04-20,周六,杨枝甘露,晴,True,False,29,21,609,杨枝甘露,杨枝甘露奶茶,keyword,29,21,609,杨枝甘露奶茶
2024-03-28,周四,珍珠奶茶,阴,False,False,26,12,312,珍珠奶茶,黑糖珍珠奶茶,keyword,26,12,312,黑糖珍珠奶茶
2024-04-09,周二,抹茶拿铁,雪,False,True,30,13,390,抹茶拿铁,芝士奶盖抹茶,keyword,30,13,390,芝士奶盖抹茶
2024-03-31,周日,柠檬茶,晴,True,False,27,15,405,柠檬茶,百香果绿茶,keyword,27,15,405,百香果绿茶
2024-05-27,周一,芋泥波波,晴,False,False,27,12,324,芋泥波波,芋泥波波奶茶,keyword,27,12,324,芋泥波波奶茶
2024-03-06,周三,水果茶,雨,False,False,23,13,299,水果茶,百香果绿茶,keyword,23,13,299,百香果绿茶
2024-05-09,周四,水果茶,晴,False,False,24,15,360,水果茶,百香果绿茶,keyword,24,15,360,百香果绿茶
2024-03-02,周六,水果茶,雨,True,True,65,13,845,水果茶,百香果绿茶,keyword,65,13,845,百香果绿茶
2024-04-05,周五,冰美式,晴,False,True,40,14,560,冰美式,金凤乌龙奶茶,keyword,40,14,560,金凤乌龙奶茶
2024-05-03,周五,芋泥波波,雨,False,False,24,15,360,芋泥波波,芋泥波波奶茶,keyword,24,15,360,芋泥波波奶茶
2024-05-29,周三,水果茶,雨,False,True,39,17,663,水果茶,百香果绿茶,keyword,39,17,663,百香果绿茶
2024-03-03,周日,冰美式,阴,True,False,53,13,689,冰美式,金凤乌龙奶茶,keyword,53,13,689,金凤乌龙奶茶
2024-05-30,周四,珍珠奶茶,晴,False,False,18,14,252,珍珠奶茶,黑糖珍珠奶茶,keyword,18,14,252,黑糖珍珠奶茶
2024-04-24,周三,柠檬茶,晴,False,True,33,13,429,柠檬茶,百香果绿茶,keyword,33,13,429,百香果绿茶
2024-03-27,周三,珍珠奶茶,雪,False,False,24,14,336,珍珠奶茶,黑糖珍珠奶茶,keyword,24,14,336,黑糖珍珠奶茶
2024-04-10,周三,珍珠奶茶,雨,False,False,26,14,364,珍珠奶茶,黑糖珍珠奶茶,keyword,26,14,364,黑糖珍珠奶茶
2024-03-27,周三,可可奶茶,多云,False,False,14,19,266,可可奶茶,红丝绒可可奶茶,keyword,14,19,266,红丝绒可可奶茶
2024-05-06,周一,芝士奶盖,阴,False,False,16,17,272,芝士奶盖,芝士奶盖抹茶,keyword,16,17,272,芝士奶盖抹茶
2024-03-25,周一,珍珠奶茶,多云,False,True,35,13,455,珍珠奶茶,黑糖珍珠奶茶,keyword,35,13,455,黑糖珍珠奶茶
2024-03-11,周一,水果茶,雨,False,True,40,16,640,水果茶,百香果绿茶,keyword,40,16,640,百香果绿茶
2024-05-01,周三,芋泥波波,阴,False,False,28,17,476,芋泥波波,芋泥波波奶茶,keyword,28,17,476,芋泥波波奶茶
2024-05-18,周六,水果茶,阴,True,True,51,11,561,水果茶,百香果绿茶,keyword,51,11,561,百香果绿茶
2024-04-08,周一,冰美式,雪,False,False,18,16,288,冰美式,金凤乌龙奶茶,keyword,18,16,288,金凤乌龙奶茶
2024-04-30,周二,柠檬茶,多云,False,True,37,17,629,柠檬茶,百香果绿茶,keyword,37,17,629,百香果绿茶
2024-04-23,周二,水果茶,阴,False,False,31,19,589,水果茶,百香果绿茶,keyword,31,19,589,百香果绿茶
2024-03-05,周二,芋泥波波,雪,False,True,42,15,630,芋泥波波,芋泥波波奶茶,keyword,42,15,630,芋泥波波奶茶
2024-05-02,周四,芝士奶盖,阴,False,False,14,13,182,芝士奶盖,芝士奶盖抹茶,keyword,14,13,182,芝士奶盖抹茶
2024-04-16,周二,珍珠奶茶,雨,False,False,24,13,312,珍珠奶茶,黑糖珍珠奶茶,keyword,24,13,312,黑糖珍珠奶茶
2024-05-17,周五,冰美式,晴,False,True,36,16,576,冰美式,金凤乌龙奶茶,keyword,36,16,576,金凤乌龙奶茶
2024-05-15,周三,芋泥波波,阴,False,True,36,14,504,芋泥波波,芋泥波波奶茶,keyword,36,14,504,芋泥波波奶茶
2024-05-08,周三,水果茶,阴,False,False,20,11,220,水果茶,百香果绿茶,keyword,20,11,220,百香果绿茶
2024-04-14,周日,杨枝甘露,多云,True,False,-1,20,780,杨枝甘露,杨枝甘露奶茶,keyword,1,20,20,杨枝甘露奶茶
2024-05-02,周四,珍珠奶茶,晴,False,False,19,15,285,珍珠奶茶,黑糖珍珠奶茶,keyword,19,15,285,黑糖珍珠奶茶
2024-04-25,周四,杨枝甘露,雨,False,True,30,21,630,杨枝甘露,杨枝甘露奶茶,keyword,30,21,630,杨枝甘露奶茶
2024-03-15,周五,抹茶拿铁,多云,False,False,18,13,234,抹茶拿铁,芝士奶盖抹茶,keyword,18,13,234,芝士奶盖抹茶
2024-04-22,周一,抹茶拿铁,多云,False,True,30,11,330,抹茶拿铁,芝士奶盖抹茶,keyword,30,11,330,芝士奶盖抹茶
2024-04-13,周六,珍珠奶茶,多云,True,False,0,12,636,珍珠奶茶,黑糖珍珠奶茶,keyword,1,12,12,黑糖珍珠奶茶
2024-03-01,周五,冰美式,晴,False,False,11,16,176,冰美式,金凤乌龙奶茶,keyword,11,16,176,金凤乌龙奶茶
2024-04-04,周四,抹茶拿铁,雨,False,False,30,15,450,抹茶拿铁,芝士奶盖抹茶,keyword,30,15,450,芝士奶盖抹茶
2024-04-13,周六,芝士奶盖,雨,True,False,38,19,722,芝士奶盖,芝士奶盖抹茶,keyword,38,19,722,芝士奶盖抹茶
2024-04-15,周一,芝士奶盖,晴,False,False,-1,12,228,芝士奶盖,芝士奶盖抹茶,keyword,1,12,12,芝士奶盖抹茶
2024-05-05,周日,水果茶,晴,True,False,36,10,360,水果茶,百香果绿茶,keyword,36,10,360,百香果绿茶
2024-03-06,周三,芝士奶盖,多云,False,False,30,19,570,芝士奶盖,芝士奶盖抹茶,keyword,30,19,570,芝士奶盖抹茶
2024-04-14,周日,水果茶,晴,True,False,44,19,836,水果茶,百香果绿茶,keyword,44,19,836,百香果绿茶
2024-03-19,周二,可可奶茶,多云,False,False,12,14,168,可可奶茶,红丝绒可可奶茶,keyword,12,14,168,红丝绒可可奶茶
2024-05-10,周五,抹茶拿铁,阴,False,False,22,20,440,抹茶拿铁,芝士奶盖抹茶,keyword,22,20,440,芝士奶盖抹茶
2024-04-01,周一,柠檬茶,晴,False,True,27,15,405,柠檬茶,百香果绿茶,keyword,27,15,405,百香果绿茶
2024-04-05,周五,柠檬茶,阴,False,False,28,11,308,柠檬茶,百香果绿茶,keyword,28,11,308,百香果绿茶
2024-05-08,周三,抹茶拿铁,雨,False,False,21,19,399,抹茶拿铁,芝士奶盖抹茶,keyword,21,19,399,芝士奶盖抹茶
2024-04-13,周六,水果茶,雪,True,False,43,13,559,水果茶,百香果绿茶,keyword,43,13,559,百香果绿茶
2024-03-17,周日,芝士奶盖,雪,True,False,41,10,410,芝士奶盖,芝士奶盖抹茶,keyword,41,10,410,芝士奶盖抹茶
2024-03-25,周一,水果茶,雨,False,False,33,12,396,水果茶,百香果绿茶,keyword,33,12,396,百香果绿茶
2024-05-17,周五,冰美式,晴,False,False,25,17,425,冰美式,金凤乌龙奶茶,keyword,25,17,425,金凤乌龙奶茶
2024-04-07,周日,柠檬茶,阴,True,True,56,20,1120,柠檬茶,百香果绿茶,keyword,56,20,1120,百香果绿茶
2024-05-29,周三,珍珠奶茶,雨,False,False,21,14,294,珍珠奶茶,黑糖珍珠奶茶,keyword,21,14,294,黑糖珍珠奶茶
2024-05-30,周四,冰美式,多云,False,False,31,10,310,冰美式,金凤乌龙奶茶,keyword,31,10,310,金凤乌龙奶茶
2024-04-12,周五,杨枝甘露,多云,False,False,16,19,304,杨枝甘露,杨枝甘露奶茶,keyword,16,19,304,杨枝甘露奶茶
2024-04-14,周日,水果茶,晴,True,False,41,14,574,水果茶,百香果绿茶,keyword,41,14,574,百香果绿茶
2024-03-25,周一,可可奶茶,晴,False,True,41,14,574,可可奶茶,红丝绒可可奶茶,keyword,41,14,574,红丝绒可可奶茶
2024-03-21,周四,冰美式,阴,False,False,18,12,216,冰美式,金凤乌龙奶茶,keyword,18,12,216,金凤乌龙奶茶
2024-03-26,周二,珍珠奶茶,雪,False,True,39,15,585,珍珠奶茶,黑糖珍珠奶茶,keyword,39,15,585,黑糖珍珠奶茶
2024-03-22,周五,珍珠奶茶,雨,False,False,15,12,180,珍珠奶茶,黑糖珍珠奶茶,keyword,15,12,180,黑糖珍珠奶茶
2024-05-05,周日,芝士奶盖,阴,True,False,53,16,848,芝士奶盖,芝士奶盖抹茶,keyword,53,16,848,芝士奶盖抹茶
2024-03-16,周六,柠檬茶,阴,True,False,46,12,552,柠檬茶,百香果绿茶,keyword,46,12,552,百香果绿茶
2024-04-18,周四,芋泥波波,阴,False,False,34,17,578,芋泥波波,芋泥波波奶茶,keyword,34,17,578,芋泥波波奶茶
2024-03-16,周六,芋泥波波,晴,True,False,37,18,666,芋泥波波,芋泥波波奶茶,keyword,37,18,666,芋泥波波奶茶
2024-05-15,周三,冰美式,雨,False,False,26,19,494,冰美式,金凤乌龙奶茶,keyword,26,19,494,金凤乌龙奶茶
2024-05-01,周三,水果茶,雪,False,True,35,18,630,水果茶,百香果绿茶,keyword,35,18,630,百香果绿茶
2024-05-29,周三,珍珠奶茶,雪,False,False,30,15,450,珍珠奶茶,黑糖珍珠奶茶,keyword,30,15,450,黑糖珍珠奶茶
2024-05-14,周二,可可奶茶,多云,False,False,14,12,168,可可奶茶,红丝绒可可奶茶,keyword,14,12,168,红丝绒可可奶茶
2024-05-28,周二,杨枝甘露,雪,False,False,999,18,270,杨枝甘露,杨枝甘露奶茶,keyword,999,18,17982,杨枝甘露奶茶
2024-03-27,周三,杨枝甘露,雪,False,False,12,18,216,杨枝甘露,杨枝甘露奶茶,keyword,12,18,216,杨枝甘露奶茶
2024-04-15,周一,冰美式,晴,False,False,-1,13,208,冰美式,金凤乌龙奶茶,keyword,1,13,13,金凤乌龙奶茶
2024-04-08,周一,柠檬茶,雪,False,False,23,15,345,柠檬茶,百香果绿茶,keyword,23,15,345,百香果绿茶
2024-05-19,周日,水果茶,雪,True,False,33,20,660,水果茶,百香果绿茶,keyword,33,20,660,百香果绿茶
2024-04-21,周日,抹茶拿铁,雨,True,False,29,18,522,抹茶拿铁,芝士奶盖抹茶,keyword,29,18,522,芝士奶盖抹茶
2024-04-23,周二,杨枝甘露,阴,False,False,29,19,551,杨枝甘露,杨枝甘露奶茶,keyword,29,19,551,杨枝甘露奶茶
2024-03-16,周六,可可奶茶,雪,True,False,33,20,660,可可奶茶,红丝绒可可奶茶,keyword,33,20,660,红丝绒可可奶茶
2024-03-29,周五,水果茶,晴,False,True,36,17,612,水果茶,百香果绿茶,keyword,36,17,612,百香果绿茶
2024-04-14,周日,冰美式,雪,True,False,35,10,350,冰美式,金凤乌龙奶茶,keyword,35,10,350,金凤乌龙奶茶
2024-04-19,周五,杨枝甘露,雪,False,False,27,21,567,杨枝甘露,杨枝甘露奶茶,keyword,27,21,567,杨枝甘露奶茶
2024-04-03,周三,珍珠奶茶,多云,False,True,37,12,444,珍珠奶茶,黑糖珍珠奶茶,keyword,37,12,444,黑糖珍珠奶茶
2024-05-21,周二,芝士奶盖,雪,False,False,24,12,288,芝士奶盖,芝士奶盖抹茶,keyword,24,12,288,芝士奶盖抹茶
2024-04-15,周一,抹茶拿铁,雨,False,False,27,13,351,抹茶拿铁,芝士奶盖抹茶,keyword,27,13,351,芝士奶盖抹茶
2024-03-31,周日,芋泥波波,雪,True,True,52,17,884,芋泥波波,芋泥波波奶茶,keyword,52,17,884,芋泥波波奶茶
2024-03-02,周六,水果茶,多云,True,False,49,20,980,水果茶,百香果绿茶,keyword,49,20,980,百香果绿茶
2024-05-08,周三,芋泥波波,晴,False,False,22,16,352,芋泥波波,芋泥波波奶茶,keyword,22,16,352,芋泥波波奶茶
2024-04-14,周日,柠檬茶,雪,True,True,60,20,1200,柠檬茶,百香果绿茶,keyword,60,20,1200,百香果绿茶
2024-05-07,周二,柠檬茶,晴,False,False,17,18,306,柠檬茶,百香果绿茶,keyword,17,18,306,百香果绿茶
2024-03-07,周四,水果茶,阴,False,True,41,20,820,水果茶,百香果绿茶,keyword,41,20,820,百香果绿茶
2024-05-09,周四,芋泥波波,雨,False,False,999,13,299,芋泥波波,芋泥波波奶茶,keyword,999,13,12987,芋泥波波奶茶
2024-05-12,周日,水果茶,雨,True,False,41,18,738,水果茶,百香果绿茶,keyword,41,18,738,百香果绿茶
2024-03-05,周二,抹茶拿铁,晴,False,False,34,17,578,抹茶拿铁,芝士奶盖抹茶,keyword,34,17,578,芝士奶盖抹茶
2024-04-15,周一,芋泥波波,雨,False,False,12,16,192,芋泥波波,芋泥波波奶茶,keyword,12,16,192,芋泥波波奶茶
2024-03-13,周三,水果茶,多云,False,True,45,16,720,水果茶,百香果绿茶,keyword,45,16,720,百香果绿茶
2024-05-02,周四,珍珠奶茶,雨,False,False,20,14,280,珍珠奶茶,黑糖珍珠奶茶,keyword,20,14,280,黑糖珍珠奶茶
2024-04-24,周三,杨枝甘露,晴,False,False,28,21,588,杨枝甘露,杨枝甘露奶茶,keyword,28,21,588,杨枝甘露奶茶
2024-04-15,周一,水果茶,雨,False,False,13,11,143,水果茶,百香果绿茶,keyword,13,11,143,百香果绿茶
2024-03-06,周三,杨枝甘露,阴,False,False,22,19,418,杨枝甘露,杨枝甘露奶茶,keyword,22,19,418,杨枝甘露奶茶
2024-04-11,周四,水果茶,多云,False,True,33,12,396,水果茶,百香果绿茶,keyword,33,12,396,百香果绿茶
2024-05-04,周六,珍珠奶茶,晴,True,False,37,15,555,珍珠奶茶,黑糖珍珠奶茶,keyword,37,15,555,黑糖珍珠奶茶
2024-03-02,周六,水果茶,雨,True,False,41,16,656,水果茶,百香果绿茶,keyword,41,16,656,百香果绿茶
2024-03-20,周三,可可奶茶,多云,False,False,16,14,224,可可奶茶,红丝绒可可奶茶,keyword,16,14,224,红丝绒可可奶茶
2024-04-01,周一,水果茶,阴,False,False,17,18,306,水果茶,百香果绿茶,keyword,17,18,306,百香果绿茶
2024-03-25,周一,冰美式,多云,False,True,30,14,420,冰美式,金凤乌龙奶茶,keyword,30,14,420,金凤乌龙奶茶
2024-03-19,周二,水果茶,雪,False,True,26,16,416,水果茶,百香果绿茶,keyword,26,16,416,百香果绿茶
2024-05-29,周三,柠檬茶,雨,False,False,36,16,576,柠檬茶,百香果绿茶,keyword,36,16,576,百香果绿茶
2024-04-08,周一,芋泥波波,雨,False,False,23,16,368,芋泥波波,芋泥波波奶茶,keyword,23,16,368,芋泥波波奶茶
2024-03-07,周四,杨枝甘露,晴,False,True,29,20,580,杨枝甘露,杨枝甘露奶茶,keyword,29,20,580,杨枝甘露奶茶
2024-05-17,周五,芋泥波波,多云,False,False,30,15,450,芋泥波波,芋泥波波奶茶,keyword,30,15,450,芋泥波波奶茶
2024-03-15,周五,芋泥波波,雪,False,False,12,15,180,芋泥波波,芋泥波波奶茶,keyword,12,15,180,芋泥波波奶茶
2024-04-16,周二,冰美式,多云,False,False,24,19,456,冰美式,金凤乌龙奶茶,keyword,24,19,456,金凤乌龙奶茶
2024-03-14,周四,杨枝甘露,晴,False,False,23,19,437,杨枝甘露,杨枝甘露奶茶,keyword,23,19,437,杨枝甘露奶茶
2024-04-27,周六,芋泥波波,雪,True,False,31,17,527,芋泥波波,芋泥波波奶茶,keyword,31,17,527,芋泥波波奶茶
2024-03-26,周二,可可奶茶,晴,False,True,38,14,532,可可奶茶,红丝绒可可奶茶,keyword,38,14,532,红丝绒可可奶茶
2024-05-11,周六,芝士奶盖,阴,True,False,37,16,592,芝士奶盖,芝士奶盖抹茶,keyword,37,16,592,芝士奶盖抹茶
2024-04-23,周二,可可奶茶,多云,False,False,999,14,168,可可奶茶,红丝绒可可奶茶,keyword,999,14,13986,红丝绒可可奶茶
2024-03-08,周五,柠檬茶,阴,False,False,30,11,330,柠檬茶,百香果绿茶,keyword,30,11,330,百香果绿茶
2024-05-05,周日,水果茶,阴,True,False,46,13,598,水果茶,百香果绿茶,keyword,46,13,598,百香果绿茶
2024-03-21,周四,冰美式,雪,False,False,24,17,408,冰美式,金凤乌龙奶茶,keyword,24,17,408,金凤乌龙奶茶
2024-03-29,周五,珍珠奶茶,雨,False,True,33,13,429,珍珠奶茶,黑糖珍珠奶茶,keyword,33,13,429,黑糖珍珠奶茶
2024-03-07,周四,柠檬茶,雪,False,True,41,20,820,柠檬茶,百香果绿茶,keyword,41,20,820,百香果绿茶
2024-04-17,周三,芝士奶盖,雪,False,False,14,16,224,芝士奶盖,芝士奶盖抹茶,keyword,14,16,224,芝士奶盖抹茶
2024-04-07,周日,芝士奶盖,晴,True,False,29,14,406,芝士奶盖,芝士奶盖抹茶,keyword,29,14,406,芝士奶盖抹茶
2024-03-03,周日,可可奶茶,晴,True,False,49,20,980,可可奶茶,红丝绒可可奶茶,keyword,49,20,980,红丝绒可可奶茶
2024-05-20,周一,冰美式,阴,False,False,20,13,260,冰美式,金凤乌龙奶茶,keyword,20,13,260,金凤乌龙奶茶
2024-04-20,周六,杨枝甘露,多云,True,False,45,20,900,杨枝甘露,杨枝甘露奶茶,keyword,45,20,900,杨枝甘露奶茶
2024-05-01,周三,芋泥波波,多云,False,False,27,13,351,芋泥波波,芋泥波波奶茶,keyword,27,13,351,芋泥波波奶茶
2024-03-09,周六,杨枝甘露,阴,True,False,37,21,777,杨枝甘露,杨枝甘露奶茶,keyword,37,21,777,杨枝甘露奶茶
2024-05-07,周二,杨枝甘露,雪,False,True,26,18,468,杨枝甘露,杨枝甘露奶茶,keyword,26,18,468,杨枝甘露奶茶
2024-05-22,周三,珍珠奶茶,多云,False,False,18,13,234,珍珠奶茶,黑糖珍珠奶茶,keyword,18,13,234,黑糖珍珠奶茶
2024-05-16,周四,珍珠奶茶,晴,False,False,15,12,180,珍珠奶茶,黑糖珍珠奶茶,keyword,15,12,180,黑糖珍珠奶茶
2024-05-01,周三,冰美式,多云,False,False,31,12,372,冰美式,金凤乌龙奶茶,keyword,31,12,372,金凤乌龙奶茶
2024-05-05,周日,水果茶,晴,True,False,29,13,377,水果茶,百香果绿茶,keyword,29,13,377,百香果绿茶
2024-03-19,周二,芝士奶盖,多云,False,False,29,16,464,芝士奶盖,芝士奶盖抹茶,keyword,29,16,464,芝士奶盖抹茶
2024-05-31,周五,芋泥波波,多云,False,False,28,11,308,芋泥波波,芋泥波波奶茶,keyword,28,11,308,芋泥波波奶茶
2024-04-06,周六,芝士奶盖,雪,True,False,32,11,352,芝士奶盖,芝士奶盖抹茶,keyword,32,11,352,芝士奶盖抹茶
2024-05-17,周五,杨枝甘露,阴,False,False,24,19,456,杨枝甘露,杨枝甘露奶茶,keyword,24,19,456,杨枝甘露奶茶
2024-04-03,周三,芋泥波波,多云,False,False,12,15,180,芋泥波波,芋泥波波奶茶,keyword,12,15,180,芋泥波波奶茶
2024-04-27,周六,抹茶拿铁,晴,True,False,31,12,372,抹茶拿铁,芝士奶盖抹茶,keyword,31,12,372,芝士奶盖抹茶
2024-03-17,周日,杨枝甘露,雨,True,False,43,21,903,杨枝甘露,杨枝甘露奶茶,keyword,43,21,903,杨枝甘露奶茶
2024-04-22,周一,冰美式,多云,False,False,30,13,390,冰美式,金凤乌龙奶茶,keyword,30,13,390,金凤乌龙奶茶
2024-05-10,周五,抹茶拿铁,雪,False,False,28,16,448,抹茶拿铁,芝士奶盖抹茶,keyword,28,16,448,芝士奶盖抹茶
2024-05-31,周五,水果茶,晴,False,False,17,13,221,水果茶,百香果绿茶,keyword,17,13,221,百香果绿茶
2024-03-03,周日,芝士奶盖,阴,True,False,43,10,430,芝士奶盖,芝士奶盖抹茶,keyword,43,10,430,芝士奶盖抹茶
2024-04-16,周二,杨枝甘露,阴,False,True,43,19,817,杨枝甘露,杨枝甘露奶茶,keyword,43,19,817,杨枝甘露奶茶
2024-03-29,周五,珍珠奶茶,晴,False,False,16,15,240,珍珠奶茶,黑糖珍珠奶茶,keyword,16,15,240,黑糖珍珠奶茶
2024-05-29,周三,水果茶,晴,False,False,31,19,589,水果茶,百香果绿茶,keyword,31,19,589,百香果绿茶
2024-05-16,周四,杨枝甘露,多云,False,False,11,19,209,杨枝甘露,杨枝甘露奶茶,keyword,11,19,209,杨枝甘露奶茶
2024-05-12,周日,水果茶,多云,True,False,31,18,558,水果茶,百香果绿茶,keyword,31,18,558,百香果绿茶
2024-04-08,周一,抹茶拿铁,雨,False,False,33,10,330,抹茶拿铁,芝士奶盖抹茶,keyword,33,10,330,芝士奶盖抹茶
2024-03-20,周三,珍珠奶茶,雪,False,False,0,13,247,珍珠奶茶,黑糖珍珠奶茶,keyword,1,13,13,黑糖珍珠奶茶
2024-05-27,周一,抹茶拿铁,雪,False,False,21,16,336,抹茶拿铁,芝士奶盖抹茶,keyword,21,16,336,芝士奶盖抹茶
2024-04-04,周四,芋泥波波,多云,False,False,28,19,532,芋泥波波,芋泥波波奶茶,keyword,28,19,532,芋泥波波奶茶
2024-04-20,周六,杨枝甘露,雪,True,False,49,21,1029,杨枝甘露,杨枝甘露奶茶,keyword,49,21,1029,杨枝甘露奶茶
2024-05-22,周三,水果茶,多云,False,True,47,16,752,水果茶,百香果绿茶,keyword,47,16,752,百香果绿茶
2024-03-14,周四,芋泥波波,雨,False,False,17,10,170,芋泥波波,芋泥波波奶茶,keyword,17,10,170,芋泥波波奶茶
2024-03-21,周四,可可奶茶,晴,False,False,13,14,182,可可奶茶,红丝绒可可奶茶,keyword,13,14,182,红丝绒可可奶茶
2024-03-26,周二,珍珠奶茶,雨,False,True,45,12,540,珍珠奶茶,黑糖珍珠奶茶,keyword,45,12,540,黑糖珍珠奶茶
2024-05-01,周三,珍珠奶茶,雨,False,True,25,14,350,珍珠奶茶,黑糖珍珠奶茶,keyword,25,14,350,黑糖珍珠奶茶
2024-04-20,周六,可可奶茶,雨,True,False,36,12,432,可可奶茶,红丝绒可可奶茶,keyword,36,12,432,红丝绒可可奶茶
2024-03-13,周三,芝士奶盖,雪,False,True,35,19,665,芝士奶盖,芝士奶盖抹茶,keyword,35,19,665,芝士奶盖抹茶
2024-05-01,周三,冰美式,雨,False,True,38,11,418,冰美式,金凤乌龙奶茶,keyword,38,11,418,金凤乌龙奶茶
2024-03-12,周二,柠檬茶,多云,False,False,18,18,324,柠檬茶,百香果绿茶,keyword,18,18,324,百香果绿茶
2024-05-17,周五,可可奶茶,阴,False,False,25,14,350,可可奶茶,红丝绒可可奶茶,keyword,25,14,350,红丝绒可可奶茶
2024-04-25,周四,珍珠奶茶,多云,False,False,31,12,372,珍珠奶茶,黑糖珍珠奶茶,keyword,31,12,372,黑糖珍珠奶茶
2024-05-12,周日,抹茶拿铁,晴,True,True,50,11,550,抹茶拿铁,芝士奶盖抹茶,keyword,50,11,550,芝士奶盖抹茶
2024-04-28,周日,芝士奶盖,雨,True,True,53,15,795,芝士奶盖,芝士奶盖抹茶,keyword,53,15,795,芝士奶盖抹茶
2024-03-10,周日,杨枝甘露,雨,True,False,43,21,903,杨枝甘露,杨枝甘露奶茶,keyword,43,21,903,杨枝甘露奶茶
2024-03-18,周一,芋泥波波,晴,False,False,29,16,464,芋泥波波,芋泥波波奶茶,keyword,29,16,464,芋泥波波奶茶
2024-05-19,周日,杨枝甘露,雨,True,False,48,20,960,杨枝甘露,杨枝甘露奶茶,keyword,48,20,960,杨枝甘露奶茶
2024-05-27,周一,水果茶,雨,False,False,34,10,340,水果茶,百香果绿茶,keyword,34,10,340,百香果绿茶
2024-05-22,周三,珍珠奶茶,雪,False,True,32,15,480,珍珠奶茶,黑糖珍珠奶茶,keyword,32,15,480,黑糖珍珠奶茶
2024-04-21,周日,芋泥波波,阴,True,False,42,11,462,芋泥波波,芋泥波波奶茶,keyword,42,11,462,芋泥波波奶茶
2024-04-29,周一,可可奶茶,晴,False,True,41,16,656,可可奶茶,红丝绒可可奶茶,keyword,41,16,656,红丝绒可可奶茶
2024-04-12,周五,芋泥波波,雨,False,False,27,13,351,芋泥波波,芋泥波波奶茶,keyword,27,13,351,芋泥波波奶茶
2024-04-30,周二,芋泥波波,阴,False,True,37,12,444,芋泥波波,芋泥波波奶茶,keyword,37,12,444,芋泥波波奶茶
2024-04-10,周三,冰美式,雪,False,False,11,15,165,冰美式,金凤乌龙奶茶,keyword,11,15,165,金凤乌龙奶茶
2024-04-30,周二,柠檬茶,多云,False,False,21,16,336,柠檬茶,百香果绿茶,keyword,21,16,336,百香果绿茶
2024-05-21,周二,杨枝甘露,多云,False,True,29,20,580,杨枝甘露,杨枝甘露奶茶,keyword,29,20,580,杨枝甘露奶茶
2024-04-27,周六,水果茶,多云,True,False,45,12,540,水果茶,百香果绿茶,keyword,45,12,540,百香果绿茶
2024-03-12,周二,水果茶,雨,False,True,41,17,697,水果茶,百香果绿茶,keyword,41,17,697,百香果绿茶
2024-05-28,周二,杨枝甘露,雨,False,False,32,21,672,杨枝甘露,杨枝甘露奶茶,keyword,32,21,672,杨枝甘露奶茶
2024-05-11,周六,冰美式,晴,True,False,40,19,760,冰美式,金凤乌龙奶茶,keyword,40,19,760,金凤乌龙奶茶
2024-05-25,周六,芝士奶盖,多云,True,False,27,17,459,芝士奶盖,芝士奶盖抹茶,keyword,27,17,459,芝士奶盖抹茶
2024-03-15,周五,水果茶,雪,False,False,25,12,300,水果茶,百香果绿茶,keyword,25,12,300,百香果绿茶
2024-05-21,周二,冰美式,晴,False,False,16,16,256,冰美式,金凤乌龙奶茶,keyword,16,16,256,金凤乌龙奶茶
2024-03-22,周五,冰美式,多云,False,False,25,20,500,冰美式,金凤乌龙奶茶,keyword,25,20,500,金凤乌龙奶茶
2024-03-02,周六,芝士奶盖,晴,True,False,40,18,720,芝士奶盖,芝士奶盖抹茶,keyword,40,18,720,芝士奶盖抹茶
2024-03-16,周六,抹茶拿铁,阴,True,False,50,15,750,抹茶拿铁,芝士奶盖抹茶,keyword,50,15,750,芝士奶盖抹茶
2024-04-24,周三,可可奶茶,晴,False,False,27,16,432,可可奶茶,红丝绒可可奶茶,keyword,27,16,432,红丝绒可可奶茶
2024-05-10,周五,冰美式,雪,False,False,19,20,380,冰美式,金凤乌龙奶茶,keyword,19,20,380,金凤乌龙奶茶
2024-05-18,周六,水果茶,阴,True,False,37,18,666,水果茶,百香果绿茶,keyword,37,18,666,百香果绿茶
2024-04-26,周五,可可奶茶,雨,False,False,14,13,182,可可奶茶,红丝绒可可奶茶,keyword,14,13,182,红丝绒可可奶茶
2024-05-10,周五,水果茶,多云,False,False,14,15,210,水果茶,百香果绿茶,keyword,14,15,210,百香果绿茶
2024-04-29,周一,水果茶,晴,False,False,25,18,450,水果茶,百香果绿茶,keyword,25,18,450,百香果绿茶
2024-03-20,周三,芝士奶盖,雨,False,True,45,13,585,芝士奶盖,芝士奶盖抹茶,keyword,45,13,585,芝士奶盖抹茶
2024-04-20,周六,柠檬茶,阴,True,False,53,16,848,柠檬茶,百香果绿茶,keyword,53,16,848,百香果绿茶
2024-05-21,周二,水果茶,阴,False,False,23,12,276,水果茶,百香果绿茶,keyword,23,12,276,百香果绿茶
2024-03-13,周三,杨枝甘露,雪,False,False,23,20,460,杨枝甘露,杨枝甘露奶茶,keyword,23,20,460,杨枝甘露奶茶
2024-03-21,周四,芝士奶盖,晴,False,True,32,20,640,芝士奶盖,芝士奶盖抹茶,keyword,32,20,640,芝士奶盖抹茶
2024-03-20,周三,珍珠奶茶,雪,False,False,14,15,210,珍珠奶茶,黑糖珍珠奶茶,keyword,14,15,210,黑糖珍珠奶茶
2024-04-15,周一,杨枝甘露,多云,False,False,25,19,475,杨枝甘露,杨枝甘露奶茶,keyword,25,19,475,杨枝甘露奶茶
2024-05-14,周二,芋泥波波,阴,False,False,14,11,154,芋泥波波,芋泥波波奶茶,keyword,14,11,154,芋泥波波奶茶
2024-04-03,周三,杨枝甘露,晴,False,False,17,19,323,杨枝甘露,杨枝甘露奶茶,keyword,17,19,323,杨枝甘露奶茶
2024-05-02,周四,珍珠奶茶,晴,False,False,33,12,396,珍珠奶茶,黑糖珍珠奶茶,keyword,33,12,396,黑糖珍珠奶茶
2024-04-23,周二,水果茶,阴,False,False,-1,14,308,水果茶,百香果绿茶,keyword,1,14,14,百香果绿茶
2024-05-24,周五,冰美式,晴,False,False,16,17,272,冰美式,金凤乌龙奶茶,keyword,16,17,272,金凤乌龙奶茶
2024-05-16,周四,可可奶茶,多云,False,False,14,11,154,可可奶茶,红丝绒可可奶茶,keyword,14,11,154,红丝绒可可奶茶
2024-03-04,周一,可可奶茶,雪,False,False,12,13,156,可可奶茶,红丝绒可可奶茶,keyword,12,13,156,红丝绒可可奶茶
2024-03-15,周五,柠檬茶,雨,False,False,19,14,266,柠檬茶,百香果绿茶,keyword,19,14,266,百香果绿茶
2024-03-26,周二,芋泥波波,雪,False,False,28,17,476,芋泥波波,芋泥波波奶茶,keyword,28,17,476,芋泥波波奶茶
2024-04-21,周日,柠檬茶,多云,True,True,53,11,583,柠檬茶,百香果绿茶,keyword,53,11,583,百香果绿茶
2024-04-24,周三,冰美式,雨,False,False,27,16,432,冰美式,金凤乌龙奶茶,keyword,27,16,432,金凤乌龙奶茶
2024-05-12,周日,芝士奶盖,晴,True,False,36,18,648,芝士奶盖,芝士奶盖抹茶,keyword,36,18,648,芝士奶盖抹茶
2024-04-15,周一,柠檬茶,多云,False,False,17,12,204,柠檬茶,百香果绿茶,keyword,17,12,204,百香果绿茶
2024-03-16,周六,珍珠奶茶,晴,True,False,38,15,570,珍珠奶茶,黑糖珍珠奶茶,keyword,38,15,570,黑糖珍珠奶茶
2024-04-11,周四,柠檬茶,阴,False,False,15,18,270,柠檬茶,百香果绿茶,keyword,15,18,270,百香果绿茶
2024-04-25,周四,芝士奶盖,多云,False,True,44,10,440,芝士奶盖,芝士奶盖抹茶,keyword,44,10,440,芝士奶盖抹茶
2024-04-23,周二,芋泥波波,阴,False,True,37,16,592,芋泥波波,芋泥波波奶茶,keyword,37,16,592,芋泥波波奶茶
2024-04-21,周日,珍珠奶茶,雪,True,True,62,12,744,珍珠奶茶,黑糖珍珠奶茶,keyword,62,12,744,黑糖珍珠奶茶
2024-04-10,周三,抹茶拿铁,阴,False,False,18,17,306,抹茶拿铁,芝士奶盖抹茶,keyword,18,17,306,芝士奶盖抹茶
2024-03-16,周六,芝士奶盖,晴,True,True,54,12,648,芝士奶盖,芝士奶盖抹茶,keyword,54,12,648,芝士奶盖抹茶
2024-04-11,周四,水果茶,多云,False,True,40,10,400,水果茶,百香果绿茶,keyword,40,10,400,百香果绿茶
2024-05-18,周六,水果茶,多云,True,False,42,17,714,水果茶,百香果绿茶,keyword,42,17,714,百香果绿茶
2024-04-10,周三,杨枝甘露,阴,False,False,31,22,682,杨枝甘露,杨枝甘露奶茶,keyword,31,22,682,杨枝甘露奶茶
2024-05-01,周三,抹茶拿铁,雨,False,False,25,13,325,抹茶拿铁,芝士奶盖抹茶,keyword,25,13,325,芝士奶盖抹茶
2024-04-07,周日,芋泥波波,雪,True,False,39,20,780,芋泥波波,芋泥波波奶茶,keyword,39,20,780,芋泥波波奶茶
2024-03-27,周三,芋泥波波,阴,False,True,32,13,416,芋泥波波,芋泥波波奶茶,keyword,32,13,416,芋泥波波奶茶
2024-04-19,周五,柠檬茶,晴,False,False,34,18,612,柠檬茶,百香果绿茶,keyword,34,18,612,百香果绿茶
2024-04-16,周二,水果茶,雪,False,False,30,13,390,水果茶,百香果绿茶,keyword,30,13,390,百香果绿茶
2024-04-24,周三,杨枝甘露,雪,False,False,21,21,441,杨枝甘露,杨枝甘露奶茶,keyword,21,21,441,杨枝甘露奶茶
2024-03-15,周五,柠檬茶,阴,False,True,27,20,540,柠檬茶,百香果绿茶,keyword,27,20,540,百香果绿茶
2024-04-25,周四,可可奶茶,晴,False,False,0,11,275,可可奶茶,红丝绒可可奶茶,keyword,1,11,11,红丝绒可可奶茶
2024-04-24,周三,柠檬茶,多云,False,False,28,14,392,柠檬茶,百香果绿茶,keyword,28,14,392,百香果绿茶
2024-05-03,周五,可可奶茶,晴,False,False,33,13,429,可可奶茶,红丝绒可可奶茶,keyword,33,13,429,红丝绒可可奶茶
2024-03-29,周五,芋泥波波,晴,False,False,14,11,154,芋泥波波,芋泥波波奶茶,keyword,14,11,154,芋泥波波奶茶
2024-04-05,周五,柠檬茶,阴,False,False,25,14,350,柠檬茶,百香果绿茶,keyword,25,14,350,百香果绿茶
2024-03-22,周五,柠檬茶,雨,False,False,35,11,385,柠檬茶,百香果绿茶,keyword,35,11,385,百香果绿茶
2024-05-29,周三,冰美式,雨,False,False,28,12,336,冰美式,金凤乌龙奶茶,keyword,28,12,336,金凤乌龙奶茶
2024-03-09,周六,杨枝甘露,雨,True,False,32,18,576,杨枝甘露,杨枝甘露奶茶,keyword,32,18,576,杨枝甘露奶茶
2024-04-24,周三,芝士奶盖,多云,False,False,11,12,132,芝士奶盖,芝士奶盖抹茶,keyword,11,12,132,芝士奶盖抹茶
2024-03-02,周六,冰美式,阴,True,False,43,13,559,冰美式,金凤乌龙奶茶,keyword,43,13,559,金凤乌龙奶茶
2024-03-06,周三,珍珠奶茶,多云,False,False,21,13,273,珍珠奶茶,黑糖珍珠奶茶,keyword,21,13,273,黑糖珍珠奶茶
2024-05-24,周五,冰美式,晴,False,False,0,20,660,冰美式,金凤乌龙奶茶,keyword,1,20,20,金凤乌龙奶茶
2024-03-29,周五,杨枝甘露,阴,False,True,46,20,920,杨枝甘露,杨枝甘露奶茶,keyword,46,20,920,杨枝甘露奶茶
2024-03-12,周二,柠檬茶,晴,False,False,32,20,640,柠檬茶,百香果绿茶,keyword,32,20,640,百香果绿茶
2024-04-27,周六,可可奶茶,雨,True,False,35,15,525,可可奶茶,红丝绒可可奶茶,keyword,35,15,525,红丝绒可可奶茶
2024-04-28,周日,冰美式,雨,True,True,53,20,1060,冰美式,金凤乌龙奶茶,keyword,53,20,1060,金凤乌龙奶茶
2024-05-27,周一,杨枝甘露,雪,False,False,21,20,420,杨枝甘露,杨枝甘露奶茶,keyword,21,20,420,杨枝甘露奶茶
2024-04-09,周二,珍珠奶茶,雨,False,False,23,12,276,珍珠奶茶,黑糖珍珠奶茶,keyword,23,12,276,黑糖珍珠奶茶
2024-03-26,周二,水果茶,雨,False,False,19,15,285,水果茶,百香果绿茶,keyword,19,15,285,百香果绿茶
2024-05-26,周日,水果茶,阴,True,False,39,14,546,水果茶,百香果绿茶,keyword,39,14,546,百香果绿茶
2024-05-12,周日,抹茶拿铁,多云,True,False,48,11,528,抹茶拿铁,芝士奶盖抹茶,keyword,48,11,528,芝士奶盖抹茶
2024-04-26,周五,芝士奶盖,阴,False,False,28,16,448,芝士奶盖,芝士奶盖抹茶,keyword,28,16,448,芝士奶盖抹茶
2024-04-29,周一,珍珠奶茶,阴,False,True,31,14,434,珍珠奶茶,黑糖珍珠奶茶,keyword,31,14,434,黑糖珍珠奶茶
2024-05-14,周二,可可奶茶,多云,False,False,30,14,420,可可奶茶,红丝绒可可奶茶,keyword,30,14,420,红丝绒可可奶茶
2024-04-20,周六,杨枝甘露,晴,True,False,45,21,945,杨枝甘露,杨枝甘露奶茶,keyword,45,21,945,杨枝甘露奶茶
2024-03-11,周一,珍珠奶茶,晴,False,False,19,14,266,珍珠奶茶,黑糖珍珠奶茶,keyword,19,14,266,黑糖珍珠奶茶
2024-05-28,周二,芝士奶盖,晴,False,False,21,18,378,芝士奶盖,芝士奶盖抹茶,keyword,21,18,378,芝士奶盖抹茶
2024-03-07,周四,柠檬茶,雪,False,False,21,12,252,柠檬茶,百香果绿茶,keyword,21,12,252,百香果绿茶
2024-05-26,周日,杨枝甘露,雨,True,False,34,21,714,杨枝甘露,杨枝甘露奶茶,keyword,34,21,714,杨枝甘露奶茶
2024-03-26,周二,芋泥波波,晴,False,True,31,11,341,芋泥波波,芋泥波波奶茶,keyword,31,11,341,芋泥波波奶茶
2024-03-14,周四,抹茶拿铁,雪,False,False,10,11,110,抹茶拿铁,芝士奶盖抹茶,keyword,10,11,110,芝士奶盖抹茶
2024-05-01,周三,杨枝甘露,雪,False,False,26,21,546,杨枝甘露,杨枝甘露奶茶,keyword,26,21,546,杨枝甘露奶茶
2024-05-18,周六,芋泥波波,多云,True,False,40,12,480,芋泥波波,芋泥波波奶茶,keyword,40,12,480,芋泥波波奶茶
2024-05-24,周五,柠檬茶,雪,False,False,23,13,299,柠檬茶,百香果绿茶,keyword,23,13,299,百香果绿茶
2024-05-29,周三,芋泥波波,阴,False,False,26,10,260,芋泥波波,芋泥波波奶茶,keyword,26,10,260,芋泥波波奶茶
2024-03-16,周六,冰美式,晴,True,False,37,20,740,冰美式,金凤乌龙奶茶,keyword,37,20,740,金凤乌龙奶茶
2024-05-24,周五,冰美式,晴,False,False,29,12,348,冰美式,金凤乌龙奶茶,keyword,29,12,348,金凤乌龙奶茶
2024-05-30,周四,可可奶茶,雪,False,True,44,15,660,可可奶茶,红丝绒可可奶茶,keyword,44,15,660,红丝绒可可奶茶
2024-05-12,周日,芝士奶盖,多云,True,False,49,14,686,芝士奶盖,芝士奶盖抹茶,keyword,49,14,686,芝士奶盖抹茶
2024-03-09,周六,抹茶拿铁,阴,True,False,39,19,741,抹茶拿铁,芝士奶盖抹茶,keyword,39,19,741,芝士奶盖抹茶
2024-05-04,周六,可可奶茶,多云,True,False,42,19,798,可可奶茶,红丝绒可可奶茶,keyword,42,19,798,红丝绒可可奶茶
2024-05-19,周日,水果茶,晴,True,True,42,11,462,水果茶,百香果绿茶,keyword,42,11,462,百香果绿茶
2024-05-03,周五,抹茶拿铁,多云,False,False,23,11,253,抹茶拿铁,芝士奶盖抹茶,keyword,23,11,253,芝士奶盖抹茶
2024-03-23,周六,水果茶,晴,True,True,53,10,530,水果茶,百香果绿茶,keyword,53,10,530,百香果绿茶
2024-03-10,周日,抹茶拿铁,雪,True,False,36,12,432,抹茶拿铁,芝士奶盖抹茶,keyword,36,12,432,芝士奶盖抹茶
2024-05-29,周三,抹茶拿铁,多云,False,False,31,18,558,抹茶拿铁,芝士奶盖抹茶,keyword,31,18,558,芝士奶盖抹茶
2024-04-02,周二,抹茶拿铁,雨,False,False,26,16,416,抹茶拿铁,芝士奶盖抹茶,keyword,26,16,416,芝士奶盖抹茶
2024-03-25,周一,芋泥波波,晴,False,False,12,10,120,芋泥波波,芋泥波波奶茶,keyword,12,10,120,芋泥波波奶茶
2024-04-22,周一,冰美式,雨,False,True,40,17,680,冰美式,金凤乌龙奶茶,keyword,40,17,680,金凤乌龙奶茶
2024-03-27,周三,冰美式,雪,False,False,34,18,612,冰美式,金凤乌龙奶茶,keyword,34,18,612,金凤乌龙奶茶
2024-03-09,周六,抹茶拿铁,阴,True,False,47,11,517,抹茶拿铁,芝士奶盖抹茶,keyword,47,11,517,芝士奶盖抹茶
2024-03-03,周日,柠檬茶,雨,True,False,46,12,552,柠檬茶,百香果绿茶,keyword,46,12,552,百香果绿茶
2024-03-10,周日,可可奶茶,多云,True,False,52,18,936,可可奶茶,红丝绒可可奶茶,keyword,52,18,936,红丝绒可可奶茶
2024-05-19,周日,珍珠奶茶,晴,True,False,0,12,552,珍珠奶茶,黑糖珍珠奶茶,keyword,1,12,12,黑糖珍珠奶茶
2024-04-03,周三,柠檬茶,晴,False,True,43,20,860,柠檬茶,百香果绿茶,keyword,43,20,860,百香果绿茶
2024-03-08,周五,柠檬茶,晴,False,False,34,19,646,柠檬茶,百香果绿茶,keyword,34,19,646,百香果绿茶
2024-03-05,周二,芝士奶盖,阴,False,False,21,11,231,芝士奶盖,芝士奶盖抹茶,keyword,21,11,231,芝士奶盖抹茶
2024-05-01,周三,杨枝甘露,晴,False,True,43,19,817,杨枝甘露,杨枝甘露奶茶,keyword,43,19,817,杨枝甘露奶茶
2024-04-25,周四,抹茶拿铁,多云,False,True,29,13,377,抹茶拿铁,芝士奶盖抹茶,keyword,29,13,377,芝士奶盖抹茶
2024-04-18,周四,珍珠奶茶,晴,False,False,31,13,403,珍珠奶茶,黑糖珍珠奶茶,keyword,31,13,403,黑糖珍珠奶茶
2024-04-24,周三,可可奶茶,晴,False,False,23,15,345,可可奶茶,红丝绒可可奶茶,keyword,23,15,345,红丝绒可可奶茶
2024-04-13,周六,水果茶,多云,True,False,35,10,350,水果茶,百香果绿茶,keyword,35,10,350,百香果绿茶
2024-05-08,周三,冰美式,晴,False,False,14,10,140,冰美式,金凤乌龙奶茶,keyword,14,10,140,金凤乌龙奶茶
2024-03-17,周日,抹茶拿铁,雨,True,True,54,20,1080,抹茶拿铁,芝士奶盖抹茶,keyword,54,20,1080,芝士奶盖抹茶
2024-04-07,周日,杨枝甘露,阴,True,False,45,18,810,杨枝甘露,杨枝甘露奶茶,keyword,45,18,810,杨枝甘露奶茶
2024-05-09,周四,柠檬茶,雨,False,False,37,15,555,柠檬茶,百香果绿茶,keyword,37,15,555,百香果绿茶
2024-04-07,周日,柠檬茶,雨,True,False,59,11,649,柠檬茶,百香果绿茶,keyword,59,11,649,百香果绿茶
2024-04-22,周一,冰美式,雨,False,True,45,13,585,冰美式,金凤乌龙奶茶,keyword,45,13,585,金凤乌龙奶茶
2024-05-10,周五,柠檬茶,雨,False,True,40,20,800,柠檬茶,百香果绿茶,keyword,40,20,800,百香果绿茶
2024-03-15,周五,珍珠奶茶,晴,False,False,34,15,510,珍珠奶茶,黑糖珍珠奶茶,keyword,34,15,510,黑糖珍珠奶茶
2024-03-11,周一,珍珠奶茶,雪,False,False,18,15,270,珍珠奶茶,黑糖珍珠奶茶,keyword,18,15,270,黑糖珍珠奶茶
2024-03-06,周三,柠檬茶,阴,False,True,40,10,400,柠檬茶,百香果绿茶,keyword,40,10,400,百香果绿茶
2024-03-05,周二,可可奶茶,晴,False,False,26,14,364,可可奶茶,红丝绒可可奶茶,keyword,26,14,364,红丝绒可可奶茶
2024-05-15,周三,柠檬茶,雨,False,False,30,10,300,柠檬茶,百香果绿茶,keyword,30,10,300,百香果绿茶
2024-05-10,周五,水果茶,雪,False,False,28,19,532,水果茶,百香果绿茶,keyword,28,19,532,百香果绿茶
2024-04-03,周三,杨枝甘露,阴,False,False,25,19,475,杨枝甘露,杨枝甘露奶茶,keyword,25,19,475,杨枝甘露奶茶
2024-03-05,周二,冰美式,雨,False,False,22,20,440,冰美式,金凤乌龙奶茶,keyword,22,20,440,金凤乌龙奶茶
2024-05-17,周五,珍珠奶茶,雨,False,False,18,14,252,珍珠奶茶,黑糖珍珠奶茶,keyword,18,14,252,黑糖珍珠奶茶
2024-04-26,周五,抹茶拿铁,阴,False,True,25,17,425,抹茶拿铁,芝士奶盖抹茶,keyword,25,17,425,芝士奶盖抹茶
2024-05-11,周六,柠檬茶,晴,True,False,39,14,546,柠檬茶,百香果绿茶,keyword,39,14,546,百香果绿茶
2024-05-10,周五,芝士奶盖,阴,False,True,30,17,510,芝士奶盖,芝士奶盖抹茶,keyword,30,17,510,芝士奶盖抹茶
2024-05-20,周一,杨枝甘露,雪,False,False,17,18,306,杨枝甘露,杨枝甘露奶茶,keyword,17,18,306,杨枝甘露奶茶
2024-03-24,周日,可可奶茶,雪,True,False,47,13,611,可可奶茶,红丝绒可可奶茶,keyword,47,13,611,红丝绒可可奶茶
2024-05-16,周四,柠檬茶,晴,False,True,39,18,702,柠檬茶,百香果绿茶,keyword,39,18,702,百香果绿茶
2024-03-27,周三,芝士奶盖,阴,False,True,999,12,492,芝士奶盖,芝士奶盖抹茶,keyword,999,12,11988,芝士奶盖抹茶
2024-04-16,周二,芝士奶盖,雨,False,False,0,19,513,芝士奶盖,芝士奶盖抹茶,keyword,1,19,19,芝士奶盖抹茶
2024-05-05,周日,冰美式,多云,True,False,45,10,450,冰美式,金凤乌龙奶茶,keyword,45,10,450,金凤乌龙奶茶
2024-03-20,周三,水果茶,晴,False,False,15,19,285,水果茶,百香果绿茶,keyword,15,19,285,百香果绿茶
2024-05-13,周一,可可奶茶,雪,False,False,31,10,310,可可奶茶,红丝绒可可奶茶,keyword,31,10,310,红丝绒可可奶茶
2024-05-24,周五,可可奶茶,雨,False,False,33,14,462,可可奶茶,红丝绒可可奶茶,keyword,33,14,462,红丝绒可可奶茶
2024-04-12,周五,柠檬茶,多云,False,False,22,13,286,柠檬茶,百香果绿茶,keyword,22,13,286,百香果绿茶
2024-04-22,周一,芝士奶盖,雨,False,False,13,15,195,芝士奶盖,芝士奶盖抹茶,keyword,13,15,195,芝士奶盖抹茶
2024-05-17,周五,柠檬茶,阴,False,False,26,18,468,柠檬茶,百香果绿茶,keyword,26,18,468,百香果绿茶
2024-04-22,周一,冰美式,雪,False,False,18,15,270,冰美式,金凤乌龙奶茶,keyword,18,15,270,金凤乌龙奶茶
2024-03-11,周一,水果茶,雪,False,False,32,17,544,水果茶,百香果绿茶,keyword,32,17,544,百香果绿茶
2024-03-26,周二,杨枝甘露,晴,False,True,44,22,968,杨枝甘露,杨枝甘露奶茶,keyword,44,22,968,杨枝甘露奶茶
2024-04-30,周二,芋泥波波,晴,False,False,14,12,168,芋泥波波,芋泥波波奶茶,keyword,14,12,168,芋泥波波奶茶
2024-03-17,周日,可可奶茶,阴,True,False,46,12,552,可可奶茶,红丝绒可可奶茶,keyword,46,12,552,红丝绒可可奶茶
2024-05-11,周六,柠檬茶,晴,True,False,39,19,741,柠檬茶,百香果绿茶,keyword,39,19,741,百香果绿茶
2024-03-14,周四,珍珠奶茶,雨,False,False,18,15,270,珍珠奶茶,黑糖珍珠奶茶,keyword,18,15,270,黑糖珍珠奶茶
2024-03-01,周五,冰美式,阴,False,False,28,12,336,冰美式,金凤乌龙奶茶,keyword,28,12,336,金凤乌龙奶茶
2024-05-07,周二,冰美式,雨,False,False,28,12,336,冰美式,金凤乌龙奶茶,keyword,28,12,336,金凤乌龙奶茶
2024-03-06,周三,柠檬茶,雪,False,False,32,15,480,柠檬茶,百香果绿茶,keyword,32,15,480,百香果绿茶
2024-04-06,周六,杨枝甘露,雨,True,False,35,19,665,杨枝甘露,杨枝甘露奶茶,keyword,35,19,665,杨枝甘露奶茶
2024-03-27,周三,可可奶茶,晴,False,False,15,18,270,可可奶茶,红丝绒可可奶茶,keyword,15,18,270,红丝绒可可奶茶
2024-03-25,周一,珍珠奶茶,晴,False,False,29,15,435,珍珠奶茶,黑糖珍珠奶茶,keyword,29,15,435,黑糖珍珠奶茶
2024-05-06,周一,杨枝甘露,雨,False,False,25,21,525,杨枝甘露,杨枝甘露奶茶,keyword,25,21,525,杨枝甘露奶茶
2024-03-11,周一,柠檬茶,雨,False,False,23,17,391,柠檬茶,百香果绿茶,keyword,23,17,391,百香果绿茶
2024-05-05,周日,芋泥波波,晴,True,False,43,15,645,芋泥波波,芋泥波波奶茶,keyword,43,15,645,芋泥波波奶茶
2024-05-11,周六,珍珠奶茶,晴,True,False,54,15,810,珍珠奶茶,黑糖珍珠奶茶,keyword,54,15,810,黑糖珍珠奶茶
2024-03-29,周五,柠檬茶,阴,False,True,37,14,518,柠檬茶,百香果绿茶,keyword,37,14,518,百香果绿茶
2024-05-21,周二,芋泥波波,晴,False,False,23,18,414,芋泥波波,芋泥波波奶茶,keyword,23,18,414,芋泥波波奶茶
2024-05-30,周四,杨枝甘露,阴,False,False,20,21,420,杨枝甘露,杨枝甘露奶茶,keyword,20,21,420,杨枝甘露奶茶
2024-03-31,周日,芝士奶盖,雪,True,False,42,14,588,芝士奶盖,芝士奶盖抹茶,keyword,42,14,588,芝士奶盖抹茶
2024-04-07,周日,抹茶拿铁,阴,True,False,48,17,816,抹茶拿铁,芝士奶盖抹茶,keyword,48,17,816,芝士奶盖抹茶
2024-03-29,周五,芋泥波波,阴,False,False,24,13,312,芋泥波波,芋泥波波奶茶,keyword,24,13,312,芋泥波波奶茶
2024-03-15,周五,杨枝甘露,雨,False,False,29,21,609,杨枝甘露,杨枝甘露奶茶,keyword,29,21,609,杨枝甘露奶茶
2024-05-01,周三,抹茶拿铁,多云,False,True,45,13,585,抹茶拿铁,芝士奶盖抹茶,keyword,45,13,585,芝士奶盖抹茶
2024-04-22,周一,珍珠奶茶,雨,False,False,26,15,390,珍珠奶茶,黑糖珍珠奶茶,keyword,26,15,390,黑糖珍珠奶茶
2024-04-24,周三,水果茶,晴,False,False,21,15,315,水果茶,百香果绿茶,keyword,21,15,315,百香果绿茶
2024-05-20,周一,芋泥波波,多云,False,False,20,10,200,芋泥波波,芋泥波波奶茶,keyword,20,10,200,芋泥波波奶茶
2024-03-12,周二,芝士奶盖,雪,False,True,39,13,507,芝士奶盖,芝士奶盖抹茶,keyword,39,13,507,芝士奶盖抹茶
2024-03-26,周二,杨枝甘露,多云,False,False,24,20,480,杨枝甘露,杨枝甘露奶茶,keyword,24,20,480,杨枝甘露奶茶
2024-03-28,周四,可可奶茶,晴,False,True,35,11,385,可可奶茶,红丝绒可可奶茶,keyword,35,11,385,红丝绒可可奶茶
2024-05-02,周四,珍珠奶茶,雨,False,False,999,13,234,珍珠奶茶,黑糖珍珠奶茶,keyword,999,13,12987,黑糖珍珠奶茶
2024-03-16,周六,水果茶,阴,True,True,60,11,660,水果茶,百香果绿茶,keyword,60,11,660,百香果绿茶
2024-05-30,周四,水果茶,晴,False,False,18,19,342,水果茶,百香果绿茶,keyword,18,19,342,百香果绿茶
2024-03-13,周三,冰美式,多云,False,False,26,15,390,冰美式,金凤乌龙奶茶,keyword,26,15,390,金凤乌龙奶茶
2024-04-06,周六,可可奶茶,多云,True,False,48,16,768,可可奶茶,红丝绒可可奶茶,keyword,48,16,768,红丝绒可可奶茶
2024-05-09,周四,芋泥波波,多云,False,False,24,16,384,芋泥波波,芋泥波波奶茶,keyword,24,16,384,芋泥波波奶茶
2024-04-27,周六,芝士奶盖,雪,True,True,59,12,708,芝士奶盖,芝士奶盖抹茶,keyword,59,12,708,芝士奶盖抹茶
2024-03-11,周一,芋泥波波,多云,False,False,22,19,418,芋泥波波,芋泥波波奶茶,keyword,22,19,418,芋泥波波奶茶
2024-03-19,周二,水果茶,雪,False,False,34,13,442,水果茶,百香果绿茶,keyword,34,13,442,百香果绿茶
2024-05-12,周日,冰美式,晴,True,False,41,18,738,冰美式,金凤乌龙奶茶,keyword,41,18,738,金凤乌龙奶茶
2024-05-09,周四,抹茶拿铁,多云,False,False,27,18,486,抹茶拿铁,芝士奶盖抹茶,keyword,27,18,486,芝士奶盖抹茶
2024-03-11,周一,芋泥波波,晴,False,False,23,12,276,芋泥波波,芋泥波波奶茶,keyword,23,12,276,芋泥波波奶茶
2024-03-16,周六,杨枝甘露,阴,True,False,32,18,576,杨枝甘露,杨枝甘露奶茶,keyword,32,18,576,杨枝甘露奶茶
2024-05-03,周五,杨枝甘露,多云,False,False,33,21,693,杨枝甘露,杨枝甘露奶茶,keyword,33,21,693,杨枝甘露奶茶
2024-04-07,周日,芋泥波波,雨,True,False,48,14,672,芋泥波波,芋泥波波奶茶,keyword,48,14,672,芋泥波波奶茶
2024-05-18,周六,芝士奶盖,多云,True,True,71,13,923,芝士奶盖,芝士奶盖抹茶,keyword,71,13,923,芝士奶盖抹茶
2024-05-31,周五,芝士奶盖,阴,False,False,23,12,276,芝士奶盖,芝士奶盖抹茶,keyword,23,12,276,芝士奶盖抹茶
2024-05-31,周五,抹茶拿铁,雨,False,False,12,17,204,抹茶拿铁,芝士奶盖抹茶,keyword,12,17,204,芝士奶盖抹茶
2024-03-08,周五,冰美式,雪,False,True,49,18,882,冰美式,金凤乌龙奶茶,keyword,49,18,882,金凤乌龙奶茶
2024-04-14,周日,珍珠奶茶,雨,True,False,37,14,518,珍珠奶茶,黑糖珍珠奶茶,keyword,37,14,518,黑糖珍珠奶茶
2024-03-14,周四,柠檬茶,多云,False,False,19,12,228,柠檬茶,百香果绿茶,keyword,19,12,228,百香果绿茶
2024-05-15,周三,水果茶,雪,False,False,29,19,551,水果茶,百香果绿茶,keyword,29,19,551,百香果绿茶
2024-05-18,周六,抹茶拿铁,多云,True,True,47,11,517,抹茶拿铁,芝士奶盖抹茶,keyword,47,11,517,芝士奶盖抹茶
2024-05-18,周六,杨枝甘露,多云,True,False,29,20,580,杨枝甘露,杨枝甘露奶茶,keyword,29,20,580,杨枝甘露奶茶
2024-03-07,周四,杨枝甘露,阴,False,False,29,20,580,杨枝甘露,杨枝甘露奶茶,keyword,29,20,580,杨枝甘露奶茶
2024-03-16,周六,柠檬茶,阴,True,False,48,17,816,柠檬茶,百香果绿茶,keyword,48,17,816,百香果绿茶
2024-05-06,周一,芝士奶盖,雪,False,False,14,20,280,芝士奶盖,芝士奶盖抹茶,keyword,14,20,280,芝士奶盖抹茶
2024-05-31,周五,杨枝甘露,雪,False,False,27,18,486,杨枝甘露,杨枝甘露奶茶,keyword,27,18,486,杨枝甘露奶茶
2024-04-25,周四,芝士奶盖,晴,False,False,22,20,440,芝士奶盖,芝士奶盖抹茶,keyword,22,20,440,芝士奶盖抹茶
2024-04-24,周三,柠檬茶,阴,False,False,16,13,208,柠檬茶,百香果绿茶,keyword,16,13,208,百香果绿茶
2024-05-07,周二,柠檬茶,雪,False,False,11,15,165,柠檬茶,百香果绿茶,keyword,11,15,165,百香果绿茶
2024-05-04,周六,珍珠奶茶,雨,True,True,68,15,1020,珍珠奶茶,黑糖珍珠奶茶,keyword,68,15,1020,黑糖珍珠奶茶
2024-05-20,周一,抹茶拿铁,多云,False,False,35,18,630,抹茶拿铁,芝士奶盖抹茶,keyword,35,18,630,芝士奶盖抹茶
2024-03-05,周二,芝士奶盖,雪,False,False,12,12,144,芝士奶盖,芝士奶盖抹茶,keyword,12,12,144,芝士奶盖抹茶
2024-03-17,周日,芋泥波波,晴,True,True,58,15,870,芋泥波波,芋泥波波奶茶,keyword,58,15,870,芋泥波波奶茶
2024-04-10,周三,杨枝甘露,雪,False,True,47,21,987,杨枝甘露,杨枝甘露奶茶,keyword,47,21,987,杨枝甘露奶茶
2024-05-25,周六,珍珠奶茶,多云,True,False,35,13,455,珍珠奶茶,黑糖珍珠奶茶,keyword,35,13,455,黑糖珍珠奶茶
2024-03-11,周一,杨枝甘露,晴,False,False,27,22,594,杨枝甘露,杨枝甘露奶茶,keyword,27,22,594,杨枝甘露奶茶
2024-05-21,周二,珍珠奶茶,雨,False,False,20,14,280,珍珠奶茶,黑糖珍珠奶茶,keyword,20,14,280,黑糖珍珠奶茶
2024-05-29,周三,芋泥波波,晴,False,True,37,11,407,芋泥波波,芋泥波波奶茶,keyword,37,11,407,芋泥波波奶茶
2024-05-15,周三,珍珠奶茶,晴,False,False,20,15,300,珍珠奶茶,黑糖珍珠奶茶,keyword,20,15,300,黑糖珍珠奶茶
2024-03-18,周一,冰美式,阴,False,False,23,14,322,冰美式,金凤乌龙奶茶,keyword,23,14,322,金凤乌龙奶茶
2024-04-14,周日,可可奶茶,多云,True,True,64,12,768,可可奶茶,红丝绒可可奶茶,keyword,64,12,768,红丝绒可可奶茶
2024-03-27,周三,水果茶,雨,False,False,29,18,522,水果茶,百香果绿茶,keyword,29,18,522,百香果绿茶
2024-04-04,周四,芋泥波波,雨,False,False,20,10,200,芋泥波波,芋泥波波奶茶,keyword,20,10,200,芋泥波波奶茶
2024-05-06,周一,杨枝甘露,多云,False,False,30,20,600,杨枝甘露,杨枝甘露奶茶,keyword,30,20,600,杨枝甘露奶茶
2024-05-24,周五,冰美式,雨,False,False,21,15,315,冰美式,金凤乌龙奶茶,keyword,21,15,315,金凤乌龙奶茶
2024-03-02,周六,杨枝甘露,阴,True,False,48,18,864,杨枝甘露,杨枝甘露奶茶,keyword,48,18,864,杨枝甘露奶茶
2024-04-28,周日,冰美式,阴,True,False,50,13,650,冰美式,金凤乌龙奶茶,keyword,50,13,650,金凤乌龙奶茶
2024-04-17,周三,冰美式,阴,False,False,24,10,240,冰美式,金凤乌龙奶茶,keyword,24,10,240,金凤乌龙奶茶
2024-03-30,周六,可可奶茶,阴,True,False,32,19,608,可可奶茶,红丝绒可可奶茶,keyword,32,19,608,红丝绒可可奶茶
2024-03-04,周一,杨枝甘露,雨,False,False,23,19,437,杨枝甘露,杨枝甘露奶茶,keyword,23,19,437,杨枝甘露奶茶
2024-05-12,周日,杨枝甘露,雨,True,False,29,18,522,杨枝甘露,杨枝甘露奶茶,keyword,29,18,522,杨枝甘露奶茶
2024-03-19,周二,芝士奶盖,阴,False,True,44,12,528,芝士奶盖,芝士奶盖抹茶,keyword,44,12,528,芝士奶盖抹茶
2024-03-20,周三,可可奶茶,晴,False,False,26,11,286,可可奶茶,红丝绒可可奶茶,keyword,26,11,286,红丝绒可可奶茶
2024-05-27,周一,水果茶,阴,False,False,23,13,299,水果茶,百香果绿茶,keyword,23,13,299,百香果绿茶
2024-03-13,周三,水果茶,雨,False,False,16,16,256,水果茶,百香果绿茶,keyword,16,16,256,百香果绿茶
2024-04-06,周六,水果茶,阴,True,False,49,17,833,水果茶,百香果绿茶,keyword,49,17,833,百香果绿茶
2024-05-15,周三,珍珠奶茶,雪,False,True,35,14,490,珍珠奶茶,黑糖珍珠奶茶,keyword,35,14,490,黑糖珍珠奶茶
2024-03-01,周五,冰美式,晴,False,False,24,17,408,冰美式,金凤乌龙奶茶,keyword,24,17,408,金凤乌龙奶茶
2024-05-06,周一,芋泥波波,晴,False,False,25,20,500,芋泥波波,芋泥波波奶茶,keyword,25,20,500,芋泥波波奶茶
2024-03-02,周六,杨枝甘露,多云,True,False,999,21,861,杨枝甘露,杨枝甘露奶茶,keyword,999,21,20979,杨枝甘露奶茶
2024-05-25,周六,水果茶,晴,True,False,42,20,840,水果茶,百香果绿茶,keyword,42,20,840,百香果绿茶
2024-04-27,周六,可可奶茶,阴,True,False,44,15,660,可可奶茶,红丝绒可可奶茶,keyword,44,15,660,红丝绒可可奶茶
2024-03-23,周六,水果茶,阴,True,False,999,12,516,水果茶,百香果绿茶,keyword,999,12,11988,百香果绿茶
2024-03-06,周三,芋泥波波,阴,False,False,34,20,680,芋泥波波,芋泥波波奶茶,keyword,34,20,680,芋泥波波奶茶
2024-04-24,周三,芝士奶盖,晴,False,False,21,14,294,芝士奶盖,芝士奶盖抹茶,keyword,21,14,294,芝士奶盖抹茶
2024-03-03,周日,抹茶拿铁,雨,True,False,44,11,484,抹茶拿铁,芝士奶盖抹茶,keyword,44,11,484,芝士奶盖抹茶
2024-03-05,周二,可可奶茶,多云,False,True,41,12,492,可可奶茶,红丝绒可可奶茶,keyword,41,12,492,红丝绒可可奶茶
2024-05-21,周二,抹茶拿铁,雨,False,False,30,19,570,抹茶拿铁,芝士奶盖抹茶,keyword,30,19,570,芝士奶盖抹茶
2024-05-07,周二,冰美式,晴,False,True,39,12,468,冰美式,金凤乌龙奶茶,keyword,39,12,468,金凤乌龙奶茶
2024-05-21,周二,芋泥波波,雪,False,False,23,15,345,芋泥波波,芋泥波波奶茶,keyword,23,15,345,芋泥波波奶茶
2024-04-08,周一,水果茶,晴,False,True,46,11,506,水果茶,百香果绿茶,keyword,46,11,506,百香果绿茶
2024-04-25,周四,芋泥波波,雪,False,False,20,19,380,芋泥波波,芋泥波波奶茶,keyword,20,19,380,芋泥波波奶茶
2024-04-01,周一,珍珠奶茶,雪,False,False,27,14,378,珍珠奶茶,黑糖珍珠奶茶,keyword,27,14,378,黑糖珍珠奶茶
2024-03-01,周五,水果茶,晴,False,False,26,12,312,水果茶,百香果绿茶,keyword,26,12,312,百香果绿茶
2024-04-29,周一,冰美式,晴,False,False,20,15,300,冰美式,金凤乌龙奶茶,keyword,20,15,300,金凤乌龙奶茶
2024-04-19,周五,抹茶拿铁,雨,False,False,15,17,255,抹茶拿铁,芝士奶盖抹茶,keyword,15,17,255,芝士奶盖抹茶
2024-05-03,周五,柠檬茶,阴,False,False,15,20,300,柠檬茶,百香果绿茶,keyword,15,20,300,百香果绿茶
2024-03-11,周一,抹茶拿铁,晴,False,False,29,15,435,抹茶拿铁,芝士奶盖抹茶,keyword,29,15,435,芝士奶盖抹茶
2024-04-10,周三,抹茶拿铁,晴,False,True,45,19,855,抹茶拿铁,芝士奶盖抹茶,keyword,45,19,855,芝士奶盖抹茶
2024-04-25,周四,水果茶,雨,False,False,17,13,221,水果茶,百香果绿茶,keyword,17,13,221,百香果绿茶
2024-05-08,周三,杨枝甘露,雪,False,False,23,18,414,杨枝甘露,杨枝甘露奶茶,keyword,23,18,414,杨枝甘露奶茶
2024-03-28,周四,芋泥波波,多云,False,False,25,18,450,芋泥波波,芋泥波波奶茶,keyword,25,18,450,芋泥波波奶茶
2024-03-28,周四,水果茶,雨,False,False,28,11,308,水果茶,百香果绿茶,keyword,28,11,308,百香果绿茶
2024-05-27,周一,芝士奶盖,多云,False,False,29,17,493,芝士奶盖,芝士奶盖抹茶,keyword,29,17,493,芝士奶盖抹茶
2024-04-27,周六,杨枝甘露,阴,True,False,38,20,760,杨枝甘露,杨枝甘露奶茶,keyword,38,20,760,杨枝甘露奶茶
2024-05-23,周四,杨枝甘露,阴,False,False,19,21,399,杨枝甘露,杨枝甘露奶茶,keyword,19,21,399,杨枝甘露奶茶
2024-05-21,周二,珍珠奶茶,多云,False,False,25,12,300,珍珠奶茶,黑糖珍珠奶茶,keyword,25,12,300,黑糖珍珠奶茶
2024-04-22,周一,珍珠奶茶,雪,False,False,29,15,435,珍珠奶茶,黑糖珍珠奶茶,keyword,29,15,435,黑糖珍珠奶茶
2024-04-17,周三,珍珠奶茶,雪,False,False,25,13,325,珍珠奶茶,黑糖珍珠奶茶,keyword,25,13,325,黑糖珍珠奶茶
2024-03-31,周日,杨枝甘露,多云,True,False,44,18,792,杨枝甘露,杨枝甘露奶茶,keyword,44,18,792,杨枝甘露奶茶
2024-03-27,周三,冰美式,阴,False,False,33,17,561,冰美式,金凤乌龙奶茶,keyword,33,17,561,金凤乌龙奶茶
2024-03-23,周六,抹茶拿铁,晴,True,False,46,12,552,抹茶拿铁,芝士奶盖抹茶,keyword,46,12,552,芝士奶盖抹茶
2024-03-09,周六,珍珠奶茶,阴,True,False,33,15,495,珍珠奶茶,黑糖珍珠奶茶,keyword,33,15,495,黑糖珍珠奶茶
2024-04-24,周三,芋泥波波,多云,False,False,22,11,242,芋泥波波,芋泥波波奶茶,keyword,22,11,242,芋泥波波奶茶
2024-04-16,周二,水果茶,多云,False,False,27,13,351,水果茶,百香果绿茶,keyword,27,13,351,百香果绿茶
2024-04-12,周五,芋泥波波,阴,False,False,28,15,420,芋泥波波,芋泥波波奶茶,keyword,28,15,420,芋泥波波奶茶
2024-04-26,周五,芝士奶盖,雨,False,False,33,10,330,芝士奶盖,芝士奶盖抹茶,keyword,33,10,330,芝士奶盖抹茶
2024-03-19,周二,可可奶茶,晴,False,False,24,19,456,可可奶茶,红丝绒可可奶茶,keyword,24,19,456,红丝绒可可奶茶
2024-03-20,周三,杨枝甘露,雪,False,False,20,20,400,杨枝甘露,杨枝甘露奶茶,keyword,20,20,400,杨枝甘露奶茶
2024-03-04,周一,柠檬茶,多云,False,False,23,15,345,柠檬茶,百香果绿茶,keyword,23,15,345,百香果绿茶
2024-05-06,周一,水果茶,雪,False,False,30,20,600,水果茶,百香果绿茶,keyword,30,20,600,百香果绿茶
2024-05-04,周六,芝士奶盖,雨,True,False,48,20,960,芝士奶盖,芝士奶盖抹茶,keyword,48,20,960,芝士奶盖抹茶
2024-05-07,周二,抹茶拿铁,阴,False,False,15,20,300,抹茶拿铁,芝士奶盖抹茶,keyword,15,20,300,芝士奶盖抹茶
2024-04-13,周六,柠檬茶,多云,True,False,38,19,722,柠檬茶,百香果绿茶,keyword,38,19,722,百香果绿茶
2024-03-16,周六,柠檬茶,阴,True,False,46,10,460,柠檬茶,百香果绿茶,keyword,46,10,460,百香果绿茶
2024-05-07,周二,柠檬茶,雨,False,True,52,15,780,柠檬茶,百香果绿茶,keyword,52,15,780,百香果绿茶
2024-04-04,周四,可可奶茶,晴,False,False,20,13,260,可可奶茶,红丝绒可可奶茶,keyword,20,13,260,红丝绒可可奶茶
2024-03-24,周日,柠檬茶,阴,True,True,55,18,990,柠檬茶,百香果绿茶,keyword,55,18,990,百香果绿茶
2024-03-25,周一,芋泥波波,雪,False,False,17,13,221,芋泥波波,芋泥波波奶茶,keyword,17,13,221,芋泥波波奶茶
2024-05-14,周二,抹茶拿铁,晴,False,False,24,15,360,抹茶拿铁,芝士奶盖抹茶,keyword,24,15,360,芝士奶盖抹茶
2024-03-10,周日,柠檬茶,晴,True,False,47,13,611,柠檬茶,百香果绿茶,keyword,47,13,611,百香果绿茶
2024-05-15,周三,柠檬茶,雨,False,True,56,17,952,柠檬茶,百香果绿茶,keyword,56,17,952,百香果绿茶
2024-03-25,周一,冰美式,晴,False,False,30,19,570,冰美式,金凤乌龙奶茶,keyword,30,19,570,金凤乌龙奶茶
2024-05-20,周一,杨枝甘露,雪,False,False,24,20,480,杨枝甘露,杨枝甘露奶茶,keyword,24,20,480,杨枝甘露奶茶
2024-05-08,周三,柠檬茶,雨,False,False,39,20,780,柠檬茶,百香果绿茶,keyword,39,20,780,百香果绿茶
2024-03-24,周日,抹茶拿铁,雨,True,False,33,17,561,抹茶拿铁,芝士奶盖抹茶,keyword,33,17,561,芝士奶盖抹茶
2024-03-23,周六,芋泥波波,雨,True,True,60,20,1200,芋泥波波,芋泥波波奶茶,keyword,60,20,1200,芋泥波波奶茶
2024-03-24,周日,柠檬茶,多云,True,False,36,14,504,柠檬茶,百香果绿茶,keyword,36,14,504,百香果绿茶
2024-05-07,周二,抹茶拿铁,雨,False,False,16,19,304,抹茶拿铁,芝士奶盖抹茶,keyword,16,19,304,芝士奶盖抹茶
2024-04-11,周四,杨枝甘露,阴,False,False,18,22,396,杨枝甘露,杨枝甘露奶茶,keyword,18,22,396,杨枝甘露奶茶
2024-04-11,周四,可可奶茶,雪,False,False,29,13,377,可可奶茶,红丝绒可可奶茶,keyword,29,13,377,红丝绒可可奶茶
2024-04-24,周三,冰美式,阴,False,True,38,16,608,冰美式,金凤乌龙奶茶,keyword,38,16,608,金凤乌龙奶茶
2024-03-18,周一,抹茶拿铁,晴,False,False,21,13,273,抹茶拿铁,芝士奶盖抹茶,keyword,21,13,273,芝士奶盖抹茶
2024-03-26,周二,柠檬茶,雨,False,True,47,17,799,柠檬茶,百香果绿茶,keyword,47,17,799,百香果绿茶
2024-05-15,周三,抹茶拿铁,阴,False,False,18,13,234,抹茶拿铁,芝士奶盖抹茶,keyword,18,13,234,芝士奶盖抹茶
2024-05-17,周五,冰美式,晴,False,True,47,14,658,冰美式,金凤乌龙奶茶,keyword,47,14,658,金凤乌龙奶茶
2024-03-20,周三,冰美式,雪,False,True,37,13,481,冰美式,金凤乌龙奶茶,keyword,37,13,481,金凤乌龙奶茶
2024-04-27,周六,柠檬茶,雨,True,False,47,15,705,柠檬茶,百香果绿茶,keyword,47,15,705,百香果绿茶
2024-04-22,周一,水果茶,阴,False,False,30,10,300,水果茶,百香果绿茶,keyword,30,10,300,百香果绿茶
2024-05-05,周日,芝士奶盖,雪,True,False,25,18,450,芝士奶盖,芝士奶盖抹茶,keyword,25,18,450,芝士奶盖抹茶
2024-04-11,周四,可可奶茶,雨,False,False,35,11,385,可可奶茶,红丝绒可可奶茶,keyword,35,11,385,红丝绒可可奶茶
2024-05-12,周日,芋泥波波,晴,True,False,50,11,550,芋泥波波,芋泥波波奶茶,keyword,50,11,550,芋泥波波奶茶
2024-04-29,周一,冰美式,晴,False,False,22,14,308,冰美式,金凤乌龙奶茶,keyword,22,14,308,金凤乌龙奶茶
2024-03-20,周三,芝士奶盖,多云,False,False,17,17,289,芝士奶盖,芝士奶盖抹茶,keyword,17,17,289,芝士奶盖抹茶
2024-05-28,周二,水果茶,阴,False,False,10,19,190,水果茶,百香果绿茶,keyword,10,19,190,百香果绿茶
2024-03-03,周日,珍珠奶茶,雨,True,False,36,13,468,珍珠奶茶,黑糖珍珠奶茶,keyword,36,13,468,黑糖珍珠奶茶
2024-04-11,周四,可可奶茶,多云,False,False,33,15,495,可可奶茶,红丝绒可可奶茶,keyword,33,15,495,红丝绒可可奶茶
2024-05-31,周五,冰美式,多云,False,False,17,14,238,冰美式,金凤乌龙奶茶,keyword,17,14,238,金凤乌龙奶茶
2024-03-04,周一,可可奶茶,多云,False,False,12,15,180,可可奶茶,红丝绒可可奶茶,keyword,12,15,180,红丝绒可可奶茶
2024-03-30,周六,柠檬茶,雨,True,False,42,13,546,柠檬茶,百香果绿茶,keyword,42,13,546,百香果绿茶
2024-03-28,周四,芝士奶盖,多云,False,False,17,11,187,芝士奶盖,芝士奶盖抹茶,keyword,17,11,187,芝士奶盖抹茶
2024-04-18,周四,珍珠奶茶,多云,False,False,31,15,465,珍珠奶茶,黑糖珍珠奶茶,keyword,31,15,465,黑糖珍珠奶茶
2024-03-27,周三,水果茶,晴,False,False,21,19,399,水果茶,百香果绿茶,keyword,21,19,399,百香果绿茶
2024-03-16,周六,杨枝甘露,晴,True,False,40,20,800,杨枝甘露,杨枝甘露奶茶,keyword,40,20,800,杨枝甘露奶茶
2024-04-10,周三,水果茶,多云,False,False,24,15,360,水果茶,百香果绿茶,keyword,24,15,360,百香果绿茶
2024-05-05,周日,芋泥波波,晴,True,True,61,11,671,芋泥波波,芋泥波波奶茶,keyword,61,11,671,芋泥波波奶茶
2024-04-09,周二,芋泥波波,雨,False,False,24,20,480,芋泥波波,芋泥波波奶茶,keyword,24,20,480,芋泥波波奶茶
2024-04-19,周五,抹茶拿铁,雨,False,False,15,10,150,抹茶拿铁,芝士奶盖抹茶,keyword,15,10,150,芝士奶盖抹茶
2024-04-01,周一,杨枝甘露,多云,False,False,12,21,252,杨枝甘露,杨枝甘露奶茶,keyword,12,21,252,杨枝甘露奶茶
2024-03-08,周五,冰美式,雨,False,False,22,12,264,冰美式,金凤乌龙奶茶,keyword,22,12,264,金凤乌龙奶茶
2024-03-23,周六,可可奶茶,多云,True,False,-1,12,360,可可奶茶,红丝绒可可奶茶,keyword,1,12,12,红丝绒可可奶茶
2024-04-09,周二,水果茶,雨,False,False,21,10,210,水果茶,百香果绿茶,keyword,21,10,210,百香果绿茶
2024-04-30,周二,珍珠奶茶,阴,False,True,39,13,507,珍珠奶茶,黑糖珍珠奶茶,keyword,39,13,507,黑糖珍珠奶茶
2024-03-02,周六,芝士奶盖,晴,True,False,33,11,363,芝士奶盖,芝士奶盖抹茶,keyword,33,11,363,芝士奶盖抹茶
2024-04-29,周一,水果茶,多云,False,False,34,10,340,水果茶,百香果绿茶,keyword,34,10,340,百香果绿茶
2024-03-13,周三,抹茶拿铁,雪,False,True,46,12,552,抹茶拿铁,芝士奶盖抹茶,keyword,46,12,552,芝士奶盖抹茶
2024-03-19,周二,柠檬茶,晴,False,False,16,19,304,柠檬茶,百香果绿茶,keyword,16,19,304,百香果绿茶
2024-05-06,周一,冰美式,多云,False,False,23,20,460,冰美式,金凤乌龙奶茶,keyword,23,20,460,金凤乌龙奶茶
2024-03-05,周二,水果茶,多云,False,False,11,12,132,水果茶,百香果绿茶,keyword,11,12,132,百香果绿茶
2024-03-31,周日,杨枝甘露,雨,True,True,61,20,1220,杨枝甘露,杨枝甘露奶茶,keyword,61,20,1220,杨枝甘露奶茶
2024-05-13,周一,水果茶,多云,False,False,28,18,504,水果茶,百香果绿茶,keyword,28,18,504,百香果绿茶
2024-04-05,周五,可可奶茶,雨,False,False,22,14,308,可可奶茶,红丝绒可可奶茶,keyword,22,14,308,红丝绒可可奶茶
2024-05-02,周四,可可奶茶,晴,False,False,29,18,522,可可奶茶,红丝绒可可奶茶,keyword,29,18,522,红丝绒可可奶茶
2024-04-16,周二,水果茶,雪,False,True,30,11,330,水果茶,百香果绿茶,keyword,30,11,330,百香果绿茶
2024-03-11,周一,可可奶茶,阴,False,False,23,13,299,可可奶茶,红丝绒可可奶茶,keyword,23,13,299,红丝绒可可奶茶
2024-05-27,周一,柠檬茶,多云,False,False,15,18,270,柠檬茶,百香果绿茶,keyword,15,18,270,百香果绿茶
2024-03-20,周三,冰美式,雪,False,False,14,18,252,冰美式,金凤乌龙奶茶,keyword,14,18,252,金凤乌龙奶茶
2024-03-21,周四,芋泥波波,雪,False,False,17,18,306,芋泥波波,芋泥波波奶茶,keyword,17,18,306,芋泥波波奶茶
2024-05-18,周六,水果茶,雨,True,True,51,16,816,水果茶,百香果绿茶,keyword,51,16,816,百香果绿茶
2024-04-23,周二,抹茶拿铁,雨,False,True,38,11,418,抹茶拿铁,芝士奶盖抹茶,keyword,38,11,418,芝士奶盖抹茶
2024-03-18,周一,杨枝甘露,多云,False,False,28,21,588,杨枝甘露,杨枝甘露奶茶,keyword,28,21,588,杨枝甘露奶茶
2024-05-22,周三,水果茶,雪,False,True,38,13,494,水果茶,百香果绿茶,keyword,38,13,494,百香果绿茶
2024-04-05,周五,杨枝甘露,晴,False,False,31,19,589,杨枝甘露,杨枝甘露奶茶,keyword,31,19,589,杨枝甘露奶茶
2024-05-20,周一,冰美式,多云,False,False,29,11,319,冰美式,金凤乌龙奶茶,keyword,29,11,319,金凤乌龙奶茶
2024-05-18,周六,抹茶拿铁,晴,True,False,34,14,476,抹茶拿铁,芝士奶盖抹茶,keyword,34,14,476,芝士奶盖抹茶
2024-03-06,周三,水果茶,晴,False,False,24,19,456,水果茶,百香果绿茶,keyword,24,19,456,百香果绿茶
2024-05-30,周四,抹茶拿铁,多云,False,False,20,19,380,抹茶拿铁,芝士奶盖抹茶,keyword,20,19,380,芝士奶盖抹茶
2024-04-16,周二,柠檬茶,阴,False,False,35,11,385,柠檬茶,百香果绿茶,keyword,35,11,385,百香果绿茶
2024-03-11,周一,珍珠奶茶,阴,False,False,20,13,260,珍珠奶茶,黑糖珍珠奶茶,keyword,20,13,260,黑糖珍珠奶茶
2024-05-25,周六,水果茶,雪,True,True,47,19,893,水果茶,百香果绿茶,keyword,47,19,893,百香果绿茶
2024-03-31,周日,芝士奶盖,雪,True,False,49,10,490,芝士奶盖,芝士奶盖抹茶,keyword,49,10,490,芝士奶盖抹茶
2024-04-26,周五,抹茶拿铁,阴,False,False,21,16,336,抹茶拿铁,芝士奶盖抹茶,keyword,21,16,336,芝士奶盖抹茶
2024-03-04,周一,柠檬茶,晴,False,False,20,11,220,柠檬茶,百香果绿茶,keyword,20,11,220,百香果绿茶
2024-04-22,周一,珍珠奶茶,雨,False,False,34,14,476,珍珠奶茶,黑糖珍珠奶茶,keyword,34,14,476,黑糖珍珠奶茶
2024-03-21,周四,柠檬茶,阴,False,False,22,17,374,柠檬茶,百香果绿茶,keyword,22,17,374,百香果绿茶
2024-04-12,周五,芝士奶盖,雨,False,False,18,11,198,芝士奶盖,芝士奶盖抹茶,keyword,18,11,198,芝士奶盖抹茶
2024-04-10,周三,冰美式,多云,False,False,28,14,392,冰美式,金凤乌龙奶茶,keyword,28,14,392,金凤乌龙奶茶
2024-05-02,周四,芝士奶盖,阴,False,False,22,12,264,芝士奶盖,芝士奶盖抹茶,keyword,22,12,264,芝士奶盖抹茶
2024-03-15,周五,柠檬茶,雪,False,False,27,14,378,柠檬茶,百香果绿茶,keyword,27,14,378,百香果绿茶
2024-05-08,周三,杨枝甘露,雪,False,False,25,18,450,杨枝甘露,杨枝甘露奶茶,keyword,25,18,450,杨枝甘露奶茶
2024-05-16,周四,水果茶,多云,False,False,26,15,390,水果茶,百香果绿茶,keyword,26,15,390,百香果绿茶
2024-04-19,周五,芋泥波波,雪,False,False,20,15,300,芋泥波波,芋泥波波奶茶,keyword,20,15,300,芋泥波波奶茶
2024-04-26,周五,珍珠奶茶,雪,False,True,31,15,465,珍珠奶茶,黑糖珍珠奶茶,keyword,31,15,465,黑糖珍珠奶茶
2024-05-28,周二,柠檬茶,多云,False,False,-1,12,240,柠檬茶,百香果绿茶,keyword,1,12,12,百香果绿茶
2024-03-03,周日,冰美式,阴,True,False,48,19,912,冰美式,金凤乌龙奶茶,keyword,48,19,912,金凤乌龙奶茶
2024-03-24,周日,可可奶茶,阴,True,False,49,14,686,可可奶茶,红丝绒可可奶茶,keyword,49,14,686,红丝绒可可奶茶
2024-03-10,周日,杨枝甘露,多云,True,False,44,19,836,杨枝甘露,杨枝甘露奶茶,keyword,44,19,836,杨枝甘露奶茶
2024-05-04,周六,抹茶拿铁,雨,True,True,64,15,960,抹茶拿铁,芝士奶盖抹茶,keyword,64,15,960,芝士奶盖抹茶
2024-05-22,周三,可可奶茶,阴,False,False,17,17,289,可可奶茶,红丝绒可可奶茶,keyword,17,17,289,红丝绒可可奶茶
2024-05-03,周五,冰美式,晴,False,False,25,10,250,冰美式,金凤乌龙奶茶,keyword,25,10,250,金凤乌龙奶茶
2024-05-11,周六,珍珠奶茶,阴,True,False,38,12,456,珍珠奶茶,黑糖珍珠奶茶,keyword,38,12,456,黑糖珍珠奶茶
2024-05-30,周四,杨枝甘露,多云,False,False,26,22,572,杨枝甘露,杨枝甘露奶茶,keyword,26,22,572,杨枝甘露奶茶
2024-04-08,周一,芝士奶盖,雪,False,False,25,16,400,芝士奶盖,芝士奶盖抹茶,keyword,25,16,400,芝士奶盖抹茶
2024-05-09,周四,冰美式,晴,False,False,20,15,300,冰美式,金凤乌龙奶茶,keyword,20,15,300,金凤乌龙奶茶
2024-03-10,周日,冰美式,雪,True,False,29,13,377,冰美式,金凤乌龙奶茶,keyword,29,13,377,金凤乌龙奶茶
2024-05-16,周四,杨枝甘露,晴,False,False,22,18,396,杨枝甘露,杨枝甘露奶茶,keyword,22,18,396,杨枝甘露奶茶
2024-03-13,周三,水果茶,阴,False,False,29,12,348,水果茶,百香果绿茶,keyword,29,12,348,百香果绿茶
2024-03-24,周日,芋泥波波,雨,True,True,54,17,918,芋泥波波,芋泥波波奶茶,keyword,54,17,918,芋泥波波奶茶
2024-04-03,周三,水果茶,多云,False,False,26,20,520,水果茶,百香果绿茶,keyword,26,20,520,百香果绿茶
2024-04-27,周六,芋泥波波,雨,True,True,60,18,1080,芋泥波波,芋泥波波奶茶,keyword,60,18,1080,芋泥波波奶茶
2024-04-17,周三,芋泥波波,晴,False,False,0,10,230,芋泥波波,芋泥波波奶茶,keyword,1,10,10,芋泥波波奶茶
2024-04-09,周二,珍珠奶茶,晴,False,False,24,15,360,珍珠奶茶,黑糖珍珠奶茶,keyword,24,15,360,黑糖珍珠奶茶
2024-03-28,周四,芝士奶盖,多云,False,False,22,12,264,芝士奶盖,芝士奶盖抹茶,keyword,22,12,264,芝士奶盖抹茶
2024-05-30,周四,杨枝甘露,阴,False,True,32,18,576,杨枝甘露,杨枝甘露奶茶,keyword,32,18,576,杨枝甘露奶茶
2024-03-13,周三,抹茶拿铁,雪,False,True,40,17,680,抹茶拿铁,芝士奶盖抹茶,keyword,40,17,680,芝士奶盖抹茶
2024-05-10,周五,水果茶,晴,False,False,25,15,375,水果茶,百香果绿茶,keyword,25,15,375,百香果绿茶
2024-03-19,周二,柠檬茶,多云,False,False,25,15,375,柠檬茶,百香果绿茶,keyword,25,15,375,百香果绿茶
2024-05-01,周三,冰美式,雪,False,True,38,18,684,冰美式,金凤乌龙奶茶,keyword,38,18,684,金凤乌龙奶茶
2024-05-29,周三,可可奶茶,雪,False,False,26,15,390,可可奶茶,红丝绒可可奶茶,keyword,26,15,390,红丝绒可可奶茶
2024-04-11,周四,可可奶茶,雪,False,False,32,14,448,可可奶茶,红丝绒可可奶茶,keyword,32,14,448,红丝绒可可奶茶
2024-05-29,周三,珍珠奶茶,多云,False,False,15,13,195,珍珠奶茶,黑糖珍珠奶茶,keyword,15,13,195,黑糖珍珠奶茶
2024-03-07,周四,可可奶茶,晴,False,False,16,13,208,可可奶茶,红丝绒可可奶茶,keyword,16,13,208,红丝绒可可奶茶
2024-05-08,周三,珍珠奶茶,雪,False,False,25,14,350,珍珠奶茶,黑糖珍珠奶茶,keyword,25,14,350,黑糖珍珠奶茶
2024-03-06,周三,柠檬茶,阴,False,False,16,15,240,柠檬茶,百香果绿茶,keyword,16,15,240,百香果绿茶
2024-03-27,周三,抹茶拿铁,雪,False,False,16,10,160,抹茶拿铁,芝士奶盖抹茶,keyword,16,10,160,芝士奶盖抹茶
2024-03-27,周三,芋泥波波,晴,False,False,29,15,435,芋泥波波,芋泥波波奶茶,keyword,29,15,435,芋泥波波奶茶
2024-04-19,周五,柠檬茶,阴,False,True,42,13,546,柠檬茶,百香果绿茶,keyword,42,13,546,百香果绿茶
2024-04-03,周三,水果茶,多云,False,False,29,14,406,水果茶,百香果绿茶,keyword,29,14,406,百香果绿茶
2024-03-02,周六,水果茶,阴,True,False,41,17,697,水果茶,百香果绿茶,keyword,41,17,697,百香果绿茶
2024-03-02,周六,水果茶,阴,True,True,40,20,800,水果茶,百香果绿茶,keyword,40,20,800,百香果绿茶
2024-03-21,周四,抹茶拿铁,多云,False,False,14,14,196,抹茶拿铁,芝士奶盖抹茶,keyword,14,14,196,芝士奶盖抹茶
2024-05-31,周五,水果茶,雪,False,False,28,14,392,水果茶,百香果绿茶,keyword,28,14,392,百香果绿茶
2024-03-16,周六,水果茶,晴,True,False,38,13,494,水果茶,百香果绿茶,keyword,38,13,494,百香果绿茶
2024-03-05,周二,抹茶拿铁,晴,False,True,41,12,492,抹茶拿铁,芝士奶盖抹茶,keyword,41,12,492,芝士奶盖抹茶
2024-05-28,周二,芋泥波波,阴,False,False,24,12,288,芋泥波波,芋泥波波奶茶,keyword,24,12,288,芋泥波波奶茶
2024-03-06,周三,可可奶茶,多云,False,False,-1,19,304,可可奶茶,红丝绒可可奶茶,keyword,1,19,19,红丝绒可可奶茶
2024-03-04,周一,抹茶拿铁,多云,False,False,16,18,288,抹茶拿铁,芝士奶盖抹茶,keyword,16,18,288,芝士奶盖抹茶
2024-05-10,周五,芝士奶盖,晴,False,False,17,18,306,芝士奶盖,芝士奶盖抹茶,keyword,17,18,306,芝士奶盖抹茶
2024-05-19,周日,杨枝甘露,雨,True,True,-1,19,1064,杨枝甘露,杨枝甘露奶茶,keyword,1,19,19,杨枝甘露奶茶
2024-05-12,周日,珍珠奶茶,雪,True,True,60,12,720,珍珠奶茶,黑糖珍珠奶茶,keyword,60,12,720,黑糖珍珠奶茶
2024-03-10,周日,珍珠奶茶,阴,True,False,55,15,825,珍珠奶茶,黑糖珍珠奶茶,keyword,55,15,825,黑糖珍珠奶茶
2024-05-18,周六,水果茶,多云,True,False,48,14,672,水果茶,百香果绿茶,keyword,48,14,672,百香果绿茶
2024-05-21,周二,抹茶拿铁,多云,False,False,30,13,390,抹茶拿铁,芝士奶盖抹茶,keyword,30,13,390,芝士奶盖抹茶
2024-05-21,周二,杨枝甘露,雨,False,False,27,18,486,杨枝甘露,杨枝甘露奶茶,keyword,27,18,486,杨枝甘露奶茶
2024-04-08,周一,杨枝甘露,阴,False,False,19,19,361,杨枝甘露,杨枝甘露奶茶,keyword,19,19,361,杨枝甘露奶茶
2024-03-17,周日,芝士奶盖,阴,True,False,37,17,629,芝士奶盖,芝士奶盖抹茶,keyword,37,17,629,芝士奶盖抹茶
2024-04-26,周五,水果茶,雨,False,False,34,16,544,水果茶,百香果绿茶,keyword,34,16,544,百香果绿茶
2024-05-07,周二,柠檬茶,多云,False,False,26,13,338,柠檬茶,百香果绿茶,keyword,26,13,338,百香果绿茶
2024-05-24,周五,冰美式,阴,False,False,27,15,405,冰美式,金凤乌龙奶茶,keyword,27,15,405,金凤乌龙奶茶
2024-03-28,周四,水果茶,阴,False,True,41,14,574,水果茶,百香果绿茶,keyword,41,14,574,百香果绿茶
2024-05-19,周日,水果茶,多云,True,False,34,12,408,水果茶,百香果绿茶,keyword,34,12,408,百香果绿茶
2024-05-06,周一,水果茶,阴,False,True,34,19,646,水果茶,百香果绿茶,keyword,34,19,646,百香果绿茶
2024-04-04,周四,冰美式,阴,False,False,17,12,204,冰美式,金凤乌龙奶茶,keyword,17,12,204,金凤乌龙奶茶
2024-04-29,周一,柠檬茶,阴,False,False,23,18,414,柠檬茶,百香果绿茶,keyword,23,18,414,百香果绿茶
2024-03-05,周二,芋泥波波,晴,False,True,27,11,297,芋泥波波,芋泥波波奶茶,keyword,27,11,297,芋泥波波奶茶
2024-04-15,周一,柠檬茶,多云,False,False,15,15,225,柠檬茶,百香果绿茶,keyword,15,15,225,百香果绿茶
2024-04-10,周三,冰美式,阴,False,False,26,14,364,冰美式,金凤乌龙奶茶,keyword,26,14,364,金凤乌龙奶茶
2024-05-11,周六,杨枝甘露,多云,True,False,37,22,814,杨枝甘露,杨枝甘露奶茶,keyword,37,22,814,杨枝甘露奶茶
2024-05-11,周六,可可奶茶,阴,True,False,49,13,637,可可奶茶,红丝绒可可奶茶,keyword,49,13,637,红丝绒可可奶茶
2024-05-24,周五,杨枝甘露,晴,False,False,26,21,546,杨枝甘露,杨枝甘露奶茶,keyword,26,21,546,杨枝甘露奶茶
2024-05-01,周三,杨枝甘露,雪,False,False,15,21,315,杨枝甘露,杨枝甘露奶茶,keyword,15,21,315,杨枝甘露奶茶
2024-03-24,周日,抹茶拿铁,阴,True,False,34,15,510,抹茶拿铁,芝士奶盖抹茶,keyword,34,15,510,芝士奶盖抹茶
2024-03-11,周一,芝士奶盖,多云,False,True,36,16,576,芝士奶盖,芝士奶盖抹茶,keyword,36,16,576,芝士奶盖抹茶
2024-03-15,周五,柠檬茶,雨,False,False,33,10,330,柠檬茶,百香果绿茶,keyword,33,10,330,百香果绿茶
2024-05-15,周三,水果茶,雨,False,False,18,18,324,水果茶,百香果绿茶,keyword,18,18,324,百香果绿茶
2024-05-06,周一,珍珠奶茶,雨,False,False,25,13,325,珍珠奶茶,黑糖珍珠奶茶,keyword,25,13,325,黑糖珍珠奶茶
2024-04-03,周三,抹茶拿铁,雨,False,True,50,20,1000,抹茶拿铁,芝士奶盖抹茶,keyword,50,20,1000,芝士奶盖抹茶
2024-05-10,周五,珍珠奶茶,雪,False,True,33,14,462,珍珠奶茶,黑糖珍珠奶茶,keyword,33,14,462,黑糖珍珠奶茶
2024-04-30,周二,水果茶,晴,False,False,26,16,416,水果茶,百香果绿茶,keyword,26,16,416,百香果绿茶
2024-05-05,周日,水果茶,雨,True,True,57,18,1026,水果茶,百香果绿茶,keyword,57,18,1026,百香果绿茶
2024-05-05,周日,芋泥波波,多云,True,False,26,13,338,芋泥波波,芋泥波波奶茶,keyword,26,13,338,芋泥波波奶茶
2024-04-17,周三,芋泥波波,雪,False,False,-1,11,165,芋泥波波,芋泥波波奶茶,keyword,1,11,11,芋泥波波奶茶
2024-04-13,周六,冰美式,多云,True,False,34,20,680,冰美式,金凤乌龙奶茶,keyword,34,20,680,金凤乌龙奶茶
2024-05-25,周六,芋泥波波,晴,True,True,59,11,649,芋泥波波,芋泥波波奶茶,keyword,59,11,649,芋泥波波奶茶
2024-05-31,周五,芋泥波波,阴,False,False,-1,13,169,芋泥波波,芋泥波波奶茶,keyword,1,13,13,芋泥波波奶茶
2024-04-19,周五,芝士奶盖,阴,False,False,23,19,437,芝士奶盖,芝士奶盖抹茶,keyword,23,19,437,芝士奶盖抹茶
2024-04-03,周三,杨枝甘露,晴,False,False,17,19,323,杨枝甘露,杨枝甘露奶茶,keyword,17,19,323,杨枝甘露奶茶
2024-04-11,周四,柠檬茶,阴,False,False,24,14,336,柠檬茶,百香果绿茶,keyword,24,14,336,百香果绿茶
2024-03-08,周五,冰美式,晴,False,False,30,10,300,冰美式,金凤乌龙奶茶,keyword,30,10,300,金凤乌龙奶茶
2024-05-26,周日,芋泥波波,雪,True,False,40,20,800,芋泥波波,芋泥波波奶茶,keyword,40,20,800,芋泥波波奶茶
2024-03-09,周六,冰美式,雨,True,False,40,15,600,冰美式,金凤乌龙奶茶,keyword,40,15,600,金凤乌龙奶茶
2024-05-02,周四,芝士奶盖,多云,False,False,16,15,240,芝士奶盖,芝士奶盖抹茶,keyword,16,15,240,芝士奶盖抹茶
2024-04-29,周一,芝士奶盖,阴,False,False,29,17,493,芝士奶盖,芝士奶盖抹茶,keyword,29,17,493,芝士奶盖抹茶
2024-04-19,周五,水果茶,多云,False,False,16,20,320,水果茶,百香果绿茶,keyword,16,20,320,百香果绿茶
2024-04-16,周二,珍珠奶茶,多云,False,True,0,12,456,珍珠奶茶,黑糖珍珠奶茶,keyword,1,12,12,黑糖珍珠奶茶
2024-03-21,周四,抹茶拿铁,雨,False,False,12,15,180,抹茶拿铁,芝士奶盖抹茶,keyword,12,15,180,芝士奶盖抹茶
2024-05-18,周六,芋泥波波,多云,True,False,49,15,735,芋泥波波,芋泥波波奶茶,keyword,49,15,735,芋泥波波奶茶
2024-03-17,周日,芝士奶盖,阴,True,True,65,16,1040,芝士奶盖,芝士奶盖抹茶,keyword,65,16,1040,芝士奶盖抹茶
2024-04-11,周四,柠檬茶,阴,False,False,28,15,420,柠檬茶,百香果绿茶,keyword,28,15,420,百香果绿茶
2024-04-12,周五,柠檬茶,雨,False,False,32,19,608,柠檬茶,百香果绿茶,keyword,32,19,608,百香果绿茶
2024-04-01,周一,抹茶拿铁,晴,False,False,26,16,416,抹茶拿铁,芝士奶盖抹茶,keyword,26,16,416,芝士奶盖抹茶
2024-05-19,周日,芝士奶盖,雪,True,False,36,14,504,芝士奶盖,芝士奶盖抹茶,keyword,36,14,504,芝士奶盖抹茶
2024-04-19,周五,柠檬茶,多云,False,False,18,17,306,柠檬茶,百香果绿茶,keyword,18,17,306,百香果绿茶
2024-05-21,周二,珍珠奶茶,雨,False,False,27,13,351,珍珠奶茶,黑糖珍珠奶茶,keyword,27,13,351,黑糖珍珠奶茶
2024-04-10,周三,抹茶拿铁,雪,False,False,23,20,460,抹茶拿铁,芝士奶盖抹茶,keyword,23,20,460,芝士奶盖抹茶
2024-05-16,周四,冰美式,雨,False,False,16,18,288,冰美式,金凤乌龙奶茶,keyword,16,18,288,金凤乌龙奶茶
2024-04-06,周六,柠檬茶,阴,True,False,37,14,518,柠檬茶,百香果绿茶,keyword,37,14,518,百香果绿茶
2024-03-19,周二,抹茶拿铁,雪,False,True,44,11,484,抹茶拿铁,芝士奶盖抹茶,keyword,44,11,484,芝士奶盖抹茶
2024-03-03,周日,芋泥波波,雨,True,False,31,12,372,芋泥波波,芋泥波波奶茶,keyword,31,12,372,芋泥波波奶茶
2024-04-18,周四,可可奶茶,阴,False,False,16,12,192,可可奶茶,红丝绒可可奶茶,keyword,16,12,192,红丝绒可可奶茶
2024-05-31,周五,杨枝甘露,晴,False,False,27,19,513,杨枝甘露,杨枝甘露奶茶,keyword,27,19,513,杨枝甘露奶茶
2024-03-21,周四,柠檬茶,雨,False,False,28,15,420,柠檬茶,百香果绿茶,keyword,28,15,420,百香果绿茶
2024-05-03,周五,水果茶,雪,False,False,17,12,204,水果茶,百香果绿茶,keyword,17,12,204,百香果绿茶
2024-03-12,周二,柠檬茶,多云,False,True,41,13,533,柠檬茶,百香果绿茶,keyword,41,13,533,百香果绿茶
2024-05-27,周一,可可奶茶,晴,False,False,-1,17,221,可可奶茶,红丝绒可可奶茶,keyword,1,17,17,红丝绒可可奶茶
2024-03-30,周六,杨枝甘露,雪,True,False,0,21,735,杨枝甘露,杨枝甘露奶茶,keyword,1,21,21,杨枝甘露奶茶
2024-05-03,周五,珍珠奶茶,雪,False,True,45,12,540,珍珠奶茶,黑糖珍珠奶茶,keyword,45,12,540,黑糖珍珠奶茶
2024-05-14,周二,抹茶拿铁,雨,False,False,19,15,285,抹茶拿铁,芝士奶盖抹茶,keyword,19,15,285,芝士奶盖抹茶
2024-03-22,周五,水果茶,多云,False,False,26,19,494,水果茶,百香果绿茶,keyword,26,19,494,百香果绿茶
2024-05-11,周六,芝士奶盖,阴,True,True,63,14,882,芝士奶盖,芝士奶盖抹茶,keyword,63,14,882,芝士奶盖抹茶
2024-05-23,周四,可可奶茶,多云,False,True,38,11,418,可可奶茶,红丝绒可可奶茶,keyword,38,11,418,红丝绒可可奶茶
2024-03-27,周三,柠檬茶,多云,False,False,23,15,345,柠檬茶,百香果绿茶,keyword,23,15,345,百香果绿茶
2024-05-22,周三,柠檬茶,多云,False,False,22,10,220,柠檬茶,百香果绿茶,keyword,22,10,220,百香果绿茶
2024-03-24,周日,芝士奶盖,阴,True,False,37,15,555,芝士奶盖,芝士奶盖抹茶,keyword,37,15,555,芝士奶盖抹茶
2024-04-20,周六,冰美式,阴,True,False,39,14,546,冰美式,金凤乌龙奶茶,keyword,39,14,546,金凤乌龙奶茶
2024-05-25,周六,柠檬茶,雪,True,True,37,19,703,柠檬茶,百香果绿茶,keyword,37,19,703,百香果绿茶
2024-04-17,周三,柠檬茶,阴,False,False,21,11,231,柠檬茶,百香果绿茶,keyword,21,11,231,百香果绿茶
2024-05-23,周四,珍珠奶茶,晴,False,False,23,13,299,珍珠奶茶,黑糖珍珠奶茶,keyword,23,13,299,黑糖珍珠奶茶
2024-03-27,周三,芋泥波波,阴,False,True,22,13,286,芋泥波波,芋泥波波奶茶,keyword,22,13,286,芋泥波波奶茶
2024-05-14,周二,可可奶茶,雨,False,True,44,11,484,可可奶茶,红丝绒可可奶茶,keyword,44,11,484,红丝绒可可奶茶
2024-03-20,周三,柠檬茶,阴,False,False,12,10,120,柠檬茶,百香果绿茶,keyword,12,10,120,百香果绿茶
2024-04-29,周一,水果茶,晴,False,False,15,20,300,水果茶,百香果绿茶,keyword,15,20,300,百香果绿茶
2024-03-25,周一,柠檬茶,晴,False,False,24,19,456,柠檬茶,百香果绿茶,keyword,24,19,456,百香果绿茶
2024-04-25,周四,可可奶茶,多云,False,False,25,14,350,可可奶茶,红丝绒可可奶茶,keyword,25,14,350,红丝绒可可奶茶
2024-05-16,周四,芝士奶盖,阴,False,False,29,20,580,芝士奶盖,芝士奶盖抹茶,keyword,29,20,580,芝士奶盖抹茶
2024-05-10,周五,可可奶茶,雨,False,False,19,16,304,可可奶茶,红丝绒可可奶茶,keyword,19,16,304,红丝绒可可奶茶
2024-04-21,周日,芝士奶盖,雨,True,False,41,20,820,芝士奶盖,芝士奶盖抹茶,keyword,41,20,820,芝士奶盖抹茶
2024-05-03,周五,可可奶茶,雨,False,False,24,19,456,可可奶茶,红丝绒可可奶茶,keyword,24,19,456,红丝绒可可奶茶
2024-03-18,周一,芝士奶盖,阴,False,False,29,20,580,芝士奶盖,芝士奶盖抹茶,keyword,29,20,580,芝士奶盖抹茶
2024-03-06,周三,芝士奶盖,雪,False,False,24,12,288,芝士奶盖,芝士奶盖抹茶,keyword,24,12,288,芝士奶盖抹茶
2024-05-13,周一,杨枝甘露,阴,False,True,33,22,726,杨枝甘露,杨枝甘露奶茶,keyword,33,22,726,杨枝甘露奶茶
2024-05-06,周一,芋泥波波,雨,False,False,20,12,240,芋泥波波,芋泥波波奶茶,keyword,20,12,240,芋泥波波奶茶
2024-05-27,周一,芝士奶盖,晴,False,False,30,18,540,芝士奶盖,芝士奶盖抹茶,keyword,30,18,540,芝士奶盖抹茶
2024-05-06,周一,水果茶,雪,False,False,23,11,253,水果茶,百香果绿茶,keyword,23,11,253,百香果绿茶
2024-05-22,周三,抹茶拿铁,多云,False,False,22,11,242,抹茶拿铁,芝士奶盖抹茶,keyword,22,11,242,芝士奶盖抹茶
2024-03-25,周一,珍珠奶茶,晴,False,False,13,13,169,珍珠奶茶,黑糖珍珠奶茶,keyword,13,13,169,黑糖珍珠奶茶
2024-05-27,周一,芋泥波波,雨,False,False,13,16,208,芋泥波波,芋泥波波奶茶,keyword,13,16,208,芋泥波波奶茶
2024-05-24,周五,水果茶,雪,False,False,16,15,240,水果茶,百香果绿茶,keyword,16,15,240,百香果绿茶
2024-04-24,周三,冰美式,雪,False,False,35,17,595,冰美式,金凤乌龙奶茶,keyword,35,17,595,金凤乌龙奶茶
2024-05-03,周五,芝士奶盖,晴,False,False,28,16,448,芝士奶盖,芝士奶盖抹茶,keyword,28,16,448,芝士奶盖抹茶
2024-03-13,周三,水果茶,阴,False,False,27,10,270,水果茶,百香果绿茶,keyword,27,10,270,百香果绿茶
2024-03-12,周二,抹茶拿铁,雪,False,True,41,11,451,抹茶拿铁,芝士奶盖抹茶,keyword,41,11,451,芝士奶盖抹茶
2024-04-13,周六,柠檬茶,阴,True,True,66,17,1122,柠檬茶,百香果绿茶,keyword,66,17,1122,百香果绿茶
2024-04-22,周一,芋泥波波,多云,False,False,20,10,200,芋泥波波,芋泥波波奶茶,keyword,20,10,200,芋泥波波奶茶
2024-04-26,周五,芋泥波波,阴,False,False,24,16,384,芋泥波波,芋泥波波奶茶,keyword,24,16,384,芋泥波波奶茶
2024-05-08,周三,珍珠奶茶,雪,False,True,43,13,559,珍珠奶茶,黑糖珍珠奶茶,keyword,43,13,559,黑糖珍珠奶茶
2024-04-07,周日,杨枝甘露,雨,True,False,32,18,576,杨枝甘露,杨枝甘露奶茶,keyword,32,18,576,杨枝甘露奶茶
2024-03-10,周日,柠檬茶,阴,True,False,46,20,920,柠檬茶,百香果绿茶,keyword,46,20,920,百香果绿茶
2024-04-18,周四,珍珠奶茶,多云,False,False,29,15,435,珍珠奶茶,黑糖珍珠奶茶,keyword,29,15,435,黑糖珍珠奶茶
2024-04-26,周五,芋泥波波,多云,False,True,41,10,410,芋泥波波,芋泥波波奶茶,keyword,41,10,410,芋泥波波奶茶
2024-04-16,周二,水果茶,雪,False,False,15,20,300,水果茶,百香果绿茶,keyword,15,20,300,百香果绿茶
2024-04-23,周二,抹茶拿铁,雨,False,False,17,11,187,抹茶拿铁,芝士奶盖抹茶,keyword,17,11,187,芝士奶盖抹茶
2024-04-03,周三,芝士奶盖,阴,False,False,28,12,336,芝士奶盖,芝士奶盖抹茶,keyword,28,12,336,芝士奶盖抹茶
2024-03-21,周四,芋泥波波,多云,False,False,23,15,345,芋泥波波,芋泥波波奶茶,keyword,23,15,345,芋泥波波奶茶
2024-05-01,周三,芋泥波波,雪,False,False,23,10,230,芋泥波波,芋泥波波奶茶,keyword,23,10,230,芋泥波波奶茶
2024-03-28,周四,柠檬茶,阴,False,False,26,12,312,柠檬茶,百香果绿茶,keyword,26,12,312,百香果绿茶
2024-05-21,周二,可可奶茶,多云,False,False,20,12,240,可可奶茶,红丝绒可可奶茶,keyword,20,12,240,红丝绒可可奶茶
2024-03-09,周六,抹茶拿铁,晴,True,False,44,20,880,抹茶拿铁,芝士奶盖抹茶,keyword,44,20,880,芝士奶盖抹茶
2024-05-20,周一,芝士奶盖,雨,False,False,23,10,230,芝士奶盖,芝士奶盖抹茶,keyword,23,10,230,芝士奶盖抹茶
2024-04-20,周六,珍珠奶茶,雨,True,False,40,13,520,珍珠奶茶,黑糖珍珠奶茶,keyword,40,13,520,黑糖珍珠奶茶
2024-03-17,周日,抹茶拿铁,雪,True,False,54,20,1080,抹茶拿铁,芝士奶盖抹茶,keyword,54,20,1080,芝士奶盖抹茶
2024-05-16,周四,可可奶茶,阴,False,False,-1,19,475,可可奶茶,红丝绒可可奶茶,keyword,1,19,19,红丝绒可可奶茶
2024-05-11,周六,芋泥波波,晴,True,False,35,14,490,芋泥波波,芋泥波波奶茶,keyword,35,14,490,芋泥波波奶茶
2024-04-19,周五,冰美式,阴,False,False,21,15,315,冰美式,金凤乌龙奶茶,keyword,21,15,315,金凤乌龙奶茶
2024-05-18,周六,芋泥波波,雨,True,False,37,19,703,芋泥波波,芋泥波波奶茶,keyword,37,19,703,芋泥波波奶茶
2024-04-10,周三,芝士奶盖,雪,False,True,34,15,510,芝士奶盖,芝士奶盖抹茶,keyword,34,15,510,芝士奶盖抹茶
2024-04-29,周一,冰美式,晴,False,False,19,20,380,冰美式,金凤乌龙奶茶,keyword,19,20,380,金凤乌龙奶茶
2024-05-16,周四,芝士奶盖,阴,False,False,21,17,357,芝士奶盖,芝士奶盖抹茶,keyword,21,17,357,芝士奶盖抹茶
2024-05-12,周日,抹茶拿铁,雨,True,True,62,14,868,抹茶拿铁,芝士奶盖抹茶,keyword,62,14,868,芝士奶盖抹茶
2024-04-18,周四,可可奶茶,晴,False,True,43,17,731,可可奶茶,红丝绒可可奶茶,keyword,43,17,731,红丝绒可可奶茶
2024-05-10,周五,冰美式,雪,False,False,21,14,294,冰美式,金凤乌龙奶茶,keyword,21,14,294,金凤乌龙奶茶
2024-04-24,周三,抹茶拿铁,阴,False,False,18,11,198,抹茶拿铁,芝士奶盖抹茶,keyword,18,11,198,芝士奶盖抹茶
2024-03-16,周六,芝士奶盖,晴,True,False,30,11,330,芝士奶盖,芝士奶盖抹茶,keyword,30,11,330,芝士奶盖抹茶
2024-04-04,周四,杨枝甘露,阴,False,False,23,22,506,杨枝甘露,杨枝甘露奶茶,keyword,23,22,506,杨枝甘露奶茶
2024-03-15,周五,芝士奶盖,雨,False,False,21,13,273,芝士奶盖,芝士奶盖抹茶,keyword,21,13,273,芝士奶盖抹茶
2024-03-22,周五,水果茶,雪,False,False,18,11,198,水果茶,百香果绿茶,keyword,18,11,198,百香果绿茶
2024-03-22,周五,杨枝甘露,雨,False,True,40,20,800,杨枝甘露,杨枝甘露奶茶,keyword,40,20,800,杨枝甘露奶茶
2024-05-16,周四,水果茶,多云,False,False,25,16,400,水果茶,百香果绿茶,keyword,25,16,400,百香果绿茶
2024-04-26,周五,杨枝甘露,雪,False,False,22,22,484,杨枝甘露,杨枝甘露奶茶,keyword,22,22,484,杨枝甘露奶茶
2024-03-27,周三,抹茶拿铁,雪,False,False,23,17,391,抹茶拿铁,芝士奶盖抹茶,keyword,23,17,391,芝士奶盖抹茶
2024-04-19,周五,抹茶拿铁,雨,False,True,36,20,720,抹茶拿铁,芝士奶盖抹茶,keyword,36,20,720,芝士奶盖抹茶
2024-04-21,周日,柠檬茶,雨,True,False,44,14,616,柠檬茶,百香果绿茶,keyword,44,14,616,百香果绿茶
2024-04-18,周四,冰美式,晴,False,False,34,13,442,冰美式,金凤乌龙奶茶,keyword,34,13,442,金凤乌龙奶茶
2024-03-09,周六,抹茶拿铁,阴,True,False,0,16,480,抹茶拿铁,芝士奶盖抹茶,keyword,1,16,16,芝士奶盖抹茶
2024-04-27,周六,水果茶,阴,True,False,30,14,420,水果茶,百香果绿茶,keyword,30,14,420,百香果绿茶
2024-04-03,周三,抹茶拿铁,多云,False,False,24,20,480,抹茶拿铁,芝士奶盖抹茶,keyword,24,20,480,芝士奶盖抹茶
2024-05-07,周二,柠檬茶,阴,False,False,14,11,154,柠檬茶,百香果绿茶,keyword,14,11,154,百香果绿茶
2024-03-21,周四,芋泥波波,雨,False,True,32,12,384,芋泥波波,芋泥波波奶茶,keyword,32,12,384,芋泥波波奶茶
2024-03-12,周二,冰美式,雪,False,False,13,14,182,冰美式,金凤乌龙奶茶,keyword,13,14,182,金凤乌龙奶茶
2024-04-24,周三,杨枝甘露,晴,False,False,20,22,440,杨枝甘露,杨枝甘露奶茶,keyword,20,22,440,杨枝甘露奶茶
2024-03-09,周六,芋泥波波,多云,True,False,40,18,720,芋泥波波,芋泥波波奶茶,keyword,40,18,720,芋泥波波奶茶
2024-03-23,周六,杨枝甘露,多云,True,False,42,20,840,杨枝甘露,杨枝甘露奶茶,keyword,42,20,840,杨枝甘露奶茶
2024-04-04,周四,可可奶茶,雪,False,False,10,16,160,可可奶茶,红丝绒可可奶茶,keyword,10,16,160,红丝绒可可奶茶
2024-03-07,周四,抹茶拿铁,多云,False,False,23,15,345,抹茶拿铁,芝士奶盖抹茶,keyword,23,15,345,芝士奶盖抹茶
2024-04-05,周五,抹茶拿铁,阴,False,True,31,12,372,抹茶拿铁,芝士奶盖抹茶,keyword,31,12,372,芝士奶盖抹茶
2024-03-06,周三,芋泥波波,多云,False,True,47,17,799,芋泥波波,芋泥波波奶茶,keyword,47,17,799,芋泥波波奶茶
2024-04-20,周六,可可奶茶,阴,True,False,49,20,980,可可奶茶,红丝绒可可奶茶,keyword,49,20,980,红丝绒可可奶茶
2024-04-15,周一,冰美式,雨,False,False,28,12,336,冰美式,金凤乌龙奶茶,keyword,28,12,336,金凤乌龙奶茶
2024-05-03,周五,杨枝甘露,多云,False,True,30,18,540,杨枝甘露,杨枝甘露奶茶,keyword,30,18,540,杨枝甘露奶茶
2024-04-22,周一,水果茶,雨,False,False,27,17,459,水果茶,百香果绿茶,keyword,27,17,459,百香果绿茶
2024-03-03,周日,柠檬茶,多云,True,False,47,12,564,柠檬茶,百香果绿茶,keyword,47,12,564,百香果绿茶
2024-04-08,周一,水果茶,多云,False,True,37,14,518,水果茶,百香果绿茶,keyword,37,14,518,百香果绿茶
2024-04-29,周一,抹茶拿铁,多云,False,False,27,10,270,抹茶拿铁,芝士奶盖抹茶,keyword,27,10,270,芝士奶盖抹茶
2024-03-19,周二,芋泥波波,雨,False,True,42,20,840,芋泥波波,芋泥波波奶茶,keyword,42,20,840,芋泥波波奶茶
2024-03-10,周日,冰美式,雨,True,False,0,17,714,冰美式,金凤乌龙奶茶,keyword,1,17,17,金凤乌龙奶茶
2024-03-09,周六,芝士奶盖,多云,True,False,-1,12,516,芝士奶盖,芝士奶盖抹茶,keyword,1,12,12,芝士奶盖抹茶
2024-03-19,周二,可可奶茶,晴,False,True,41,18,738,可可奶茶,红丝绒可可奶茶,keyword,41,18,738,红丝绒可可奶茶
2024-04-27,周六,水果茶,雪,True,False,44,15,660,水果茶,百香果绿茶,keyword,44,15,660,百香果绿茶
2024-03-07,周四,可可奶茶,阴,False,False,999,18,342,可可奶茶,红丝绒可可奶茶,keyword,999,18,17982,红丝绒可可奶茶
2024-05-12,周日,可可奶茶,多云,True,False,33,15,495,可可奶茶,红丝绒可可奶茶,keyword,33,15,495,红丝绒可可奶茶
2024-04-05,周五,水果茶,晴,False,True,29,13,377,水果茶,百香果绿茶,keyword,29,13,377,百香果绿茶
2024-03-25,周一,水果茶,阴,False,False,-1,13,234,水果茶,百香果绿茶,keyword,1,13,13,百香果绿茶
2024-03-21,周四,珍珠奶茶,阴,False,False,21,15,315,珍珠奶茶,黑糖珍珠奶茶,keyword,21,15,315,黑糖珍珠奶茶
2024-03-22,周五,抹茶拿铁,晴,False,False,18,19,342,抹茶拿铁,芝士奶盖抹茶,keyword,18,19,342,芝士奶盖抹茶
2024-04-17,周三,抹茶拿铁,雪,False,False,23,20,460,抹茶拿铁,芝士奶盖抹茶,keyword,23,20,460,芝士奶盖抹茶
2024-05-07,周二,杨枝甘露,雪,False,False,21,19,399,杨枝甘露,杨枝甘露奶茶,keyword,21,19,399,杨枝甘露奶茶
2024-04-25,周四,抹茶拿铁,雨,False,False,22,17,374,抹茶拿铁,芝士奶盖抹茶,keyword,22,17,374,芝士奶盖抹茶
2024-04-21,周日,珍珠奶茶,雨,True,False,47,12,564,珍珠奶茶,黑糖珍珠奶茶,keyword,47,12,564,黑糖珍珠奶茶
2024-05-11,周六,柠檬茶,多云,True,False,34,11,374,柠檬茶,百香果绿茶,keyword,34,11,374,百香果绿茶
2024-05-04,周六,芝士奶盖,阴,True,False,43,14,602,芝士奶盖,芝士奶盖抹茶,keyword,43,14,602,芝士奶盖抹茶
2024-03-21,周四,冰美式,晴,False,False,25,16,400,冰美式,金凤乌龙奶茶,keyword,25,16,400,金凤乌龙奶茶
2024-04-25,周四,杨枝甘露,阴,False,False,28,20,560,杨枝甘露,杨枝甘露奶茶,keyword,28,20,560,杨枝甘露奶茶
2024-03-31,周日,抹茶拿铁,阴,True,False,46,16,736,抹茶拿铁,芝士奶盖抹茶,keyword,46,16,736,芝士奶盖抹茶
2024-04-06,周六,柠檬茶,多云,True,False,53,15,795,柠檬茶,百香果绿茶,keyword,53,15,795,百香果绿茶
2024-03-11,周一,芋泥波波,晴,False,False,12,12,144,芋泥波波,芋泥波波奶茶,keyword,12,12,144,芋泥波波奶茶
2024-05-03,周五,芋泥波波,晴,False,True,26,12,312,芋泥波波,芋泥波波奶茶,keyword,26,12,312,芋泥波波奶茶
2024-04-16,周二,芝士奶盖,晴,False,True,999,11,341,芝士奶盖,芝士奶盖抹茶,keyword,999,11,10989,芝士奶盖抹茶
2024-03-11,周一,珍珠奶茶,多云,False,False,16,15,240,珍珠奶茶,黑糖珍珠奶茶,keyword,16,15,240,黑糖珍珠奶茶
2024-04-03,周三,杨枝甘露,阴,False,False,17,18,306,杨枝甘露,杨枝甘露奶茶,keyword,17,18,306,杨枝甘露奶茶
2024-04-13,周六,杨枝甘露,阴,True,False,48,20,960,杨枝甘露,杨枝甘露奶茶,keyword,48,20,960,杨枝甘露奶茶
2024-05-30,周四,水果茶,多云,False,False,27,20,540,水果茶,百香果绿茶,keyword,27,20,540,百香果绿茶
2024-03-31,周日,抹茶拿铁,多云,True,True,48,11,528,抹茶拿铁,芝士奶盖抹茶,keyword,48,11,528,芝士奶盖抹茶
2024-04-27,周六,杨枝甘露,晴,True,False,34,20,680,杨枝甘露,杨枝甘露奶茶,keyword,34,20,680,杨枝甘露奶茶
2024-05-31,周五,抹茶拿铁,阴,False,True,53,20,1060,抹茶拿铁,芝士奶盖抹茶,keyword,53,20,1060,芝士奶盖抹茶
2024-04-14,周日,芋泥波波,晴,True,False,30,16,480,芋泥波波,芋泥波波奶茶,keyword,30,16,480,芋泥波波奶茶
2024-05-03,周五,抹茶拿铁,雨,False,False,27,16,432,抹茶拿铁,芝士奶盖抹茶,keyword,27,16,432,芝士奶盖抹茶
2024-05-12,周日,杨枝甘露,多云,True,False,31,18,558,杨枝甘露,杨枝甘露奶茶,keyword,31,18,558,杨枝甘露奶茶
2024-04-12,周五,杨枝甘露,多云,False,False,20,21,420,杨枝甘露,杨枝甘露奶茶,keyword,20,21,420,杨枝甘露奶茶
2024-03-26,周二,杨枝甘露,晴,False,False,33,20,660,杨枝甘露,杨枝甘露奶茶,keyword,33,20,660,杨枝甘露奶茶
2024-05-18,周六,芝士奶盖,晴,True,True,56,13,728,芝士奶盖,芝士奶盖抹茶,keyword,56,13,728,芝士奶盖抹茶
2024-05-27,周一,可可奶茶,雪,False,False,26,19,494,可可奶茶,红丝绒可可奶茶,keyword,26,19,494,红丝绒可可奶茶
2024-05-18,周六,柠檬茶,晴,True,False,47,18,846,柠檬茶,百香果绿茶,keyword,47,18,846,百香果绿茶
2024-04-28,周日,珍珠奶茶,雨,True,True,63,12,756,珍珠奶茶,黑糖珍珠奶茶,keyword,63,12,756,黑糖珍珠奶茶
2024-04-23,周二,抹茶拿铁,雨,False,False,20,17,340,抹茶拿铁,芝士奶盖抹茶,keyword,20,17,340,芝士奶盖抹茶
2024-05-23,周四,珍珠奶茶,雪,False,False,21,12,252,珍珠奶茶,黑糖珍珠奶茶,keyword,21,12,252,黑糖珍珠奶茶
2024-03-06,周三,柠檬茶,多云,False,False,30,10,300,柠檬茶,百香果绿茶,keyword,30,10,300,百香果绿茶
2024-04-05,周五,可可奶茶,晴,False,False,33,14,462,可可奶茶,红丝绒可可奶茶,keyword,33,14,462,红丝绒可可奶茶
2024-05-24,周五,珍珠奶茶,雪,False,False,35,14,490,珍珠奶茶,黑糖珍珠奶茶,keyword,35,14,490,黑糖珍珠奶茶
2024-03-31,周日,水果茶,雨,True,True,65,10,650,水果茶,百香果绿茶,keyword,65,10,650,百香果绿茶
2024-03-11,周一,芝士奶盖,阴,False,True,33,12,396,芝士奶盖,芝士奶盖抹茶,keyword,33,12,396,芝士奶盖抹茶
2024-03-01,周五,柠檬茶,雨,False,True,41,11,451,柠檬茶,百香果绿茶,keyword,41,11,451,百香果绿茶
2024-05-08,周三,抹茶拿铁,阴,False,False,17,11,187,抹茶拿铁,芝士奶盖抹茶,keyword,17,11,187,芝士奶盖抹茶
2024-03-12,周二,芝士奶盖,阴,False,False,23,14,322,芝士奶盖,芝士奶盖抹茶,keyword,23,14,322,芝士奶盖抹茶
2024-05-19,周日,芋泥波波,多云,True,True,47,18,846,芋泥波波,芋泥波波奶茶,keyword,47,18,846,芋泥波波奶茶
2024-05-20,周一,芝士奶盖,雨,False,False,16,11,176,芝士奶盖,芝士奶盖抹茶,keyword,16,11,176,芝士奶盖抹茶
2024-04-21,周日,柠檬茶,多云,True,False,37,19,703,柠檬茶,百香果绿茶,keyword,37,19,703,百香果绿茶
2024-03-09,周六,柠檬茶,雪,True,False,46,15,690,柠檬茶,百香果绿茶,keyword,46,15,690,百香果绿茶
2024-03-26,周二,珍珠奶茶,阴,False,True,35,12,420,珍珠奶茶,黑糖珍珠奶茶,keyword,35,12,420,黑糖珍珠奶茶
2024-04-17,周三,芝士奶盖,晴,False,False,30,11,330,芝士奶盖,芝士奶盖抹茶,keyword,30,11,330,芝士奶盖抹茶
2024-03-13,周三,冰美式,雪,False,True,38,18,684,冰美式,金凤乌龙奶茶,keyword,38,18,684,金凤乌龙奶茶
2024-04-13,周六,芋泥波波,晴,True,False,54,15,810,芋泥波波,芋泥波波奶茶,keyword,54,15,810,芋泥波波奶茶
2024-05-08,周三,水果茶,晴,False,False,19,14,266,水果茶,百香果绿茶,keyword,19,14,266,百香果绿茶
2024-04-16,周二,芋泥波波,雨,False,False,0,10,310,芋泥波波,芋泥波波奶茶,keyword,1,10,10,芋泥波波奶茶
2024-04-11,周四,杨枝甘露,多云,False,False,21,22,462,杨枝甘露,杨枝甘露奶茶,keyword,21,22,462,杨枝甘露奶茶
2024-04-16,周二,芋泥波波,雨,False,False,18,11,198,芋泥波波,芋泥波波奶茶,keyword,18,11,198,芋泥波波奶茶
2024-03-28,周四,冰美式,多云,False,True,34,18,612,冰美式,金凤乌龙奶茶,keyword,34,18,612,金凤乌龙奶茶
2024-03-11,周一,可可奶茶,雪,False,False,20,16,320,可可奶茶,红丝绒可可奶茶,keyword,20,16,320,红丝绒可可奶茶
2024-03-13,周三,冰美式,晴,False,False,10,17,170,冰美式,金凤乌龙奶茶,keyword,10,17,170,金凤乌龙奶茶
2024-04-21,周日,可可奶茶,雨,True,True,49,11,539,可可奶茶,红丝绒可可奶茶,keyword,49,11,539,红丝绒可可奶茶
2024-03-24,周日,冰美式,晴,True,False,30,12,360,冰美式,金凤乌龙奶茶,keyword,30,12,360,金凤乌龙奶茶
2024-05-27,周一,可可奶茶,阴,False,True,39,19,741,可可奶茶,红丝绒可可奶茶,keyword,39,19,741,红丝绒可可奶茶
2024-03-25,周一,抹茶拿铁,晴,False,False,26,20,520,抹茶拿铁,芝士奶盖抹茶,keyword,26,20,520,芝士奶盖抹茶
2024-05-17,周五,抹茶拿铁,晴,False,False,13,14,182,抹茶拿铁,芝士奶盖抹茶,keyword,13,14,182,芝士奶盖抹茶
2024-05-13,周一,杨枝甘露,多云,False,True,26,19,494,杨枝甘露,杨枝甘露奶茶,keyword,26,19,494,杨枝甘露奶茶
2024-03-10,周日,水果茶,多云,True,False,-1,19,570,水果茶,百香果绿茶,keyword,1,19,19,百香果绿茶
2024-05-31,周五,芋泥波波,阴,False,True,30,12,360,芋泥波波,芋泥波波奶茶,keyword,30,12,360,芋泥波波奶茶
2024-05-22,周三,芋泥波波,雨,False,False,27,20,540,芋泥波波,芋泥波波奶茶,keyword,27,20,540,芋泥波波奶茶
2024-04-05,周五,抹茶拿铁,多云,False,False,21,13,273,抹茶拿铁,芝士奶盖抹茶,keyword,21,13,273,芝士奶盖抹茶
2024-05-24,周五,柠檬茶,阴,False,False,31,10,310,柠檬茶,百香果绿茶,keyword,31,10,310,百香果绿茶
2024-04-25,周四,抹茶拿铁,晴,False,False,15,17,255,抹茶拿铁,芝士奶盖抹茶,keyword,15,17,255,芝士奶盖抹茶
2024-03-27,周三,水果茶,雨,False,True,29,16,464,水果茶,百香果绿茶,keyword,29,16,464,百香果绿茶
2024-04-30,周二,可可奶茶,雪,False,False,16,20,320,可可奶茶,红丝绒可可奶茶,keyword,16,20,320,红丝绒可可奶茶
2024-03-18,周一,珍珠奶茶,阴,False,False,25,13,325,珍珠奶茶,黑糖珍珠奶茶,keyword,25,13,325,黑糖珍珠奶茶
2024-04-17,周三,可可奶茶,晴,False,False,28,18,504,可可奶茶,红丝绒可可奶茶,keyword,28,18,504,红丝绒可可奶茶
2024-04-21,周日,珍珠奶茶,雪,True,False,28,13,364,珍珠奶茶,黑糖珍珠奶茶,keyword,28,13,364,黑糖珍珠奶茶
2024-04-02,周二,柠檬茶,阴,False,False,15,12,180,柠檬茶,百香果绿茶,keyword,15,12,180,百香果绿茶
2024-04-11,周四,可可奶茶,雪,False,False,30,13,390,可可奶茶,红丝绒可可奶茶,keyword,30,13,390,红丝绒可可奶茶
2024-04-09,周二,水果茶,雨,False,False,28,16,448,水果茶,百香果绿茶,keyword,28,16,448,百香果绿茶
2024-05-17,周五,冰美式,晴,False,False,30,13,390,冰美式,金凤乌龙奶茶,keyword,30,13,390,金凤乌龙奶茶
2024-04-11,周四,珍珠奶茶,雨,False,False,23,14,322,珍珠奶茶,黑糖珍珠奶茶,keyword,23,14,322,黑糖珍珠奶茶
2024-04-25,周四,可可奶茶,晴,False,True,25,16,400,可可奶茶,红丝绒可可奶茶,keyword,25,16,400,红丝绒可可奶茶
2024-03-27,周三,抹茶拿铁,雪,False,False,24,11,264,抹茶拿铁,芝士奶盖抹茶,keyword,24,11,264,芝士奶盖抹茶
2024-05-10,周五,抹茶拿铁,多云,False,False,17,15,255,抹茶拿铁,芝士奶盖抹茶,keyword,17,15,255,芝士奶盖抹茶
2024-04-02,周二,珍珠奶茶,晴,False,False,33,15,495,珍珠奶茶,黑糖珍珠奶茶,keyword,33,15,495,黑糖珍珠奶茶
2024-03-12,周二,芝士奶盖,雪,False,True,40,18,720,芝士奶盖,芝士奶盖抹茶,keyword,40,18,720,芝士奶盖抹茶
2024-03-31,周日,珍珠奶茶,雨,True,False,50,12,600,珍珠奶茶,黑糖珍珠奶茶,keyword,50,12,600,黑糖珍珠奶茶
2024-05-02,周四,柠檬茶,雨,False,True,51,19,969,柠檬茶,百香果绿茶,keyword,51,19,969,百香果绿茶
2024-04-24,周三,芝士奶盖,阴,False,False,23,10,230,芝士奶盖,芝士奶盖抹茶,keyword,23,10,230,芝士奶盖抹茶
2024-05-20,周一,冰美式,雨,False,True,25,10,250,冰美式,金凤乌龙奶茶,keyword,25,10,250,金凤乌龙奶茶
2024-03-26,周二,柠檬茶,多云,False,False,16,20,320,柠檬茶,百香果绿茶,keyword,16,20,320,百香果绿茶
2024-05-19,周日,杨枝甘露,晴,True,False,29,20,580,杨枝甘露,杨枝甘露奶茶,keyword,29,20,580,杨枝甘露奶茶
2024-04-08,周一,水果茶,晴,False,False,16,17,272,水果茶,百香果绿茶,keyword,16,17,272,百香果绿茶
2024-03-22,周五,芝士奶盖,雪,False,True,28,11,308,芝士奶盖,芝士奶盖抹茶,keyword,28,11,308,芝士奶盖抹茶
2024-03-28,周四,芋泥波波,阴,False,True,29,14,406,芋泥波波,芋泥波波奶茶,keyword,29,14,406,芋泥波波奶茶
2024-05-31,周五,可可奶茶,阴,False,True,47,20,940,可可奶茶,红丝绒可可奶茶,keyword,47,20,940,红丝绒可可奶茶
2024-04-27,周六,水果茶,雪,True,False,37,14,518,水果茶,百香果绿茶,keyword,37,14,518,百香果绿茶
2024-05-17,周五,柠檬茶,多云,False,False,16,18,288,柠檬茶,百香果绿茶,keyword,16,18,288,百香果绿茶
2024-03-12,周二,冰美式,多云,False,False,16,18,288,冰美式,金凤乌龙奶茶,keyword,16,18,288,金凤乌龙奶茶
2024-03-15,周五,可可奶茶,阴,False,False,34,12,408,可可奶茶,红丝绒可可奶茶,keyword,34,12,408,红丝绒可可奶茶
2024-03-24,周日,可可奶茶,多云,True,False,32,18,576,可可奶茶,红丝绒可可奶茶,keyword,32,18,576,红丝绒可可奶茶
2024-05-09,周四,芋泥波波,雪,False,False,22,18,396,芋泥波波,芋泥波波奶茶,keyword,22,18,396,芋泥波波奶茶
2024-03-27,周三,杨枝甘露,晴,False,False,26,21,546,杨枝甘露,杨枝甘露奶茶,keyword,26,21,546,杨枝甘露奶茶
2024-05-21,周二,可可奶茶,雨,False,False,22,14,308,可可奶茶,红丝绒可可奶茶,keyword,22,14,308,红丝绒可可奶茶
2024-04-13,周六,珍珠奶茶,晴,True,False,36,12,432,珍珠奶茶,黑糖珍珠奶茶,keyword,36,12,432,黑糖珍珠奶茶
2024-03-04,周一,芋泥波波,多云,False,False,30,19,570,芋泥波波,芋泥波波奶茶,keyword,30,19,570,芋泥波波奶茶
2024-05-28,周二,柠檬茶,晴,False,False,33,20,660,柠檬茶,百香果绿茶,keyword,33,20,660,百香果绿茶
2024-05-20,周一,冰美式,多云,False,False,15,16,240,冰美式,金凤乌龙奶茶,keyword,15,16,240,金凤乌龙奶茶
2024-05-09,周四,抹茶拿铁,阴,False,False,20,12,240,抹茶拿铁,芝士奶盖抹茶,keyword,20,12,240,芝士奶盖抹茶
2024-04-06,周六,可可奶茶,晴,True,False,51,10,510,可可奶茶,红丝绒可可奶茶,keyword,51,10,510,红丝绒可可奶茶
2024-04-29,周一,珍珠奶茶,雪,False,True,35,13,455,珍珠奶茶,黑糖珍珠奶茶,keyword,35,13,455,黑糖珍珠奶茶
2024-05-21,周二,芝士奶盖,雨,False,False,16,18,288,芝士奶盖,芝士奶盖抹茶,keyword,16,18,288,芝士奶盖抹茶
2024-04-18,周四,冰美式,多云,False,False,17,18,306,冰美式,金凤乌龙奶茶,keyword,17,18,306,金凤乌龙奶茶
2024-04-11,周四,芝士奶盖,雨,False,False,13,19,247,芝士奶盖,芝士奶盖抹茶,keyword,13,19,247,芝士奶盖抹茶
2024-03-06,周三,可可奶茶,阴,False,True,27,16,432,可可奶茶,红丝绒可可奶茶,keyword,27,16,432,红丝绒可可奶茶
2024-05-18,周六,可可奶茶,雪,True,False,39,19,741,可可奶茶,红丝绒可可奶茶,keyword,39,19,741,红丝绒可可奶茶
2024-05-07,周二,杨枝甘露,晴,False,True,25,21,525,杨枝甘露,杨枝甘露奶茶,keyword,25,21,525,杨枝甘露奶茶
2024-05-07,周二,芋泥波波,雨,False,False,14,20,280,芋泥波波,芋泥波波奶茶,keyword,14,20,280,芋泥波波奶茶
2024-04-30,周二,抹茶拿铁,雪,False,True,38,20,760,抹茶拿铁,芝士奶盖抹茶,keyword,38,20,760,芝士奶盖抹茶
2024-04-04,周四,柠檬茶,晴,False,True,39,20,780,柠檬茶,百香果绿茶,keyword,39,20,780,百香果绿茶
2024-03-22,周五,可可奶茶,阴,False,False,19,13,247,可可奶茶,红丝绒可可奶茶,keyword,19,13,247,红丝绒可可奶茶
2024-05-31,周五,杨枝甘露,雪,False,False,22,20,440,杨枝甘露,杨枝甘露奶茶,keyword,22,20,440,杨枝甘露奶茶
2024-04-02,周二,芋泥波波,晴,False,False,28,20,560,芋泥波波,芋泥波波奶茶,keyword,28,20,560,芋泥波波奶茶
2024-04-15,周一,芝士奶盖,晴,False,True,42,15,630,芝士奶盖,芝士奶盖抹茶,keyword,42,15,630,芝士奶盖抹茶
2024-05-27,周一,杨枝甘露,多云,False,False,19,18,342,杨枝甘露,杨枝甘露奶茶,keyword,19,18,342,杨枝甘露奶茶
2024-04-09,周二,水果茶,雨,False,False,26,18,468,水果茶,百香果绿茶,keyword,26,18,468,百香果绿茶
2024-03-03,周日,柠檬茶,雨,True,False,44,18,792,柠檬茶,百香果绿茶,keyword,44,18,792,百香果绿茶
2024-04-05,周五,芝士奶盖,阴,False,False,14,20,280,芝士奶盖,芝士奶盖抹茶,keyword,14,20,280,芝士奶盖抹茶
2024-04-15,周一,柠檬茶,雪,False,False,19,16,304,柠檬茶,百香果绿茶,keyword,19,16,304,百香果绿茶
2024-03-19,周二,芋泥波波,晴,False,False,19,18,342,芋泥波波,芋泥波波奶茶,keyword,19,18,342,芋泥波波奶茶
2024-03-16,周六,可可奶茶,雪,True,False,29,19,551,可可奶茶,红丝绒可可奶茶,keyword,29,19,551,红丝绒可可奶茶
2024-05-26,周日,柠檬茶,多云,True,True,0,13,845,柠檬茶,百香果绿茶,keyword,1,13,13,百香果绿茶
2024-03-05,周二,芋泥波波,雪,False,False,19,15,285,芋泥波波,芋泥波波奶茶,keyword,19,15,285,芋泥波波奶茶
2024-03-13,周三,抹茶拿铁,雪,False,False,-1,10,310,抹茶拿铁,芝士奶盖抹茶,keyword,1,10,10,芝士奶盖抹茶
2024-03-27,周三,珍珠奶茶,雪,False,True,27,13,351,珍珠奶茶,黑糖珍珠奶茶,keyword,27,13,351,黑糖珍珠奶茶
2024-05-07,周二,珍珠奶茶,阴,False,False,27,15,405,珍珠奶茶,黑糖珍珠奶茶,keyword,27,15,405,黑糖珍珠奶茶
2024-04-06,周六,冰美式,阴,True,False,37,20,740,冰美式,金凤乌龙奶茶,keyword,37,20,740,金凤乌龙奶茶
2024-04-17,周三,冰美式,多云,False,False,22,14,308,冰美式,金凤乌龙奶茶,keyword,22,14,308,金凤乌龙奶茶
2024-03-16,周六,可可奶茶,雪,True,False,53,14,742,可可奶茶,红丝绒可可奶茶,keyword,53,14,742,红丝绒可可奶茶
2024-04-20,周六,可可奶茶,雨,True,False,49,12,588,可可奶茶,红丝绒可可奶茶,keyword,49,12,588,红丝绒可可奶茶
2024-04-22,周一,柠檬茶,多云,False,False,24,19,456,柠檬茶,百香果绿茶,keyword,24,19,456,百香果绿茶
2024-03-10,周日,柠檬茶,雨,True,False,50,11,550,柠檬茶,百香果绿茶,keyword,50,11,550,百香果绿茶
2024-04-13,周六,柠檬茶,阴,True,False,40,18,720,柠檬茶,百香果绿茶,keyword,40,18,720,百香果绿茶
2024-03-15,周五,杨枝甘露,晴,False,False,26,18,468,杨枝甘露,杨枝甘露奶茶,keyword,26,18,468,杨枝甘露奶茶
2024-03-27,周三,芝士奶盖,阴,False,False,23,10,230,芝士奶盖,芝士奶盖抹茶,keyword,23,10,230,芝士奶盖抹茶
2024-05-27,周一,抹茶拿铁,雨,False,False,15,11,165,抹茶拿铁,芝士奶盖抹茶,keyword,15,11,165,芝士奶盖抹茶
2024-05-13,周一,芋泥波波,阴,False,False,33,20,660,芋泥波波,芋泥波波奶茶,keyword,33,20,660,芋泥波波奶茶
2024-05-19,周日,柠檬茶,雨,True,False,50,11,550,柠檬茶,百香果绿茶,keyword,50,11,550,百香果绿茶
2024-05-10,周五,珍珠奶茶,多云,False,False,27,15,405,珍珠奶茶,黑糖珍珠奶茶,keyword,27,15,405,黑糖珍珠奶茶
2024-05-10,周五,可可奶茶,阴,False,True,37,15,555,可可奶茶,红丝绒可可奶茶,keyword,37,15,555,红丝绒可可奶茶
2024-03-16,周六,珍珠奶茶,雨,True,False,28,12,336,珍珠奶茶,黑糖珍珠奶茶,keyword,28,12,336,黑糖珍珠奶茶
2024-05-12,周日,冰美式,雨,True,False,29,10,290,冰美式,金凤乌龙奶茶,keyword,29,10,290,金凤乌龙奶茶
2024-05-20,周一,水果茶,雨,False,False,32,19,608,水果茶,百香果绿茶,keyword,32,19,608,百香果绿茶
2024-05-26,周日,抹茶拿铁,雪,True,False,35,15,525,抹茶拿铁,芝士奶盖抹茶,keyword,35,15,525,芝士奶盖抹茶
2024-05-21,周二,冰美式,多云,False,False,999,14,252,冰美式,金凤乌龙奶茶,keyword,999,14,13986,金凤乌龙奶茶
2024-04-09,周二,冰美式,多云,False,False,17,12,204,冰美式,金凤乌龙奶茶,keyword,17,12,204,金凤乌龙奶茶
2024-05-29,周三,珍珠奶茶,多云,False,False,26,15,390,珍珠奶茶,黑糖珍珠奶茶,keyword,26,15,390,黑糖珍珠奶茶
2024-03-04,周一,抹茶拿铁,多云,False,False,18,18,324,抹茶拿铁,芝士奶盖抹茶,keyword,18,18,324,芝士奶盖抹茶
2024-04-11,周四,冰美式,多云,False,False,29,12,348,冰美式,金凤乌龙奶茶,keyword,29,12,348,金凤乌龙奶茶
2024-05-11,周六,珍珠奶茶,晴,True,False,40,12,480,珍珠奶茶,黑糖珍珠奶茶,keyword,40,12,480,黑糖珍珠奶茶
2024-05-28,周二,冰美式,雨,False,True,41,19,779,冰美式,金凤乌龙奶茶,keyword,41,19,779,金凤乌龙奶茶
2024-05-09,周四,杨枝甘露,雨,False,True,47,22,1034,杨枝甘露,杨枝甘露奶茶,keyword,47,22,1034,杨枝甘露奶茶
2024-04-22,周一,芋泥波波,晴,False,False,22,11,242,芋泥波波,芋泥波波奶茶,keyword,22,11,242,芋泥波波奶茶
2024-05-27,周一,杨枝甘露,雪,False,False,21,18,378,杨枝甘露,杨枝甘露奶茶,keyword,21,18,378,杨枝甘露奶茶
2024-03-06,周三,珍珠奶茶,阴,False,False,15,12,180,珍珠奶茶,黑糖珍珠奶茶,keyword,15,12,180,黑糖珍珠奶茶
2024-05-05,周日,水果茶,阴,True,False,50,11,550,水果茶,百香果绿茶,keyword,50,11,550,百香果绿茶
2024-03-15,周五,水果茶,晴,False,True,38,15,570,水果茶,百香果绿茶,keyword,38,15,570,百香果绿茶
2024-03-04,周一,珍珠奶茶,阴,False,False,21,14,294,珍珠奶茶,黑糖珍珠奶茶,keyword,21,14,294,黑糖珍珠奶茶
2024-05-20,周一,冰美式,雨,False,True,30,20,600,冰美式,金凤乌龙奶茶,keyword,30,20,600,金凤乌龙奶茶
2024-05-14,周二,抹茶拿铁,多云,False,True,41,20,820,抹茶拿铁,芝士奶盖抹茶,keyword,41,20,820,芝士奶盖抹茶
2024-03-03,周日,抹茶拿铁,阴,True,False,45,12,540,抹茶拿铁,芝士奶盖抹茶,keyword,45,12,540,芝士奶盖抹茶
2024-04-27,周六,杨枝甘露,阴,True,False,46,19,874,杨枝甘露,杨枝甘露奶茶,keyword,46,19,874,杨枝甘露奶茶
2024-05-11,周六,芋泥波波,阴,True,False,40,12,480,芋泥波波,芋泥波波奶茶,keyword,40,12,480,芋泥波波奶茶
2024-05-17,周五,芋泥波波,晴,False,False,26,20,520,芋泥波波,芋泥波波奶茶,keyword,26,20,520,芋泥波波奶茶
2024-03-09,周六,柠檬茶,多云,True,False,32,12,384,柠檬茶,百香果绿茶,keyword,32,12,384,百香果绿茶
2024-04-10,周三,芝士奶盖,多云,False,False,21,11,231,芝士奶盖,芝士奶盖抹茶,keyword,21,11,231,芝士奶盖抹茶
2024-03-11,周一,抹茶拿铁,多云,False,False,12,20,240,抹茶拿铁,芝士奶盖抹茶,keyword,12,20,240,芝士奶盖抹茶
2024-05-17,周五,杨枝甘露,阴,False,True,29,22,638,杨枝甘露,杨枝甘露奶茶,keyword,29,22,638,杨枝甘露奶茶
2024-04-10,周三,杨枝甘露,阴,False,False,29,21,609,杨枝甘露,杨枝甘露奶茶,keyword,29,21,609,杨枝甘露奶茶
2024-03-28,周四,抹茶拿铁,雪,False,False,-1,19,304,抹茶拿铁,芝士奶盖抹茶,keyword,1,19,19,芝士奶盖抹茶
2024-05-14,周二,芝士奶盖,多云,False,False,-1,18,270,芝士奶盖,芝士奶盖抹茶,keyword,1,18,18,芝士奶盖抹茶
2024-03-14,周四,水果茶,雪,False,True,44,17,748,水果茶,百香果绿茶,keyword,44,17,748,百香果绿茶
2024-03-22,周五,杨枝甘露,晴,False,False,22,18,396,杨枝甘露,杨枝甘露奶茶,keyword,22,18,396,杨枝甘露奶茶
2024-05-15,周三,可可奶茶,晴,False,False,19,18,342,可可奶茶,红丝绒可可奶茶,keyword,19,18,342,红丝绒可可奶茶
2024-04-23,周二,杨枝甘露,阴,False,False,30,22,660,杨枝甘露,杨枝甘露奶茶,keyword,30,22,660,杨枝甘露奶茶
2024-04-24,周三,柠檬茶,晴,False,False,19,18,342,柠檬茶,百香果绿茶,keyword,19,18,342,百香果绿茶
2024-04-10,周三,水果茶,雨,False,False,17,10,170,水果茶,百香果绿茶,keyword,17,10,170,百香果绿茶
2024-05-29,周三,冰美式,阴,False,False,24,17,408,冰美式,金凤乌龙奶茶,keyword,24,17,408,金凤乌龙奶茶
2024-03-08,周五,水果茶,多云,False,False,33,12,396,水果茶,百香果绿茶,keyword,33,12,396,百香果绿茶
2024-03-02,周六,芝士奶盖,阴,True,False,26,20,520,芝士奶盖,芝士奶盖抹茶,keyword,26,20,520,芝士奶盖抹茶
2024-03-24,周日,柠檬茶,雨,True,False,56,16,896,柠檬茶,百香果绿茶,keyword,56,16,896,百香果绿茶
2024-05-24,周五,芝士奶盖,雨,False,False,17,11,187,芝士奶盖,芝士奶盖抹茶,keyword,17,11,187,芝士奶盖抹茶
2024-04-21,周日,冰美式,晴,True,False,31,11,341,冰美式,金凤乌龙奶茶,keyword,31,11,341,金凤乌龙奶茶
2024-03-18,周一,芝士奶盖,阴,False,False,22,18,396,芝士奶盖,芝士奶盖抹茶,keyword,22,18,396,芝士奶盖抹茶
2024-03-03,周日,杨枝甘露,晴,True,False,29,22,638,杨枝甘露,杨枝甘露奶茶,keyword,29,22,638,杨枝甘露奶茶
2024-03-30,周六,可可奶茶,雪,True,False,42,18,756,可可奶茶,红丝绒可可奶茶,keyword,42,18,756,红丝绒可可奶茶
2024-05-22,周三,杨枝甘露,雪,False,False,28,22,616,杨枝甘露,杨枝甘露奶茶,keyword,28,22,616,杨枝甘露奶茶
2024-03-09,周六,芋泥波波,雨,True,False,42,18,756,芋泥波波,芋泥波波奶茶,keyword,42,18,756,芋泥波波奶茶
2024-03-05,周二,抹茶拿铁,雨,False,False,15,18,270,抹茶拿铁,芝士奶盖抹茶,keyword,15,18,270,芝士奶盖抹茶
2024-04-19,周五,抹茶拿铁,雪,False,False,999,12,312,抹茶拿铁,芝士奶盖抹茶,keyword,999,12,11988,芝士奶盖抹茶
2024-04-29,周一,抹茶拿铁,阴,False,False,34,19,646,抹茶拿铁,芝士奶盖抹茶,keyword,34,19,646,芝士奶盖抹茶
2024-05-04,周六,抹茶拿铁,多云,True,False,38,13,494,抹茶拿铁,芝士奶盖抹茶,keyword,38,13,494,芝士奶盖抹茶
2024-03-05,周二,可可奶茶,雪,False,True,42,20,840,可可奶茶,红丝绒可可奶茶,keyword,42,20,840,红丝绒可可奶茶
2024-03-31,周日,芝士奶盖,雨,True,False,36,15,540,芝士奶盖,芝士奶盖抹茶,keyword,36,15,540,芝士奶盖抹茶
2024-04-19,周五,水果茶,阴,False,False,20,20,400,水果茶,百香果绿茶,keyword,20,20,400,百香果绿茶
2024-04-05,周五,可可奶茶,雨,False,False,19,14,266,可可奶茶,红丝绒可可奶茶,keyword,19,14,266,红丝绒可可奶茶
2024-05-07,周二,水果茶,雪,False,False,26,15,390,水果茶,百香果绿茶,keyword,26,15,390,百香果绿茶
2024-05-13,周一,芋泥波波,阴,False,True,41,20,820,芋泥波波,芋泥波波奶茶,keyword,41,20,820,芋泥波波奶茶
2024-03-24,周日,可可奶茶,阴,True,True,56,12,672,可可奶茶,红丝绒可可奶茶,keyword,56,12,672,红丝绒可可奶茶
2024-03-22,周五,水果茶,多云,False,False,26,20,520,水果茶,百香果绿茶,keyword,26,20,520,百香果绿茶
2024-03-29,周五,可可奶茶,雪,False,False,999,15,270,可可奶茶,红丝绒可可奶茶,keyword,999,15,14985,红丝绒可可奶茶
2024-05-02,周四,可可奶茶,阴,False,False,0,15,390,可可奶茶,红丝绒可可奶茶,keyword,1,15,15,红丝绒可可奶茶
2024-05-26,周日,可可奶茶,晴,True,False,44,17,748,可可奶茶,红丝绒可可奶茶,keyword,44,17,748,红丝绒可可奶茶
2024-03-22,周五,珍珠奶茶,雪,False,False,21,13,273,珍珠奶茶,黑糖珍珠奶茶,keyword,21,13,273,黑糖珍珠奶茶
2024-03-05,周二,芋泥波波,多云,False,False,22,15,330,芋泥波波,芋泥波波奶茶,keyword,22,15,330,芋泥波波奶茶
2024-03-14,周四,芝士奶盖,多云,False,True,37,19,703,芝士奶盖,芝士奶盖抹茶,keyword,37,19,703,芝士奶盖抹茶
2024-04-23,周二,抹茶拿铁,多云,False,False,999,15,300,抹茶拿铁,芝士奶盖抹茶,keyword,999,15,14985,芝士奶盖抹茶
2024-04-04,周四,杨枝甘露,雨,False,False,14,18,252,杨枝甘露,杨枝甘露奶茶,keyword,14,18,252,杨枝甘露奶茶
2024-03-23,周六,抹茶拿铁,雪,True,False,38,19,722,抹茶拿铁,芝士奶盖抹茶,keyword,38,19,722,芝士奶盖抹茶
2024-05-11,周六,珍珠奶茶,多云,True,False,44,14,616,珍珠奶茶,黑糖珍珠奶茶,keyword,44,14,616,黑糖珍珠奶茶
2024-03-31,周日,可可奶茶,雪,True,False,46,16,736,可可奶茶,红丝绒可可奶茶,keyword,46,16,736,红丝绒可可奶茶
2024-03-18,周一,芝士奶盖,阴,False,True,47,18,846,芝士奶盖,芝士奶盖抹茶,keyword,47,18,846,芝士奶盖抹茶
2024-04-27,周六,可可奶茶,雨,True,False,41,12,492,可可奶茶,红丝绒可可奶茶,keyword,41,12,492,红丝绒可可奶茶
2024-04-13,周六,可可奶茶,雨,True,False,40,19,760,可可奶茶,红丝绒可可奶茶,keyword,40,19,760,红丝绒可可奶茶
2024-04-16,周二,芝士奶盖,多云,False,False,23,19,437,芝士奶盖,芝士奶盖抹茶,keyword,23,19,437,芝士奶盖抹茶
2024-03-11,周一,水果茶,晴,False,True,30,10,300,水果茶,百香果绿茶,keyword,30,10,300,百香果绿茶
2024-04-09,周二,芝士奶盖,雪,False,False,20,11,220,芝士奶盖,芝士奶盖抹茶,keyword,20,11,220,芝士奶盖抹茶
2024-03-17,周日,芋泥波波,雨,True,True,50,15,750,芋泥波波,芋泥波波奶茶,keyword,50,15,750,芋泥波波奶茶
2024-05-06,周一,柠檬茶,雪,False,False,33,11,363,柠檬茶,百香果绿茶,keyword,33,11,363,百香果绿茶
2024-04-06,周六,可可奶茶,雪,True,False,50,19,950,可可奶茶,红丝绒可可奶茶,keyword,50,19,950,红丝绒可可奶茶
2024-05-02,周四,杨枝甘露,多云,False,False,35,21,735,杨枝甘露,杨枝甘露奶茶,keyword,35,21,735,杨枝甘露奶茶
2024-04-07,周日,水果茶,晴,True,True,49,15,735,水果茶,百香果绿茶,keyword,49,15,735,百香果绿茶
2024-03-09,周六,可可奶茶,多云,True,False,32,12,384,可可奶茶,红丝绒可可奶茶,keyword,32,12,384,红丝绒可可奶茶
2024-03-09,周六,杨枝甘露,雪,True,True,51,20,1020,杨枝甘露,杨枝甘露奶茶,keyword,51,20,1020,杨枝甘露奶茶
2024-03-08,周五,水果茶,晴,False,False,16,14,224,水果茶,百香果绿茶,keyword,16,14,224,百香果绿茶
2024-03-27,周三,可可奶茶,雨,False,True,43,16,688,可可奶茶,红丝绒可可奶茶,keyword,43,16,688,红丝绒可可奶茶
2024-03-12,周二,抹茶拿铁,多云,False,False,22,17,374,抹茶拿铁,芝士奶盖抹茶,keyword,22,17,374,芝士奶盖抹茶
2024-04-16,周二,可可奶茶,阴,False,True,39,10,390,可可奶茶,红丝绒可可奶茶,keyword,39,10,390,红丝绒可可奶茶
2024-05-19,周日,芋泥波波,阴,True,False,51,18,918,芋泥波波,芋泥波波奶茶,keyword,51,18,918,芋泥波波奶茶
2024-03-14,周四,水果茶,雪,False,False,18,11,198,水果茶,百香果绿茶,keyword,18,11,198,百香果绿茶
2024-03-23,周六,芋泥波波,多云,True,True,61,20,1220,芋泥波波,芋泥波波奶茶,keyword,61,20,1220,芋泥波波奶茶
2024-03-24,周日,珍珠奶茶,多云,True,True,63,13,819,珍珠奶茶,黑糖珍珠奶茶,keyword,63,13,819,黑糖珍珠奶茶
2024-03-22,周五,芋泥波波,雨,False,False,32,11,352,芋泥波波,芋泥波波奶茶,keyword,32,11,352,芋泥波波奶茶
2024-03-31,周日,可可奶茶,多云,True,False,44,15,660,可可奶茶,红丝绒可可奶茶,keyword,44,15,660,红丝绒可可奶茶
2024-05-29,周三,柠檬茶,雨,False,False,33,16,528,柠檬茶,百香果绿茶,keyword,33,16,528,百香果绿茶
2024-05-22,周三,抹茶拿铁,多云,False,True,45,13,585,抹茶拿铁,芝士奶盖抹茶,keyword,45,13,585,芝士奶盖抹茶
2024-05-13,周一,芝士奶盖,雨,False,False,25,19,475,芝士奶盖,芝士奶盖抹茶,keyword,25,19,475,芝士奶盖抹茶
2024-03-15,周五,杨枝甘露,雪,False,False,999,21,693,杨枝甘露,杨枝甘露奶茶,keyword,999,21,20979,杨枝甘露奶茶
2024-03-23,周六,抹茶拿铁,多云,True,True,50,19,950,抹茶拿铁,芝士奶盖抹茶,keyword,50,19,950,芝士奶盖抹茶
2024-05-07,周二,抹茶拿铁,多云,False,False,18,12,216,抹茶拿铁,芝士奶盖抹茶,keyword,18,12,216,芝士奶盖抹茶
2024-05-11,周六,可可奶茶,多云,True,True,53,12,636,可可奶茶,红丝绒可可奶茶,keyword,53,12,636,红丝绒可可奶茶
2024-04-20,周六,珍珠奶茶,多云,True,True,56,15,840,珍珠奶茶,黑糖珍珠奶茶,keyword,56,15,840,黑糖珍珠奶茶
2024-05-27,周一,抹茶拿铁,雨,False,False,29,20,580,抹茶拿铁,芝士奶盖抹茶,keyword,29,20,580,芝士奶盖抹茶
2024-03-24,周日,柠檬茶,雪,True,False,45,10,450,柠檬茶,百香果绿茶,keyword,45,10,450,百香果绿茶
2024-04-28,周日,芋泥波波,多云,True,False,-1,11,495,芋泥波波,芋泥波波奶茶,keyword,1,11,11,芋泥波波奶茶
2024-05-22,周三,冰美式,雪,False,False,25,10,250,冰美式,金凤乌龙奶茶,keyword,25,10,250,金凤乌龙奶茶
2024-03-26,周二,抹茶拿铁,雪,False,True,40,10,400,抹茶拿铁,芝士奶盖抹茶,keyword,40,10,400,芝士奶盖抹茶
2024-04-30,周二,芋泥波波,雪,False,False,25,11,275,芋泥波波,芋泥波波奶茶,keyword,25,11,275,芋泥波波奶茶
2024-03-07,周四,杨枝甘露,晴,False,False,15,21,315,杨枝甘露,杨枝甘露奶茶,keyword,15,21,315,杨枝甘露奶茶
2024-05-24,周五,杨枝甘露,晴,False,False,21,18,378,杨枝甘露,杨枝甘露奶茶,keyword,21,18,378,杨枝甘露奶茶
2024-04-18,周四,水果茶,多云,False,False,13,11,143,水果茶,百香果绿茶,keyword,13,11,143,百香果绿茶
2024-03-05,周二,抹茶拿铁,雨,False,False,22,17,374,抹茶拿铁,芝士奶盖抹茶,keyword,22,17,374,芝士奶盖抹茶
2024-03-26,周二,冰美式,晴,False,False,19,16,304,冰美式,金凤乌龙奶茶,keyword,19,16,304,金凤乌龙奶茶
2024-03-27,周三,可可奶茶,多云,False,False,20,14,280,可可奶茶,红丝绒可可奶茶,keyword,20,14,280,红丝绒可可奶茶
2024-03-14,周四,杨枝甘露,多云,False,True,33,22,726,杨枝甘露,杨枝甘露奶茶,keyword,33,22,726,杨枝甘露奶茶
2024-05-20,周一,可可奶茶,雨,False,False,23,20,460,可可奶茶,红丝绒可可奶茶,keyword,23,20,460,红丝绒可可奶茶
2024-03-18,周一,杨枝甘露,阴,False,True,41,20,820,杨枝甘露,杨枝甘露奶茶,keyword,41,20,820,杨枝甘露奶茶
2024-04-14,周日,水果茶,晴,True,False,30,20,600,水果茶,百香果绿茶,keyword,30,20,600,百香果绿茶
2024-04-14,周日,杨枝甘露,阴,True,False,44,19,836,杨枝甘露,杨枝甘露奶茶,keyword,44,19,836,杨枝甘露奶茶
2024-03-16,周六,杨枝甘露,多云,True,False,38,22,836,杨枝甘露,杨枝甘露奶茶,keyword,38,22,836,杨枝甘露奶茶
2024-04-16,周二,水果茶,多云,False,False,19,14,266,水果茶,百香果绿茶,keyword,19,14,266,百香果绿茶
2024-03-20,周三,珍珠奶茶,阴,False,False,20,12,240,珍珠奶茶,黑糖珍珠奶茶,keyword,20,12,240,黑糖珍珠奶茶
2024-03-21,周四,抹茶拿铁,雪,False,False,17,12,204,抹茶拿铁,芝士奶盖抹茶,keyword,17,12,204,芝士奶盖抹茶
2024-03-08,周五,抹茶拿铁,阴,False,False,21,10,210,抹茶拿铁,芝士奶盖抹茶,keyword,21,10,210,芝士奶盖抹茶
2024-03-17,周日,杨枝甘露,雪,True,False,35,20,700,杨枝甘露,杨枝甘露奶茶,keyword,35,20,700,杨枝甘露奶茶
2024-03-21,周四,珍珠奶茶,雨,False,True,28,12,336,珍珠奶茶,黑糖珍珠奶茶,keyword,28,12,336,黑糖珍珠奶茶
2024-04-21,周日,抹茶拿铁,阴,True,False,47,19,893,抹茶拿铁,芝士奶盖抹茶,keyword,47,19,893,芝士奶盖抹茶
2024-04-26,周五,冰美式,雨,False,False,23,13,299,冰美式,金凤乌龙奶茶,keyword,23,13,299,金凤乌龙奶茶
2024-03-14,周四,杨枝甘露,阴,False,False,19,18,342,杨枝甘露,杨枝甘露奶茶,keyword,19,18,342,杨枝甘露奶茶
2024-03-16,周六,可可奶茶,晴,True,False,34,18,612,可可奶茶,红丝绒可可奶茶,keyword,34,18,612,红丝绒可可奶茶
2024-04-27,周六,水果茶,晴,True,False,-1,18,702,水果茶,百香果绿茶,keyword,1,18,18,百香果绿茶
2024-05-06,周一,芋泥波波,阴,False,True,40,11,440,芋泥波波,芋泥波波奶茶,keyword,40,11,440,芋泥波波奶茶
2024-05-30,周四,珍珠奶茶,晴,False,True,40,15,600,珍珠奶茶,黑糖珍珠奶茶,keyword,40,15,600,黑糖珍珠奶茶
2024-03-07,周四,抹茶拿铁,雨,False,True,31,15,465,抹茶拿铁,芝士奶盖抹茶,keyword,31,15,465,芝士奶盖抹茶
2024-04-05,周五,抹茶拿铁,多云,False,False,21,11,231,抹茶拿铁,芝士奶盖抹茶,keyword,21,11,231,芝士奶盖抹茶
2024-03-04,周一,珍珠奶茶,多云,False,False,31,14,434,珍珠奶茶,黑糖珍珠奶茶,keyword,31,14,434,黑糖珍珠奶茶
2024-05-30,周四,水果茶,阴,False,True,37,10,370,水果茶,百香果绿茶,keyword,37,10,370,百香果绿茶
2024-05-25,周六,柠檬茶,阴,True,True,65,16,1040,柠檬茶,百香果绿茶,keyword,65,16,1040,百香果绿茶
2024-04-25,周四,杨枝甘露,雨,False,False,20,19,380,杨枝甘露,杨枝甘露奶茶,keyword,20,19,380,杨枝甘露奶茶
2024-05-29,周三,抹茶拿铁,晴,False,True,30,16,480,抹茶拿铁,芝士奶盖抹茶,keyword,30,16,480,芝士奶盖抹茶
2024-04-09,周二,芝士奶盖,晴,False,False,10,17,170,芝士奶盖,芝士奶盖抹茶,keyword,10,17,170,芝士奶盖抹茶
2024-05-25,周六,抹茶拿铁,雨,True,True,52,19,988,抹茶拿铁,芝士奶盖抹茶,keyword,52,19,988,芝士奶盖抹茶
2024-05-10,周五,芋泥波波,雪,False,True,41,11,451,芋泥波波,芋泥波波奶茶,keyword,41,11,451,芋泥波波奶茶
2024-03-23,周六,珍珠奶茶,雪,True,False,33,14,462,珍珠奶茶,黑糖珍珠奶茶,keyword,33,14,462,黑糖珍珠奶茶
2024-05-16,周四,抹茶拿铁,雪,False,False,29,20,580,抹茶拿铁,芝士奶盖抹茶,keyword,29,20,580,芝士奶盖抹茶
2024-03-09,周六,柠檬茶,雪,True,False,40,16,640,柠檬茶,百香果绿茶,keyword,40,16,640,百香果绿茶
2024-04-06,周六,珍珠奶茶,阴,True,False,43,13,559,珍珠奶茶,黑糖珍珠奶茶,keyword,43,13,559,黑糖珍珠奶茶
2024-04-11,周四,水果茶,多云,False,False,23,20,460,水果茶,百香果绿茶,keyword,23,20,460,百香果绿茶
2024-04-07,周日,冰美式,晴,True,False,50,10,500,冰美式,金凤乌龙奶茶,keyword,50,10,500,金凤乌龙奶茶
2024-04-03,周三,杨枝甘露,多云,False,True,40,22,880,杨枝甘露,杨枝甘露奶茶,keyword,40,22,880,杨枝甘露奶茶
2024-05-09,周四,杨枝甘露,晴,False,False,15,18,270,杨枝甘露,杨枝甘露奶茶,keyword,15,18,270,杨枝甘露奶茶
2024-05-29,周三,冰美式,多云,False,False,25,17,425,冰美式,金凤乌龙奶茶,keyword,25,17,425,金凤乌龙奶茶
2024-05-08,周三,可可奶茶,雪,False,True,38,16,608,可可奶茶,红丝绒可可奶茶,keyword,38,16,608,红丝绒可可奶茶
2024-04-08,周一,可可奶茶,多云,False,False,21,15,315,可可奶茶,红丝绒可可奶茶,keyword,21,15,315,红丝绒可可奶茶
2024-03-30,周六,冰美式,雪,True,False,39,18,702,冰美式,金凤乌龙奶茶,keyword,39,18,702,金凤乌龙奶茶
2024-03-24,周日,柠檬茶,雪,True,True,62,11,682,柠檬茶,百香果绿茶,keyword,62,11,682,百香果绿茶
2024-05-25,周六,芋泥波波,雪,True,False,40,19,760,芋泥波波,芋泥波波奶茶,keyword,40,19,760,芋泥波波奶茶
2024-03-22,周五,冰美式,雪,False,False,25,17,425,冰美式,金凤乌龙奶茶,keyword,25,17,425,金凤乌龙奶茶
2024-04-20,周六,冰美式,晴,True,False,49,15,735,冰美式,金凤乌龙奶茶,keyword,49,15,735,金凤乌龙奶茶
2024-05-22,周三,柠檬茶,阴,False,False,23,18,414,柠檬茶,百香果绿茶,keyword,23,18,414,百香果绿茶
2024-04-18,周四,芝士奶盖,阴,False,False,23,20,460,芝士奶盖,芝士奶盖抹茶,keyword,23,20,460,芝士奶盖抹茶
2024-05-18,周六,水果茶,雪,True,False,41,19,779,水果茶,百香果绿茶,keyword,41,19,779,百香果绿茶
2024-04-04,周四,抹茶拿铁,多云,False,True,31,18,558,抹茶拿铁,芝士奶盖抹茶,keyword,31,18,558,芝士奶盖抹茶
2024-04-19,周五,杨枝甘露,雨,False,False,18,21,378,杨枝甘露,杨枝甘露奶茶,keyword,18,21,378,杨枝甘露奶茶
2024-05-09,周四,杨枝甘露,雪,False,False,13,20,260,杨枝甘露,杨枝甘露奶茶,keyword,13,20,260,杨枝甘露奶茶
2024-05-08,周三,可可奶茶,雪,False,True,35,14,490,可可奶茶,红丝绒可可奶茶,keyword,35,14,490,红丝绒可可奶茶
2024-03-20,周三,可可奶茶,雪,False,False,30,10,300,可可奶茶,红丝绒可可奶茶,keyword,30,10,300,红丝绒可可奶茶
2024-03-09,周六,芋泥波波,晴,True,False,35,19,665,芋泥波波,芋泥波波奶茶,keyword,35,19,665,芋泥波波奶茶
2024-04-01,周一,芝士奶盖,多云,False,False,16,13,208,芝士奶盖,芝士奶盖抹茶,keyword,16,13,208,芝士奶盖抹茶
2024-04-22,周一,珍珠奶茶,多云,False,False,20,14,280,珍珠奶茶,黑糖珍珠奶茶,keyword,20,14,280,黑糖珍珠奶茶
2024-05-05,周日,芋泥波波,雨,True,False,37,12,444,芋泥波波,芋泥波波奶茶,keyword,37,12,444,芋泥波波奶茶
2024-05-23,周四,珍珠奶茶,雨,False,False,25,15,375,珍珠奶茶,黑糖珍珠奶茶,keyword,25,15,375,黑糖珍珠奶茶
2024-03-09,周六,抹茶拿铁,晴,True,False,42,14,588,抹茶拿铁,芝士奶盖抹茶,keyword,42,14,588,芝士奶盖抹茶
2024-05-13,周一,可可奶茶,雪,False,False,11,16,176,可可奶茶,红丝绒可可奶茶,keyword,11,16,176,红丝绒可可奶茶
2024-05-10,周五,杨枝甘露,雨,False,True,33,22,726,杨枝甘露,杨枝甘露奶茶,keyword,33,22,726,杨枝甘露奶茶
2024-03-14,周四,柠檬茶,雪,False,True,46,16,736,柠檬茶,百香果绿茶,keyword,46,16,736,百香果绿茶
2024-05-09,周四,水果茶,雪,False,False,26,18,468,水果茶,百香果绿茶,keyword,26,18,468,百香果绿茶
2024-05-04,周六,水果茶,雨,True,False,44,15,660,水果茶,百香果绿茶,keyword,44,15,660,百香果绿茶
2024-04-03,周三,芝士奶盖,晴,False,True,32,20,640,芝士奶盖,芝士奶盖抹茶,keyword,32,20,640,芝士奶盖抹茶
2024-05-27,周一,抹茶拿铁,多云,False,False,27,10,270,抹茶拿铁,芝士奶盖抹茶,keyword,27,10,270,芝士奶盖抹茶
2024-03-10,周日,抹茶拿铁,阴,True,False,27,13,351,抹茶拿铁,芝士奶盖抹茶,keyword,27,13,351,芝士奶盖抹茶
2024-05-08,周三,可可奶茶,多云,False,False,25,16,400,可可奶茶,红丝绒可可奶茶,keyword,25,16,400,红丝绒可可奶茶
2024-05-22,周三,杨枝甘露,雪,False,False,18,20,360,杨枝甘露,杨枝甘露奶茶,keyword,18,20,360,杨枝甘露奶茶
2024-04-18,周四,抹茶拿铁,晴,False,True,40,19,760,抹茶拿铁,芝士奶盖抹茶,keyword,40,19,760,芝士奶盖抹茶
2024-05-11,周六,冰美式,阴,True,False,38,15,570,冰美式,金凤乌龙奶茶,keyword,38,15,570,金凤乌龙奶茶
2024-04-03,周三,杨枝甘露,雨,False,False,15,21,315,杨枝甘露,杨枝甘露奶茶,keyword,15,21,315,杨枝甘露奶茶
2024-04-13,周六,可可奶茶,雪,True,False,29,15,435,可可奶茶,红丝绒可可奶茶,keyword,29,15,435,红丝绒可可奶茶
2024-03-25,周一,可可奶茶,阴,False,True,29,16,464,可可奶茶,红丝绒可可奶茶,keyword,29,16,464,红丝绒可可奶茶
2024-03-17,周日,杨枝甘露,雨,True,False,38,18,684,杨枝甘露,杨枝甘露奶茶,keyword,38,18,684,杨枝甘露奶茶
2024-04-12,周五,冰美式,多云,False,False,21,20,420,冰美式,金凤乌龙奶茶,keyword,21,20,420,金凤乌龙奶茶
2024-03-24,周日,芋泥波波,多云,True,False,37,16,592,芋泥波波,芋泥波波奶茶,keyword,37,16,592,芋泥波波奶茶
2024-05-01,周三,抹茶拿铁,阴,False,True,43,11,473,抹茶拿铁,芝士奶盖抹茶,keyword,43,11,473,芝士奶盖抹茶
2024-03-14,周四,芋泥波波,雨,False,False,16,11,176,芋泥波波,芋泥波波奶茶,keyword,16,11,176,芋泥波波奶茶
2024-05-08,周三,珍珠奶茶,阴,False,False,19,15,285,珍珠奶茶,黑糖珍珠奶茶,keyword,19,15,285,黑糖珍珠奶茶
2024-05-11,周六,杨枝甘露,晴,True,True,55,21,1155,杨枝甘露,杨枝甘露奶茶,keyword,55,21,1155,杨枝甘露奶茶
2024-05-21,周二,水果茶,多云,False,False,14,10,140,水果茶,百香果绿茶,keyword,14,10,140,百香果绿茶
2024-04-02,周二,柠檬茶,雨,False,False,42,16,672,柠檬茶,百香果绿茶,keyword,42,16,672,百香果绿茶
2024-05-08,周三,珍珠奶茶,雪,False,False,34,13,442,珍珠奶茶,黑糖珍珠奶茶,keyword,34,13,442,黑糖珍珠奶茶
2024-04-03,周三,可可奶茶,雨,False,True,43,13,559,可可奶茶,红丝绒可可奶茶,keyword,43,13,559,红丝绒可可奶茶
2024-04-02,周二,芝士奶盖,晴,False,True,38,14,532,芝士奶盖,芝士奶盖抹茶,keyword,38,14,532,芝士奶盖抹茶
2024-04-06,周六,抹茶拿铁,多云,True,False,36,11,396,抹茶拿铁,芝士奶盖抹茶,keyword,36,11,396,芝士奶盖抹茶
2024-03-25,周一,杨枝甘露,雨,False,False,33,21,693,杨枝甘露,杨枝甘露奶茶,keyword,33,21,693,杨枝甘露奶茶
2024-05-19,周日,芋泥波波,阴,True,False,45,13,585,芋泥波波,芋泥波波奶茶,keyword,45,13,585,芋泥波波奶茶
2024-04-07,周日,杨枝甘露,多云,True,True,66,21,1386,杨枝甘露,杨枝甘露奶茶,keyword,66,21,1386,杨枝甘露奶茶
2024-03-10,周日,抹茶拿铁,晴,True,False,36,11,396,抹茶拿铁,芝士奶盖抹茶,keyword,36,11,396,芝士奶盖抹茶
2024-04-19,周五,柠檬茶,雨,False,False,24,10,240,柠檬茶,百香果绿茶,keyword,24,10,240,百香果绿茶
2024-03-30,周六,芝士奶盖,雪,True,False,46,19,874,芝士奶盖,芝士奶盖抹茶,keyword,46,19,874,芝士奶盖抹茶
2024-04-12,周五,柠檬茶,晴,False,True,40,18,720,柠檬茶,百香果绿茶,keyword,40,18,720,百香果绿茶
2024-04-20,周六,抹茶拿铁,雪,True,False,41,16,656,抹茶拿铁,芝士奶盖抹茶,keyword,41,16,656,芝士奶盖抹茶
2024-03-07,周四,可可奶茶,雪,False,False,17,17,289,可可奶茶,红丝绒可可奶茶,keyword,17,17,289,红丝绒可可奶茶
2024-03-28,周四,抹茶拿铁,晴,False,False,23,20,460,抹茶拿铁,芝士奶盖抹茶,keyword,23,20,460,芝士奶盖抹茶
2024-05-22,周三,冰美式,多云,False,False,21,18,378,冰美式,金凤乌龙奶茶,keyword,21,18,378,金凤乌龙奶茶
2024-05-08,周三,水果茶,雪,False,False,25,19,475,水果茶,百香果绿茶,keyword,25,19,475,百香果绿茶
2024-04-10,周三,抹茶拿铁,阴,False,True,41,12,492,抹茶拿铁,芝士奶盖抹茶,keyword,41,12,492,芝士奶盖抹茶
2024-03-30,周六,珍珠奶茶,雪,True,False,33,14,462,珍珠奶茶,黑糖珍珠奶茶,keyword,33,14,462,黑糖珍珠奶茶
2024-03-17,周日,柠檬茶,多云,True,False,44,18,792,柠檬茶,百香果绿茶,keyword,44,18,792,百香果绿茶
2024-05-12,周日,芋泥波波,晴,True,False,39,18,702,芋泥波波,芋泥波波奶茶,keyword,39,18,702,芋泥波波奶茶
2024-04-20,周六,杨枝甘露,多云,True,False,51,22,1122,杨枝甘露,杨枝甘露奶茶,keyword,51,22,1122,杨枝甘露奶茶
2024-05-31,周五,冰美式,多云,False,True,27,10,270,冰美式,金凤乌龙奶茶,keyword,27,10,270,金凤乌龙奶茶
2024-03-23,周六,珍珠奶茶,晴,True,False,31,15,465,珍珠奶茶,黑糖珍珠奶茶,keyword,31,15,465,黑糖珍珠奶茶
2024-03-15,周五,珍珠奶茶,雪,False,False,19,15,285,珍珠奶茶,黑糖珍珠奶茶,keyword,19,15,285,黑糖珍珠奶茶
2024-03-16,周六,珍珠奶茶,晴,True,False,45,14,630,珍珠奶茶,黑糖珍珠奶茶,keyword,45,14,630,黑糖珍珠奶茶
2024-05-22,周三,芋泥波波,阴,False,False,19,20,380,芋泥波波,芋泥波波奶茶,keyword,19,20,380,芋泥波波奶茶
2024-03-03,周日,抹茶拿铁,多云,True,True,56,19,1064,抹茶拿铁,芝士奶盖抹茶,keyword,56,19,1064,芝士奶盖抹茶
2024-03-10,周日,芝士奶盖,晴,True,False,35,16,560,芝士奶盖,芝士奶盖抹茶,keyword,35,16,560,芝士奶盖抹茶
2024-03-12,周二,芋泥波波,阴,False,False,14,11,154,芋泥波波,芋泥波波奶茶,keyword,14,11,154,芋泥波波奶茶
2024-05-30,周四,柠檬茶,晴,False,False,27,15,405,柠檬茶,百香果绿茶,keyword,27,15,405,百香果绿茶
2024-05-18,周六,冰美式,雪,True,False,999,19,779,冰美式,金凤乌龙奶茶,keyword,999,19,18981,金凤乌龙奶茶
2024-03-25,周一,水果茶,雪,False,False,31,12,372,水果茶,百香果绿茶,keyword,31,12,372,百香果绿茶
2024-05-12,周日,冰美式,阴,True,True,70,10,700,冰美式,金凤乌龙奶茶,keyword,70,10,700,金凤乌龙奶茶
2024-05-09,周四,水果茶,阴,False,False,23,20,460,水果茶,百香果绿茶,keyword,23,20,460,百香果绿茶
2024-05-18,周六,芋泥波波,晴,True,False,45,16,720,芋泥波波,芋泥波波奶茶,keyword,45,16,720,芋泥波波奶茶
2024-04-28,周日,芋泥波波,阴,True,False,43,19,817,芋泥波波,芋泥波波奶茶,keyword,43,19,817,芋泥波波奶茶
2024-03-03,周日,芋泥波波,阴,True,False,34,17,578,芋泥波波,芋泥波波奶茶,keyword,34,17,578,芋泥波波奶茶
2024-05-20,周一,可可奶茶,阴,False,True,34,10,340,可可奶茶,红丝绒可可奶茶,keyword,34,10,340,红丝绒可可奶茶
2024-05-13,周一,芝士奶盖,晴,False,False,19,15,285,芝士奶盖,芝士奶盖抹茶,keyword,19,15,285,芝士奶盖抹茶
2024-03-16,周六,抹茶拿铁,阴,True,False,41,20,820,抹茶拿铁,芝士奶盖抹茶,keyword,41,20,820,芝士奶盖抹茶
2024-05-22,周三,可可奶茶,雨,False,True,39,12,468,可可奶茶,红丝绒可可奶茶,keyword,39,12,468,红丝绒可可奶茶
2024-03-23,周六,杨枝甘露,雪,True,False,34,22,748,杨枝甘露,杨枝甘露奶茶,keyword,34,22,748,杨枝甘露奶茶
2024-04-27,周六,珍珠奶茶,雨,True,False,35,12,420,珍珠奶茶,黑糖珍珠奶茶,keyword,35,12,420,黑糖珍珠奶茶
2024-05-04,周六,杨枝甘露,雪,True,True,47,18,846,杨枝甘露,杨枝甘露奶茶,keyword,47,18,846,杨枝甘露奶茶
2024-03-03,周日,珍珠奶茶,阴,True,False,32,15,480,珍珠奶茶,黑糖珍珠奶茶,keyword,32,15,480,黑糖珍珠奶茶
2024-03-07,周四,抹茶拿铁,多云,False,False,19,17,323,抹茶拿铁,芝士奶盖抹茶,keyword,19,17,323,芝士奶盖抹茶
2024-05-04,周六,杨枝甘露,雪,True,False,46,18,828,杨枝甘露,杨枝甘露奶茶,keyword,46,18,828,杨枝甘露奶茶
2024-05-02,周四,可可奶茶,多云,False,False,22,13,286,可可奶茶,红丝绒可可奶茶,keyword,22,13,286,红丝绒可可奶茶
2024-04-23,周二,芋泥波波,雪,False,False,27,10,270,芋泥波波,芋泥波波奶茶,keyword,27,10,270,芋泥波波奶茶
2024-03-08,周五,芝士奶盖,晴,False,True,26,19,494,芝士奶盖,芝士奶盖抹茶,keyword,26,19,494,芝士奶盖抹茶
2024-04-29,周一,芋泥波波,雨,False,True,23,15,345,芋泥波波,芋泥波波奶茶,keyword,23,15,345,芋泥波波奶茶
2024-04-26,周五,珍珠奶茶,多云,False,True,32,15,480,珍珠奶茶,黑糖珍珠奶茶,keyword,32,15,480,黑糖珍珠奶茶
2024-05-27,周一,珍珠奶茶,阴,False,False,20,12,240,珍珠奶茶,黑糖珍珠奶茶,keyword,20,12,240,黑糖珍珠奶茶
2024-05-06,周一,抹茶拿铁,雪,False,False,26,16,416,抹茶拿铁,芝士奶盖抹茶,keyword,26,16,416,芝士奶盖抹茶
2024-05-05,周日,杨枝甘露,多云,True,False,48,18,864,杨枝甘露,杨枝甘露奶茶,keyword,48,18,864,杨枝甘露奶茶
2024-03-10,周日,珍珠奶茶,雨,True,True,56,15,840,珍珠奶茶,黑糖珍珠奶茶,keyword,56,15,840,黑糖珍珠奶茶
2024-03-24,周日,芋泥波波,雨,True,False,44,17,748,芋泥波波,芋泥波波奶茶,keyword,44,17,748,芋泥波波奶茶
2024-03-31,周日,芝士奶盖,阴,True,False,35,14,490,芝士奶盖,芝士奶盖抹茶,keyword,35,14,490,芝士奶盖抹茶
2024-04-25,周四,珍珠奶茶,阴,False,True,44,14,616,珍珠奶茶,黑糖珍珠奶茶,keyword,44,14,616,黑糖珍珠奶茶
2024-05-09,周四,可可奶茶,雪,False,False,18,15,270,可可奶茶,红丝绒可可奶茶,keyword,18,15,270,红丝绒可可奶茶
2024-04-16,周二,水果茶,多云,False,False,0,19,285,水果茶,百香果绿茶,keyword,1,19,19,百香果绿茶
2024-04-11,周四,芋泥波波,阴,False,False,15,10,150,芋泥波波,芋泥波波奶茶,keyword,15,10,150,芋泥波波奶茶
2024-05-16,周四,芋泥波波,晴,False,False,18,17,306,芋泥波波,芋泥波波奶茶,keyword,18,17,306,芋泥波波奶茶
2024-04-19,周五,芋泥波波,多云,False,False,14,17,238,芋泥波波,芋泥波波奶茶,keyword,14,17,238,芋泥波波奶茶
2024-03-07,周四,杨枝甘露,晴,False,False,24,20,480,杨枝甘露,杨枝甘露奶茶,keyword,24,20,480,杨枝甘露奶茶
2024-04-26,周五,芝士奶盖,晴,False,True,37,11,407,芝士奶盖,芝士奶盖抹茶,keyword,37,11,407,芝士奶盖抹茶
2024-04-13,周六,柠檬茶,雨,True,False,54,14,756,柠檬茶,百香果绿茶,keyword,54,14,756,百香果绿茶
2024-05-19,周日,芝士奶盖,阴,True,False,33,11,363,芝士奶盖,芝士奶盖抹茶,keyword,33,11,363,芝士奶盖抹茶
2024-05-30,周四,柠檬茶,阴,False,False,14,15,210,柠檬茶,百香果绿茶,keyword,14,15,210,百香果绿茶
2024-05-15,周三,芝士奶盖,多云,False,False,0,10,110,芝士奶盖,芝士奶盖抹茶,keyword,1,10,10,芝士奶盖抹茶
2024-04-06,周六,冰美式,雨,True,False,31,13,403,冰美式,金凤乌龙奶茶,keyword,31,13,403,金凤乌龙奶茶
2024-05-14,周二,芋泥波波,雨,False,False,10,13,130,芋泥波波,芋泥波波奶茶,keyword,10,13,130,芋泥波波奶茶
2024-05-04,周六,冰美式,晴,True,True,58,19,1102,冰美式,金凤乌龙奶茶,keyword,58,19,1102,金凤乌龙奶茶
2024-03-29,周五,芝士奶盖,雪,False,False,18,15,270,芝士奶盖,芝士奶盖抹茶,keyword,18,15,270,芝士奶盖抹茶
2024-04-13,周六,杨枝甘露,雨,True,False,26,18,468,杨枝甘露,杨枝甘露奶茶,keyword,26,18,468,杨枝甘露奶茶
2024-05-02,周四,冰美式,晴,False,False,16,18,288,冰美式,金凤乌龙奶茶,keyword,16,18,288,金凤乌龙奶茶
2024-05-09,周四,水果茶,阴,False,False,27,17,459,水果茶,百香果绿茶,keyword,27,17,459,百香果绿茶
2024-05-28,周二,杨枝甘露,多云,False,False,20,20,400,杨枝甘露,杨枝甘露奶茶,keyword,20,20,400,杨枝甘露奶茶
2024-04-17,周三,柠檬茶,晴,False,False,17,16,272,柠檬茶,百香果绿茶,keyword,17,16,272,百香果绿茶
2024-03-21,周四,芝士奶盖,晴,False,False,30,15,450,芝士奶盖,芝士奶盖抹茶,keyword,30,15,450,芝士奶盖抹茶
2024-03-10,周日,抹茶拿铁,阴,True,False,33,16,528,抹茶拿铁,芝士奶盖抹茶,keyword,33,16,528,芝士奶盖抹茶
2024-03-14,周四,抹茶拿铁,多云,False,False,28,12,336,抹茶拿铁,芝士奶盖抹茶,keyword,28,12,336,芝士奶盖抹茶
2024-05-13,周一,杨枝甘露,多云,False,False,-1,18,324,杨枝甘露,杨枝甘露奶茶,keyword,1,18,18,杨枝甘露奶茶
2024-05-13,周一,珍珠奶茶,晴,False,False,23,15,345,珍珠奶茶,黑糖珍珠奶茶,keyword,23,15,345,黑糖珍珠奶茶
2024-04-01,周一,珍珠奶茶,晴,False,True,37,13,481,珍珠奶茶,黑糖珍珠奶茶,keyword,37,13,481,黑糖珍珠奶茶
2024-05-18,周六,珍珠奶茶,雨,True,False,41,14,574,珍珠奶茶,黑糖珍珠奶茶,keyword,41,14,574,黑糖珍珠奶茶
2024-05-12,周日,可可奶茶,阴,True,False,51,12,612,可可奶茶,红丝绒可可奶茶,keyword,51,12,612,红丝绒可可奶茶
2024-05-15,周三,冰美式,雨,False,True,36,13,468,冰美式,金凤乌龙奶茶,keyword,36,13,468,金凤乌龙奶茶
2024-03-23,周六,珍珠奶茶,阴,True,False,37,13,481,珍珠奶茶,黑糖珍珠奶茶,keyword,37,13,481,黑糖珍珠奶茶
2024-04-29,周一,抹茶拿铁,雪,False,True,28,11,308,抹茶拿铁,芝士奶盖抹茶,keyword,28,11,308,芝士奶盖抹茶
2024-03-21,周四,柠檬茶,多云,False,True,23,20,460,柠檬茶,百香果绿茶,keyword,23,20,460,百香果绿茶
2024-05-24,周五,杨枝甘露,雨,False,False,20,18,360,杨枝甘露,杨枝甘露奶茶,keyword,20,18,360,杨枝甘露奶茶
2024-05-02,周四,珍珠奶茶,雪,False,True,33,15,495,珍珠奶茶,黑糖珍珠奶茶,keyword,33,15,495,黑糖珍珠奶茶
2024-04-17,周三,芝士奶盖,雪,False,False,21,17,357,芝士奶盖,芝士奶盖抹茶,keyword,21,17,357,芝士奶盖抹茶
2024-04-30,周二,杨枝甘露,阴,False,False,13,18,234,杨枝甘露,杨枝甘露奶茶,keyword,13,18,234,杨枝甘露奶茶
2024-04-13,周六,柠檬茶,雪,True,False,49,13,637,柠檬茶,百香果绿茶,keyword,49,13,637,百香果绿茶
2024-04-18,周四,冰美式,雪,False,False,21,12,252,冰美式,金凤乌龙奶茶,keyword,21,12,252,金凤乌龙奶茶
2024-04-05,周五,芝士奶盖,晴,False,False,27,12,324,芝士奶盖,芝士奶盖抹茶,keyword,27,12,324,芝士奶盖抹茶
2024-05-01,周三,杨枝甘露,晴,False,True,32,20,640,杨枝甘露,杨枝甘露奶茶,keyword,32,20,640,杨枝甘露奶茶
2024-05-20,周一,柠檬茶,多云,False,True,29,14,406,柠檬茶,百香果绿茶,keyword,29,14,406,百香果绿茶
2024-04-05,周五,柠檬茶,雪,False,False,15,16,240,柠檬茶,百香果绿茶,keyword,15,16,240,百香果绿茶
2024-04-16,周二,冰美式,晴,False,False,26,10,260,冰美式,金凤乌龙奶茶,keyword,26,10,260,金凤乌龙奶茶
2024-05-21,周二,柠檬茶,雨,False,False,20,12,240,柠檬茶,百香果绿茶,keyword,20,12,240,百香果绿茶
2024-05-03,周五,芝士奶盖,晴,False,False,17,10,170,芝士奶盖,芝士奶盖抹茶,keyword,17,10,170,芝士奶盖抹茶
2024-03-17,周日,可可奶茶,阴,True,False,27,16,432,可可奶茶,红丝绒可可奶茶,keyword,27,16,432,红丝绒可可奶茶
2024-03-26,周二,珍珠奶茶,雨,False,False,20,13,260,珍珠奶茶,黑糖珍珠奶茶,keyword,20,13,260,黑糖珍珠奶茶
2024-04-26,周五,抹茶拿铁,雨,False,False,33,11,363,抹茶拿铁,芝士奶盖抹茶,keyword,33,11,363,芝士奶盖抹茶
2024-03-29,周五,杨枝甘露,晴,False,False,21,18,378,杨枝甘露,杨枝甘露奶茶,keyword,21,18,378,杨枝甘露奶茶
2024-05-27,周一,芋泥波波,雨,False,False,34,10,340,芋泥波波,芋泥波波奶茶,keyword,34,10,340,芋泥波波奶茶
2024-03-21,周四,冰美式,晴,False,False,16,14,224,冰美式,金凤乌龙奶茶,keyword,16,14,224,金凤乌龙奶茶
2024-03-26,周二,芋泥波波,阴,False,True,38,16,608,芋泥波波,芋泥波波奶茶,keyword,38,16,608,芋泥波波奶茶
2024-04-17,周三,水果茶,阴,False,False,22,16,352,水果茶,百香果绿茶,keyword,22,16,352,百香果绿茶
2024-04-20,周六,杨枝甘露,雪,True,False,33,20,660,杨枝甘露,杨枝甘露奶茶,keyword,33,20,660,杨枝甘露奶茶
2024-04-08,周一,冰美式,雨,False,False,19,17,323,冰美式,金凤乌龙奶茶,keyword,19,17,323,金凤乌龙奶茶
2024-04-20,周六,柠檬茶,雪,True,False,37,19,703,柠檬茶,百香果绿茶,keyword,37,19,703,百香果绿茶
2024-03-22,周五,水果茶,阴,False,False,15,11,165,水果茶,百香果绿茶,keyword,15,11,165,百香果绿茶
2024-03-06,周三,可可奶茶,雪,False,False,34,11,374,可可奶茶,红丝绒可可奶茶,keyword,34,11,374,红丝绒可可奶茶
2024-04-22,周一,杨枝甘露,雨,False,False,18,22,396,杨枝甘露,杨枝甘露奶茶,keyword,18,22,396,杨枝甘露奶茶
2024-04-06,周六,抹茶拿铁,雨,True,False,35,18,630,抹茶拿铁,芝士奶盖抹茶,keyword,35,18,630,芝士奶盖抹茶
2024-04-16,周二,可可奶茶,阴,False,True,44,17,748,可可奶茶,红丝绒可可奶茶,keyword,44,17,748,红丝绒可可奶茶
2024-04-19,周五,冰美式,阴,False,False,25,16,400,冰美式,金凤乌龙奶茶,keyword,25,16,400,金凤乌龙奶茶
2024-04-04,周四,芝士奶盖,雨,False,False,22,15,330,芝士奶盖,芝士奶盖抹茶,keyword,22,15,330,芝士奶盖抹茶
2024-04-04,周四,水果茶,雪,False,False,28,11,308,水果茶,百香果绿茶,keyword,28,11,308,百香果绿茶
2024-04-05,周五,杨枝甘露,多云,False,False,17,18,306,杨枝甘露,杨枝甘露奶茶,keyword,17,18,306,杨枝甘露奶茶
2024-03-02,周六,冰美式,雪,True,False,39,18,702,冰美式,金凤乌龙奶茶,keyword,39,18,702,金凤乌龙奶茶
2024-04-13,周六,杨枝甘露,雪,True,True,61,21,1281,杨枝甘露,杨枝甘露奶茶,keyword,61,21,1281,杨枝甘露奶茶
2024-04-27,周六,杨枝甘露,多云,True,True,44,19,836,杨枝甘露,杨枝甘露奶茶,keyword,44,19,836,杨枝甘露奶茶
2024-05-31,周五,冰美式,雨,False,True,28,10,280,冰美式,金凤乌龙奶茶,keyword,28,10,280,金凤乌龙奶茶
2024-04-03,周三,可可奶茶,多云,False,False,18,16,288,可可奶茶,红丝绒可可奶茶,keyword,18,16,288,红丝绒可可奶茶
2024-04-08,周一,芝士奶盖,多云,False,False,19,17,323,芝士奶盖,芝士奶盖抹茶,keyword,19,17,323,芝士奶盖抹茶
2024-03-29,周五,抹茶拿铁,晴,False,False,999,10,270,抹茶拿铁,芝士奶盖抹茶,keyword,999,10,9990,芝士奶盖抹茶
2024-05-27,周一,芋泥波波,雪,False,False,27,12,324,芋泥波波,芋泥波波奶茶,keyword,27,12,324,芋泥波波奶茶
2024-03-11,周一,芝士奶盖,晴,False,False,32,14,448,芝士奶盖,芝士奶盖抹茶,keyword,32,14,448,芝士奶盖抹茶
2024-03-27,周三,芝士奶盖,多云,False,False,26,17,442,芝士奶盖,芝士奶盖抹茶,keyword,26,17,442,芝士奶盖抹茶
2024-05-27,周一,抹茶拿铁,晴,False,False,21,12,252,抹茶拿铁,芝士奶盖抹茶,keyword,21,12,252,芝士奶盖抹茶
2024-05-26,周日,珍珠奶茶,阴,True,False,43,13,559,珍珠奶茶,黑糖珍珠奶茶,keyword,43,13,559,黑糖珍珠奶茶
2024-04-29,周一,抹茶拿铁,雪,False,False,24,15,360,抹茶拿铁,芝士奶盖抹茶,keyword,24,15,360,芝士奶盖抹茶
2024-03-25,周一,抹茶拿铁,晴,False,False,10,20,200,抹茶拿铁,芝士奶盖抹茶,keyword,10,20,200,芝士奶盖抹茶
2024-05-20,周一,芝士奶盖,阴,False,False,15,10,150,芝士奶盖,芝士奶盖抹茶,keyword,15,10,150,芝士奶盖抹茶
2024-04-17,周三,芝士奶盖,晴,False,True,30,20,600,芝士奶盖,芝士奶盖抹茶,keyword,30,20,600,芝士奶盖抹茶
2024-03-17,周日,芋泥波波,多云,True,False,44,13,572,芋泥波波,芋泥波波奶茶,keyword,44,13,572,芋泥波波奶茶
2024-03-04,周一,冰美式,多云,False,False,20,13,260,冰美式,金凤乌龙奶茶,keyword,20,13,260,金凤乌龙奶茶
2024-05-07,周二,芋泥波波,多云,False,False,28,11,308,芋泥波波,芋泥波波奶茶,keyword,28,11,308,芋泥波波奶茶
2024-05-19,周日,芝士奶盖,多云,True,False,42,12,504,芝士奶盖,芝士奶盖抹茶,keyword,42,12,504,芝士奶盖抹茶
2024-03-04,周一,冰美式,雪,False,False,22,13,286,冰美式,金凤乌龙奶茶,keyword,22,13,286,金凤乌龙奶茶
2024-04-17,周三,冰美式,多云,False,False,23,12,276,冰美式,金凤乌龙奶茶,keyword,23,12,276,金凤乌龙奶茶
2024-05-28,周二,抹茶拿铁,雪,False,True,44,19,836,抹茶拿铁,芝士奶盖抹茶,keyword,44,19,836,芝士奶盖抹茶
2024-04-06,周六,芝士奶盖,多云,True,False,43,12,516,芝士奶盖,芝士奶盖抹茶,keyword,43,12,516,芝士奶盖抹茶
2024-04-24,周三,芋泥波波,晴,False,False,22,10,220,芋泥波波,芋泥波波奶茶,keyword,22,10,220,芋泥波波奶茶
2024-04-28,周日,珍珠奶茶,多云,True,False,48,12,576,珍珠奶茶,黑糖珍珠奶茶,keyword,48,12,576,黑糖珍珠奶茶
2024-03-21,周四,柠檬茶,晴,False,True,40,12,480,柠檬茶,百香果绿茶,keyword,40,12,480,百香果绿茶
2024-04-15,周一,可可奶茶,雪,False,False,27,12,324,可可奶茶,红丝绒可可奶茶,keyword,27,12,324,红丝绒可可奶茶
2024-05-03,周五,水果茶,雪,False,False,24,17,408,水果茶,百香果绿茶,keyword,24,17,408,百香果绿茶
2024-03-21,周四,可可奶茶,晴,False,False,14,14,196,可可奶茶,红丝绒可可奶茶,keyword,14,14,196,红丝绒可可奶茶
2024-04-14,周日,可可奶茶,多云,True,False,53,20,1060,可可奶茶,红丝绒可可奶茶,keyword,53,20,1060,红丝绒可可奶茶
2024-03-24,周日,杨枝甘露,阴,True,True,57,20,1140,杨枝甘露,杨枝甘露奶茶,keyword,57,20,1140,杨枝甘露奶茶
2024-05-23,周四,珍珠奶茶,多云,False,False,32,15,480,珍珠奶茶,黑糖珍珠奶茶,keyword,32,15,480,黑糖珍珠奶茶
2024-04-01,周一,芋泥波波,雪,False,True,39,17,663,芋泥波波,芋泥波波奶茶,keyword,39,17,663,芋泥波波奶茶
2024-03-31,周日,珍珠奶茶,雨,True,False,48,14,672,珍珠奶茶,黑糖珍珠奶茶,keyword,48,14,672,黑糖珍珠奶茶
2024-05-23,周四,可可奶茶,多云,False,True,41,13,533,可可奶茶,红丝绒可可奶茶,keyword,41,13,533,红丝绒可可奶茶
2024-03-23,周六,水果茶,雪,True,False,36,16,576,水果茶,百香果绿茶,keyword,36,16,576,百香果绿茶
2024-04-30,周二,芝士奶盖,晴,False,False,0,17,442,芝士奶盖,芝士奶盖抹茶,keyword,1,17,17,芝士奶盖抹茶
2024-04-02,周二,冰美式,多云,False,False,22,11,242,冰美式,金凤乌龙奶茶,keyword,22,11,242,金凤乌龙奶茶
2024-04-04,周四,珍珠奶茶,雪,False,False,21,13,273,珍珠奶茶,黑糖珍珠奶茶,keyword,21,13,273,黑糖珍珠奶茶
2024-04-27,周六,可可奶茶,雨,True,False,40,17,680,可可奶茶,红丝绒可可奶茶,keyword,40,17,680,红丝绒可可奶茶
2024-03-18,周一,珍珠奶茶,多云,False,False,20,12,240,珍珠奶茶,黑糖珍珠奶茶,keyword,20,12,240,黑糖珍珠奶茶
2024-05-23,周四,抹茶拿铁,多云,False,False,14,12,168,抹茶拿铁,芝士奶盖抹茶,keyword,14,12,168,芝士奶盖抹茶
2024-03-26,周二,冰美式,阴,False,False,26,16,416,冰美式,金凤乌龙奶茶,keyword,26,16,416,金凤乌龙奶茶
2024-05-12,周日,抹茶拿铁,晴,True,False,45,17,765,抹茶拿铁,芝士奶盖抹茶,keyword,45,17,765,芝士奶盖抹茶
2024-03-22,周五,水果茶,阴,False,False,34,12,408,水果茶,百香果绿茶,keyword,34,12,408,百香果绿茶
2024-05-23,周四,水果茶,阴,False,False,19,18,342,水果茶,百香果绿茶,keyword,19,18,342,百香果绿茶
2024-04-30,周二,可可奶茶,雨,False,False,33,13,429,可可奶茶,红丝绒可可奶茶,keyword,33,13,429,红丝绒可可奶茶
2024-05-27,周一,冰美式,多云,False,True,40,16,640,冰美式,金凤乌龙奶茶,keyword,40,16,640,金凤乌龙奶茶
2024-03-25,周一,珍珠奶茶,多云,False,False,22,12,264,珍珠奶茶,黑糖珍珠奶茶,keyword,22,12,264,黑糖珍珠奶茶
2024-05-15,周三,芋泥波波,晴,False,False,28,16,448,芋泥波波,芋泥波波奶茶,keyword,28,16,448,芋泥波波奶茶
2024-04-06,周六,冰美式,阴,True,False,-1,17,833,冰美式,金凤乌龙奶茶,keyword,1,17,17,金凤乌龙奶茶
2024-03-01,周五,杨枝甘露,雪,False,False,27,20,540,杨枝甘露,杨枝甘露奶茶,keyword,27,20,540,杨枝甘露奶茶
2024-04-25,周四,抹茶拿铁,雨,False,False,31,17,527,抹茶拿铁,芝士奶盖抹茶,keyword,31,17,527,芝士奶盖抹茶
2024-03-12,周二,水果茶,阴,False,False,22,10,220,水果茶,百香果绿茶,keyword,22,10,220,百香果绿茶
2024-04-12,周五,珍珠奶茶,阴,False,False,15,13,195,珍珠奶茶,黑糖珍珠奶茶,keyword,15,13,195,黑糖珍珠奶茶
2024-03-05,周二,冰美式,雨,False,False,31,12,372,冰美式,金凤乌龙奶茶,keyword,31,12,372,金凤乌龙奶茶
2024-04-26,周五,芋泥波波,雪,False,False,15,19,285,芋泥波波,芋泥波波奶茶,keyword,15,19,285,芋泥波波奶茶
2024-03-29,周五,芝士奶盖,晴,False,False,25,17,425,芝士奶盖,芝士奶盖抹茶,keyword,25,17,425,芝士奶盖抹茶
2024-03-23,周六,芝士奶盖,晴,True,True,55,16,880,芝士奶盖,芝士奶盖抹茶,keyword,55,16,880,芝士奶盖抹茶
2024-05-19,周日,可可奶茶,雨,True,False,48,14,672,可可奶茶,红丝绒可可奶茶,keyword,48,14,672,红丝绒可可奶茶
2024-04-25,周四,柠檬茶,雨,False,False,32,13,416,柠檬茶,百香果绿茶,keyword,32,13,416,百香果绿茶
2024-04-02,周二,芋泥波波,雪,False,True,47,19,893,芋泥波波,芋泥波波奶茶,keyword,47,19,893,芋泥波波奶茶
2024-05-17,周五,柠檬茶,雨,False,False,35,19,665,柠檬茶,百香果绿茶,keyword,35,19,665,百香果绿茶
2024-03-29,周五,珍珠奶茶,雪,False,False,29,15,435,珍珠奶茶,黑糖珍珠奶茶,keyword,29,15,435,黑糖珍珠奶茶
2024-03-28,周四,冰美式,晴,False,False,19,10,190,冰美式,金凤乌龙奶茶,keyword,19,10,190,金凤乌龙奶茶
2024-05-13,周一,抹茶拿铁,晴,False,False,15,17,255,抹茶拿铁,芝士奶盖抹茶,keyword,15,17,255,芝士奶盖抹茶
2024-05-01,周三,芝士奶盖,雪,False,False,23,20,460,芝士奶盖,芝士奶盖抹茶,keyword,23,20,460,芝士奶盖抹茶
2024-04-22,周一,芝士奶盖,阴,False,False,-1,12,264,芝士奶盖,芝士奶盖抹茶,keyword,1,12,12,芝士奶盖抹茶
2024-03-19,周二,冰美式,雪,False,True,29,15,435,冰美式,金凤乌龙奶茶,keyword,29,15,435,金凤乌龙奶茶
2024-03-15,周五,柠檬茶,雨,False,False,43,19,817,柠檬茶,百香果绿茶,keyword,43,19,817,百香果绿茶
2024-04-12,周五,冰美式,阴,False,False,28,16,448,冰美式,金凤乌龙奶茶,keyword,28,16,448,金凤乌龙奶茶
2024-03-11,周一,冰美式,晴,False,False,21,18,378,冰美式,金凤乌龙奶茶,keyword,21,18,378,金凤乌龙奶茶
2024-04-03,周三,芝士奶盖,阴,False,False,23,13,299,芝士奶盖,芝士奶盖抹茶,keyword,23,13,299,芝士奶盖抹茶
2024-05-10,周五,芝士奶盖,多云,False,False,13,13,169,芝士奶盖,芝士奶盖抹茶,keyword,13,13,169,芝士奶盖抹茶
2024-03-21,周四,杨枝甘露,多云,False,True,32,19,608,杨枝甘露,杨枝甘露奶茶,keyword,32,19,608,杨枝甘露奶茶
2024-03-27,周三,芋泥波波,雨,False,False,17,19,323,芋泥波波,芋泥波波奶茶,keyword,17,19,323,芋泥波波奶茶
2024-05-28,周二,水果茶,晴,False,False,20,15,300,水果茶,百香果绿茶,keyword,20,15,300,百香果绿茶
2024-03-19,周二,冰美式,阴,False,False,18,12,216,冰美式,金凤乌龙奶茶,keyword,18,12,216,金凤乌龙奶茶
2024-05-23,周四,芋泥波波,阴,False,False,26,17,442,芋泥波波,芋泥波波奶茶,keyword,26,17,442,芋泥波波奶茶
2024-03-21,周四,杨枝甘露,阴,False,False,20,21,420,杨枝甘露,杨枝甘露奶茶,keyword,20,21,420,杨枝甘露奶茶
2024-03-21,周四,柠檬茶,多云,False,False,18,19,342,柠檬茶,百香果绿茶,keyword,18,19,342,百香果绿茶
2024-03-02,周六,杨枝甘露,多云,True,False,34,18,612,杨枝甘露,杨枝甘露奶茶,keyword,34,18,612,杨枝甘露奶茶
2024-03-02,周六,柠檬茶,多云,True,True,48,17,816,柠檬茶,百香果绿茶,keyword,48,17,816,百香果绿茶
2024-05-28,周二,芋泥波波,阴,False,False,23,17,391,芋泥波波,芋泥波波奶茶,keyword,23,17,391,芋泥波波奶茶
2024-03-19,周二,抹茶拿铁,雨,False,False,21,12,252,抹茶拿铁,芝士奶盖抹茶,keyword,21,12,252,芝士奶盖抹茶
2024-04-17,周三,柠檬茶,晴,False,False,13,13,169,柠檬茶,百香果绿茶,keyword,13,13,169,百香果绿茶
2024-03-17,周日,珍珠奶茶,雪,True,False,30,12,360,珍珠奶茶,黑糖珍珠奶茶,keyword,30,12,360,黑糖珍珠奶茶
2024-05-31,周五,杨枝甘露,多云,False,False,20,18,360,杨枝甘露,杨枝甘露奶茶,keyword,20,18,360,杨枝甘露奶茶
2024-05-03,周五,芝士奶盖,阴,False,True,39,14,546,芝士奶盖,芝士奶盖抹茶,keyword,39,14,546,芝士奶盖抹茶
2024-04-16,周二,可可奶茶,雪,False,False,24,12,288,可可奶茶,红丝绒可可奶茶,keyword,24,12,288,红丝绒可可奶茶
2024-04-30,周二,杨枝甘露,雪,False,False,21,19,399,杨枝甘露,杨枝甘露奶茶,keyword,21,19,399,杨枝甘露奶茶
2024-05-16,周四,珍珠奶茶,阴,False,False,28,14,392,珍珠奶茶,黑糖珍珠奶茶,keyword,28,14,392,黑糖珍珠奶茶
2024-05-04,周六,杨枝甘露,阴,True,False,35,21,735,杨枝甘露,杨枝甘露奶茶,keyword,35,21,735,杨枝甘露奶茶
2024-03-10,周日,杨枝甘露,多云,True,True,39,22,858,杨枝甘露,杨枝甘露奶茶,keyword,39,22,858,杨枝甘露奶茶
2024-05-05,周日,珍珠奶茶,雨,True,False,40,15,600,珍珠奶茶,黑糖珍珠奶茶,keyword,40,15,600,黑糖珍珠奶茶
2024-05-18,周六,珍珠奶茶,阴,True,False,34,14,476,珍珠奶茶,黑糖珍珠奶茶,keyword,34,14,476,黑糖珍珠奶茶
2024-05-20,周一,柠檬茶,雨,False,False,29,19,551,柠檬茶,百香果绿茶,keyword,29,19,551,百香果绿茶
2024-04-15,周一,杨枝甘露,晴,False,False,22,19,418,杨枝甘露,杨枝甘露奶茶,keyword,22,19,418,杨枝甘露奶茶
2024-05-03,周五,水果茶,多云,False,False,25,12,300,水果茶,百香果绿茶,keyword,25,12,300,百香果绿茶
2024-04-03,周三,冰美式,多云,False,False,22,18,396,冰美式,金凤乌龙奶茶,keyword,22,18,396,金凤乌龙奶茶
2024-05-06,周一,抹茶拿铁,晴,False,False,0,12,240,抹茶拿铁,芝士奶盖抹茶,keyword,1,12,12,芝士奶盖抹茶
2024-05-18,周六,水果茶,雨,True,True,59,20,1180,水果茶,百香果绿茶,keyword,59,20,1180,百香果绿茶
2024-04-02,周二,冰美式,阴,False,False,25,13,325,冰美式,金凤乌龙奶茶,keyword,25,13,325,金凤乌龙奶茶
2024-05-16,周四,芝士奶盖,多云,False,False,30,17,510,芝士奶盖,芝士奶盖抹茶,keyword,30,17,510,芝士奶盖抹茶
2024-03-22,周五,杨枝甘露,雪,False,True,38,21,798,杨枝甘露,杨枝甘露奶茶,keyword,38,21,798,杨枝甘露奶茶
2024-03-11,周一,杨枝甘露,晴,False,False,23,19,437,杨枝甘露,杨枝甘露奶茶,keyword,23,19,437,杨枝甘露奶茶
2024-04-06,周六,芋泥波波,雨,True,False,999,13,429,芋泥波波,芋泥波波奶茶,keyword,999,13,12987,芋泥波波奶茶
2024-04-10,周三,芝士奶盖,多云,False,False,29,20,580,芝士奶盖,芝士奶盖抹茶,keyword,29,20,580,芝士奶盖抹茶
2024-03-20,周三,水果茶,雪,False,False,0,12,300,水果茶,百香果绿茶,keyword,1,12,12,百香果绿茶
2024-03-10,周日,芝士奶盖,雪,True,False,43,20,860,芝士奶盖,芝士奶盖抹茶,keyword,43,20,860,芝士奶盖抹茶
2024-03-13,周三,柠檬茶,晴,False,False,999,10,240,柠檬茶,百香果绿茶,keyword,999,10,9990,百香果绿茶
2024-05-08,周三,柠檬茶,晴,False,False,16,12,192,柠檬茶,百香果绿茶,keyword,16,12,192,百香果绿茶
2024-03-13,周三,杨枝甘露,雨,False,False,20,18,360,杨枝甘露,杨枝甘露奶茶,keyword,20,18,360,杨枝甘露奶茶
2024-05-08,周三,杨枝甘露,雪,False,False,30,21,630,杨枝甘露,杨枝甘露奶茶,keyword,30,21,630,杨枝甘露奶茶
2024-03-02,周六,芋泥波波,晴,True,False,47,18,846,芋泥波波,芋泥波波奶茶,keyword,47,18,846,芋泥波波奶茶
2024-03-23,周六,冰美式,阴,True,False,49,17,833,冰美式,金凤乌龙奶茶,keyword,49,17,833,金凤乌龙奶茶
2024-04-10,周三,可可奶茶,阴,False,False,24,16,384,可可奶茶,红丝绒可可奶茶,keyword,24,16,384,红丝绒可可奶茶
2024-03-16,周六,冰美式,多云,True,False,48,12,576,冰美式,金凤乌龙奶茶,keyword,48,12,576,金凤乌龙奶茶
2024-03-19,周二,水果茶,多云,False,True,26,14,364,水果茶,百香果绿茶,keyword,26,14,364,百香果绿茶
2024-05-02,周四,可可奶茶,晴,False,False,22,17,374,可可奶茶,红丝绒可可奶茶,keyword,22,17,374,红丝绒可可奶茶
2024-04-22,周一,冰美式,雪,False,False,19,20,380,冰美式,金凤乌龙奶茶,keyword,19,20,380,金凤乌龙奶茶
2024-05-29,周三,柠檬茶,雪,False,True,32,16,512,柠檬茶,百香果绿茶,keyword,32,16,512,百香果绿茶
2024-05-28,周二,杨枝甘露,晴,False,True,25,22,550,杨枝甘露,杨枝甘露奶茶,keyword,25,22,550,杨枝甘露奶茶
2024-05-09,周四,水果茶,晴,False,True,36,15,540,水果茶,百香果绿茶,keyword,36,15,540,百香果绿茶
2024-04-04,周四,柠檬茶,雪,False,False,22,18,396,柠檬茶,百香果绿茶,keyword,22,18,396,百香果绿茶
2024-04-23,周二,冰美式,雪,False,False,15,10,150,冰美式,金凤乌龙奶茶,keyword,15,10,150,金凤乌龙奶茶
2024-05-08,周三,水果茶,阴,False,False,18,13,234,水果茶,百香果绿茶,keyword,18,13,234,百香果绿茶
2024-05-11,周六,柠檬茶,雪,True,False,51,13,663,柠檬茶,百香果绿茶,keyword,51,13,663,百香果绿茶
2024-05-01,周三,水果茶,雪,False,False,13,20,260,水果茶,百香果绿茶,keyword,13,20,260,百香果绿茶
2024-04-21,周日,杨枝甘露,阴,True,True,61,20,1220,杨枝甘露,杨枝甘露奶茶,keyword,61,20,1220,杨枝甘露奶茶
2024-03-14,周四,珍珠奶茶,多云,False,True,32,13,416,珍珠奶茶,黑糖珍珠奶茶,keyword,32,13,416,黑糖珍珠奶茶
2024-05-31,周五,冰美式,晴,False,False,22,13,286,冰美式,金凤乌龙奶茶,keyword,22,13,286,金凤乌龙奶茶
2024-03-24,周日,抹茶拿铁,晴,True,False,49,10,490,抹茶拿铁,芝士奶盖抹茶,keyword,49,10,490,芝士奶盖抹茶
2024-05-01,周三,抹茶拿铁,晴,False,False,28,20,560,抹茶拿铁,芝士奶盖抹茶,keyword,28,20,560,芝士奶盖抹茶
2024-05-14,周二,杨枝甘露,雪,False,False,20,20,400,杨枝甘露,杨枝甘露奶茶,keyword,20,20,400,杨枝甘露奶茶
2024-03-10,周日,冰美式,阴,True,False,35,11,385,冰美式,金凤乌龙奶茶,keyword,35,11,385,金凤乌龙奶茶
2024-05-04,周六,芋泥波波,雪,True,False,44,20,880,芋泥波波,芋泥波波奶茶,keyword,44,20,880,芋泥波波奶茶
2024-04-18,周四,芝士奶盖,雪,False,False,24,19,456,芝士奶盖,芝士奶盖抹茶,keyword,24,19,456,芝士奶盖抹茶
2024-05-13,周一,芋泥波波,雨,False,False,18,19,342,芋泥波波,芋泥波波奶茶,keyword,18,19,342,芋泥波波奶茶
2024-05-12,周日,杨枝甘露,雨,True,False,39,21,819,杨枝甘露,杨枝甘露奶茶,keyword,39,21,819,杨枝甘露奶茶
2024-03-02,周六,抹茶拿铁,多云,True,False,43,10,430,抹茶拿铁,芝士奶盖抹茶,keyword,43,10,430,芝士奶盖抹茶
2024-05-20,周一,抹茶拿铁,雪,False,False,23,14,322,抹茶拿铁,芝士奶盖抹茶,keyword,23,14,322,芝士奶盖抹茶
2024-04-26,周五,冰美式,阴,False,True,40,19,760,冰美式,金凤乌龙奶茶,keyword,40,19,760,金凤乌龙奶茶
2024-05-27,周一,抹茶拿铁,雪,False,False,27,19,513,抹茶拿铁,芝士奶盖抹茶,keyword,27,19,513,芝士奶盖抹茶
2024-04-05,周五,芋泥波波,雪,False,False,20,11,220,芋泥波波,芋泥波波奶茶,keyword,20,11,220,芋泥波波奶茶
2024-05-14,周二,可可奶茶,阴,False,False,0,18,396,可可奶茶,红丝绒可可奶茶,keyword,1,18,18,红丝绒可可奶茶
2024-04-10,周三,珍珠奶茶,雪,False,False,15,14,210,珍珠奶茶,黑糖珍珠奶茶,keyword,15,14,210,黑糖珍珠奶茶
2024-03-16,周六,珍珠奶茶,阴,True,True,47,15,705,珍珠奶茶,黑糖珍珠奶茶,keyword,47,15,705,黑糖珍珠奶茶
2024-05-10,周五,冰美式,晴,False,False,13,14,182,冰美式,金凤乌龙奶茶,keyword,13,14,182,金凤乌龙奶茶
2024-04-02,周二,芝士奶盖,多云,False,True,40,18,720,芝士奶盖,芝士奶盖抹茶,keyword,40,18,720,芝士奶盖抹茶
2024-05-25,周六,珍珠奶茶,阴,True,False,43,13,559,珍珠奶茶,黑糖珍珠奶茶,keyword,43,13,559,黑糖珍珠奶茶
2024-04-27,周六,芝士奶盖,晴,True,True,45,15,675,芝士奶盖,芝士奶盖抹茶,keyword,45,15,675,芝士奶盖抹茶
2024-05-26,周日,水果茶,雪,True,False,37,15,555,水果茶,百香果绿茶,keyword,37,15,555,百香果绿茶
2024-03-03,周日,芝士奶盖,雨,True,True,60,13,780,芝士奶盖,芝士奶盖抹茶,keyword,60,13,780,芝士奶盖抹茶
2024-03-03,周日,芋泥波波,阴,True,True,61,10,610,芋泥波波,芋泥波波奶茶,keyword,61,10,610,芋泥波波奶茶
2024-03-27,周三,水果茶,晴,False,True,39,14,546,水果茶,百香果绿茶,keyword,39,14,546,百香果绿茶
2024-04-02,周二,杨枝甘露,阴,False,False,21,20,420,杨枝甘露,杨枝甘露奶茶,keyword,21,20,420,杨枝甘露奶茶
2024-05-11,周六,水果茶,多云,True,False,36,16,576,水果茶,百香果绿茶,keyword,36,16,576,百香果绿茶
2024-03-17,周日,芋泥波波,雨,True,False,41,17,697,芋泥波波,芋泥波波奶茶,keyword,41,17,697,芋泥波波奶茶
2024-04-24,周三,杨枝甘露,多云,False,True,30,19,570,杨枝甘露,杨枝甘露奶茶,keyword,30,19,570,杨枝甘露奶茶
2024-04-08,周一,可可奶茶,雨,False,False,22,19,418,可可奶茶,红丝绒可可奶茶,keyword,22,19,418,红丝绒可可奶茶
2024-03-22,周五,芋泥波波,雪,False,False,17,17,289,芋泥波波,芋泥波波奶茶,keyword,17,17,289,芋泥波波奶茶
2024-04-01,周一,水果茶,多云,False,False,15,17,255,水果茶,百香果绿茶,keyword,15,17,255,百香果绿茶
2024-05-21,周二,杨枝甘露,阴,False,True,46,22,1012,杨枝甘露,杨枝甘露奶茶,keyword,46,22,1012,杨枝甘露奶茶
2024-05-19,周日,芝士奶盖,雨,True,False,47,18,846,芝士奶盖,芝士奶盖抹茶,keyword,47,18,846,芝士奶盖抹茶
2024-03-24,周日,冰美式,多云,True,False,39,12,468,冰美式,金凤乌龙奶茶,keyword,39,12,468,金凤乌龙奶茶
2024-04-10,周三,芋泥波波,晴,False,False,27,17,459,芋泥波波,芋泥波波奶茶,keyword,27,17,459,芋泥波波奶茶
2024-03-11,周一,抹茶拿铁,晴,False,False,12,18,216,抹茶拿铁,芝士奶盖抹茶,keyword,12,18,216,芝士奶盖抹茶
2024-03-07,周四,芝士奶盖,雪,False,True,43,14,602,芝士奶盖,芝士奶盖抹茶,keyword,43,14,602,芝士奶盖抹茶
2024-03-30,周六,芝士奶盖,多云,True,False,47,14,658,芝士奶盖,芝士奶盖抹茶,keyword,47,14,658,芝士奶盖抹茶
2024-03-29,周五,柠檬茶,雪,False,False,14,11,154,柠檬茶,百香果绿茶,keyword,14,11,154,百香果绿茶
2024-03-31,周日,可可奶茶,多云,True,False,44,18,792,可可奶茶,红丝绒可可奶茶,keyword,44,18,792,红丝绒可可奶茶
2024-05-08,周三,杨枝甘露,雨,False,False,19,22,418,杨枝甘露,杨枝甘露奶茶,keyword,19,22,418,杨枝甘露奶茶
2024-05-01,周三,可可奶茶,晴,False,False,12,15,180,可可奶茶,红丝绒可可奶茶,keyword,12,15,180,红丝绒可可奶茶
2024-05-01,周三,柠檬茶,雨,False,False,37,17,629,柠檬茶,百香果绿茶,keyword,37,17,629,百香果绿茶
2024-03-21,周四,冰美式,雪,False,False,26,13,338,冰美式,金凤乌龙奶茶,keyword,26,13,338,金凤乌龙奶茶
2024-04-20,周六,杨枝甘露,雪,True,False,49,21,1029,杨枝甘露,杨枝甘露奶茶,keyword,49,21,1029,杨枝甘露奶茶
2024-04-13,周六,珍珠奶茶,雪,True,False,44,12,528,珍珠奶茶,黑糖珍珠奶茶,keyword,44,12,528,黑糖珍珠奶茶
2024-05-08,周三,冰美式,阴,False,False,20,18,360,冰美式,金凤乌龙奶茶,keyword,20,18,360,金凤乌龙奶茶
2024-05-27,周一,芝士奶盖,晴,False,False,23,19,437,芝士奶盖,芝士奶盖抹茶,keyword,23,19,437,芝士奶盖抹茶
2024-05-05,周日,可可奶茶,雪,True,False,44,19,836,可可奶茶,红丝绒可可奶茶,keyword,44,19,836,红丝绒可可奶茶
2024-05-14,周二,芝士奶盖,多云,False,False,29,17,493,芝士奶盖,芝士奶盖抹茶,keyword,29,17,493,芝士奶盖抹茶
2024-05-30,周四,冰美式,雪,False,True,40,19,760,冰美式,金凤乌龙奶茶,keyword,40,19,760,金凤乌龙奶茶
2024-03-19,周二,芋泥波波,雪,False,False,32,19,608,芋泥波波,芋泥波波奶茶,keyword,32,19,608,芋泥波波奶茶
2024-05-24,周五,芋泥波波,雨,False,False,17,20,340,芋泥波波,芋泥波波奶茶,keyword,17,20,340,芋泥波波奶茶
2024-04-27,周六,芋泥波波,晴,True,False,48,18,864,芋泥波波,芋泥波波奶茶,keyword,48,18,864,芋泥波波奶茶
2024-04-03,周三,芝士奶盖,雨,False,False,16,16,256,芝士奶盖,芝士奶盖抹茶,keyword,16,16,256,芝士奶盖抹茶
2024-03-21,周四,可可奶茶,雪,False,True,999,20,740,可可奶茶,红丝绒可可奶茶,keyword,999,20,19980,红丝绒可可奶茶
2024-05-04,周六,芝士奶盖,雪,True,True,58,13,754,芝士奶盖,芝士奶盖抹茶,keyword,58,13,754,芝士奶盖抹茶
2024-05-02,周四,可可奶茶,雨,False,False,-1,19,323,可可奶茶,红丝绒可可奶茶,keyword,1,19,19,红丝绒可可奶茶
2024-05-19,周日,冰美式,多云,True,False,52,17,884,冰美式,金凤乌龙奶茶,keyword,52,17,884,金凤乌龙奶茶
2024-04-17,周三,芝士奶盖,雪,False,False,20,19,380,芝士奶盖,芝士奶盖抹茶,keyword,20,19,380,芝士奶盖抹茶
2024-04-17,周三,芋泥波波,雪,False,False,20,17,340,芋泥波波,芋泥波波奶茶,keyword,20,17,340,芋泥波波奶茶
2024-03-02,周六,芝士奶盖,多云,True,False,31,11,341,芝士奶盖,芝士奶盖抹茶,keyword,31,11,341,芝士奶盖抹茶
2024-03-31,周日,冰美式,晴,True,False,35,12,420,冰美式,金凤乌龙奶茶,keyword,35,12,420,金凤乌龙奶茶
2024-05-28,周二,可可奶茶,雪,False,False,0,11,308,可可奶茶,红丝绒可可奶茶,keyword,1,11,11,红丝绒可可奶茶
2024-03-08,周五,杨枝甘露,多云,False,False,22,21,462,杨枝甘露,杨枝甘露奶茶,keyword,22,21,462,杨枝甘露奶茶
2024-04-13,周六,可可奶茶,多云,True,False,46,12,552,可可奶茶,红丝绒可可奶茶,keyword,46,12,552,红丝绒可可奶茶
2024-03-11,周一,柠檬茶,雪,False,False,27,19,513,柠檬茶,百香果绿茶,keyword,27,19,513,百香果绿茶
2024-04-15,周一,柠檬茶,晴,False,False,19,15,285,柠檬茶,百香果绿茶,keyword,19,15,285,百香果绿茶
2024-04-25,周四,芋泥波波,雨,False,False,24,11,264,芋泥波波,芋泥波波奶茶,keyword,24,11,264,芋泥波波奶茶
2024-04-19,周五,水果茶,雪,False,False,19,15,285,水果茶,百香果绿茶,keyword,19,15,285,百香果绿茶
2024-03-15,周五,芋泥波波,雨,False,False,-1,19,608,芋泥波波,芋泥波波奶茶,keyword,1,19,19,芋泥波波奶茶
2024-05-05,周日,柠檬茶,阴,True,True,52,18,936,柠檬茶,百香果绿茶,keyword,52,18,936,百香果绿茶
2024-05-23,周四,水果茶,晴,False,False,26,14,364,水果茶,百香果绿茶,keyword,26,14,364,百香果绿茶
2024-03-11,周一,水果茶,雨,False,True,-1,11,484,水果茶,百香果绿茶,keyword,1,11,11,百香果绿茶
2024-05-19,周日,抹茶拿铁,多云,True,False,45,14,630,抹茶拿铁,芝士奶盖抹茶,keyword,45,14,630,芝士奶盖抹茶
2024-04-03,周三,珍珠奶茶,晴,False,True,49,12,588,珍珠奶茶,黑糖珍珠奶茶,keyword,49,12,588,黑糖珍珠奶茶
2024-03-28,周四,珍珠奶茶,多云,False,False,21,15,315,珍珠奶茶,黑糖珍珠奶茶,keyword,21,15,315,黑糖珍珠奶茶
2024-05-05,周日,芋泥波波,雨,True,False,40,11,440,芋泥波波,芋泥波波奶茶,keyword,40,11,440,芋泥波波奶茶
2024-05-14,周二,柠檬茶,多云,False,False,29,16,464,柠檬茶,百香果绿茶,keyword,29,16,464,百香果绿茶
2024-03-06,周三,水果茶,阴,False,False,35,19,665,水果茶,百香果绿茶,keyword,35,19,665,百香果绿茶
2024-05-28,周二,珍珠奶茶,多云,False,False,19,15,285,珍珠奶茶,黑糖珍珠奶茶,keyword,19,15,285,黑糖珍珠奶茶
2024-04-10,周三,芝士奶盖,多云,False,False,18,18,324,芝士奶盖,芝士奶盖抹茶,keyword,18,18,324,芝士奶盖抹茶
2024-04-28,周日,杨枝甘露,晴,True,False,43,18,774,杨枝甘露,杨枝甘露奶茶,keyword,43,18,774,杨枝甘露奶茶
2024-04-24,周三,可可奶茶,晴,False,False,17,10,170,可可奶茶,红丝绒可可奶茶,keyword,17,10,170,红丝绒可可奶茶
2024-03-27,周三,冰美式,雪,False,False,20,17,340,冰美式,金凤乌龙奶茶,keyword,20,17,340,金凤乌龙奶茶
2024-04-15,周一,可可奶茶,多云,False,False,21,17,357,可可奶茶,红丝绒可可奶茶,keyword,21,17,357,红丝绒可可奶茶
2024-04-02,周二,芋泥波波,晴,False,False,26,11,286,芋泥波波,芋泥波波奶茶,keyword,26,11,286,芋泥波波奶茶
2024-04-14,周日,柠檬茶,阴,True,False,43,18,774,柠檬茶,百香果绿茶,keyword,43,18,774,百香果绿茶
2024-03-18,周一,芝士奶盖,多云,False,False,22,11,242,芝士奶盖,芝士奶盖抹茶,keyword,22,11,242,芝士奶盖抹茶
2024-03-22,周五,柠檬茶,雪,False,True,37,17,629,柠檬茶,百香果绿茶,keyword,37,17,629,百香果绿茶
2024-03-28,周四,杨枝甘露,雨,False,False,21,22,462,杨枝甘露,杨枝甘露奶茶,keyword,21,22,462,杨枝甘露奶茶
2024-03-08,周五,冰美式,雪,False,False,35,12,420,冰美式,金凤乌龙奶茶,keyword,35,12,420,金凤乌龙奶茶
2024-04-05,周五,可可奶茶,晴,False,False,32,17,544,可可奶茶,红丝绒可可奶茶,keyword,32,17,544,红丝绒可可奶茶
2024-03-19,周二,杨枝甘露,晴,False,False,29,19,551,杨枝甘露,杨枝甘露奶茶,keyword,29,19,551,杨枝甘露奶茶
2024-03-13,周三,芋泥波波,晴,False,True,35,16,560,芋泥波波,芋泥波波奶茶,keyword,35,16,560,芋泥波波奶茶
2024-04-18,周四,柠檬茶,阴,False,True,35,17,595,柠檬茶,百香果绿茶,keyword,35,17,595,百香果绿茶
2024-03-22,周五,珍珠奶茶,晴,False,True,32,15,480,珍珠奶茶,黑糖珍珠奶茶,keyword,32,15,480,黑糖珍珠奶茶
2024-04-23,周二,杨枝甘露,雪,False,False,18,22,396,杨枝甘露,杨枝甘露奶茶,keyword,18,22,396,杨枝甘露奶茶
2024-03-02,周六,芝士奶盖,阴,True,False,39,10,390,芝士奶盖,芝士奶盖抹茶,keyword,39,10,390,芝士奶盖抹茶
2024-04-01,周一,杨枝甘露,雪,False,False,20,21,420,杨枝甘露,杨枝甘露奶茶,keyword,20,21,420,杨枝甘露奶茶
2024-04-29,周一,芋泥波波,晴,False,False,18,12,216,芋泥波波,芋泥波波奶茶,keyword,18,12,216,芋泥波波奶茶
2024-03-27,周三,可可奶茶,雪,False,True,47,11,517,可可奶茶,红丝绒可可奶茶,keyword,47,11,517,红丝绒可可奶茶
2024-05-03,周五,杨枝甘露,晴,False,True,34,20,680,杨枝甘露,杨枝甘露奶茶,keyword,34,20,680,杨枝甘露奶茶
2024-03-15,周五,抹茶拿铁,雪,False,True,31,10,310,抹茶拿铁,芝士奶盖抹茶,keyword,31,10,310,芝士奶盖抹茶
2024-04-09,周二,柠檬茶,晴,False,False,25,13,325,柠檬茶,百香果绿茶,keyword,25,13,325,百香果绿茶
2024-04-07,周日,杨枝甘露,雨,True,True,56,18,1008,杨枝甘露,杨枝甘露奶茶,keyword,56,18,1008,杨枝甘露奶茶
2024-03-24,周日,柠檬茶,雨,True,True,69,19,1311,柠檬茶,百香果绿茶,keyword,69,19,1311,百香果绿茶
2024-04-27,周六,抹茶拿铁,阴,True,False,33,20,660,抹茶拿铁,芝士奶盖抹茶,keyword,33,20,660,芝士奶盖抹茶
2024-05-22,周三,芝士奶盖,晴,False,False,22,17,374,芝士奶盖,芝士奶盖抹茶,keyword,22,17,374,芝士奶盖抹茶
2024-05-23,周四,抹茶拿铁,雪,False,True,41,14,574,抹茶拿铁,芝士奶盖抹茶,keyword,41,14,574,芝士奶盖抹茶
2024-05-28,周二,芝士奶盖,晴,False,False,23,11,253,芝士奶盖,芝士奶盖抹茶,keyword,23,11,253,芝士奶盖抹茶
2024-05-25,周六,芋泥波波,雪,True,False,36,12,432,芋泥波波,芋泥波波奶茶,keyword,36,12,432,芋泥波波奶茶
2024-05-09,周四,水果茶,雪,False,False,25,14,350,水果茶,百香果绿茶,keyword,25,14,350,百香果绿茶
2024-04-24,周三,可可奶茶,多云,False,False,29,10,290,可可奶茶,红丝绒可可奶茶,keyword,29,10,290,红丝绒可可奶茶
2024-05-04,周六,可可奶茶,雨,True,False,33,18,594,可可奶茶,红丝绒可可奶茶,keyword,33,18,594,红丝绒可可奶茶
2024-04-26,周五,可可奶茶,雪,False,True,29,14,406,可可奶茶,红丝绒可可奶茶,keyword,29,14,406,红丝绒可可奶茶
2024-05-12,周日,杨枝甘露,阴,True,False,27,21,567,杨枝甘露,杨枝甘露奶茶,keyword,27,21,567,杨枝甘露奶茶
2024-05-07,周二,柠檬茶,雪,False,False,32,12,384,柠檬茶,百香果绿茶,keyword,32,12,384,百香果绿茶
2024-04-11,周四,柠檬茶,雪,False,False,24,14,336,柠檬茶,百香果绿茶,keyword,24,14,336,百香果绿茶
2024-03-06,周三,可可奶茶,晴,False,False,23,16,368,可可奶茶,红丝绒可可奶茶,keyword,23,16,368,红丝绒可可奶茶
2024-04-25,周四,杨枝甘露,晴,False,True,29,21,609,杨枝甘露,杨枝甘露奶茶,keyword,29,21,609,杨枝甘露奶茶
2024-03-19,周二,珍珠奶茶,雨,False,True,37,12,444,珍珠奶茶,黑糖珍珠奶茶,keyword,37,12,444,黑糖珍珠奶茶
2024-03-03,周日,可可奶茶,阴,True,False,45,16,720,可可奶茶,红丝绒可可奶茶,keyword,45,16,720,红丝绒可可奶茶
2024-05-15,周三,芋泥波波,晴,False,False,19,19,361,芋泥波波,芋泥波波奶茶,keyword,19,19,361,芋泥波波奶茶
2024-03-12,周二,水果茶,多云,False,True,34,17,578,水果茶,百香果绿茶,keyword,34,17,578,百香果绿茶
2024-05-14,周二,可可奶茶,雪,False,True,42,15,630,可可奶茶,红丝绒可可奶茶,keyword,42,15,630,红丝绒可可奶茶
2024-03-11,周一,可可奶茶,阴,False,False,-1,13,377,可可奶茶,红丝绒可可奶茶,keyword,1,13,13,红丝绒可可奶茶
2024-05-16,周四,冰美式,多云,False,False,19,11,209,冰美式,金凤乌龙奶茶,keyword,19,11,209,金凤乌龙奶茶
2024-04-01,周一,抹茶拿铁,晴,False,False,13,15,195,抹茶拿铁,芝士奶盖抹茶,keyword,13,15,195,芝士奶盖抹茶
2024-05-17,周五,可可奶茶,雨,False,False,23,19,437,可可奶茶,红丝绒可可奶茶,keyword,23,19,437,红丝绒可可奶茶
2024-04-09,周二,杨枝甘露,多云,False,False,20,18,360,杨枝甘露,杨枝甘露奶茶,keyword,20,18,360,杨枝甘露奶茶
2024-03-27,周三,芝士奶盖,雨,False,False,17,17,289,芝士奶盖,芝士奶盖抹茶,keyword,17,17,289,芝士奶盖抹茶
2024-05-13,周一,冰美式,雨,False,False,22,16,352,冰美式,金凤乌龙奶茶,keyword,22,16,352,金凤乌龙奶茶
2024-03-19,周二,珍珠奶茶,晴,False,False,17,12,204,珍珠奶茶,黑糖珍珠奶茶,keyword,17,12,204,黑糖珍珠奶茶
2024-05-30,周四,可可奶茶,雪,False,True,34,13,442,可可奶茶,红丝绒可可奶茶,keyword,34,13,442,红丝绒可可奶茶
2024-05-04,周六,芋泥波波,雨,True,False,42,17,714,芋泥波波,芋泥波波奶茶,keyword,42,17,714,芋泥波波奶茶
2024-04-15,周一,柠檬茶,雨,False,False,33,15,495,柠檬茶,百香果绿茶,keyword,33,15,495,百香果绿茶
2024-03-03,周日,珍珠奶茶,晴,True,True,53,13,689,珍珠奶茶,黑糖珍珠奶茶,keyword,53,13,689,黑糖珍珠奶茶
2024-04-12,周五,芋泥波波,阴,False,False,23,12,276,芋泥波波,芋泥波波奶茶,keyword,23,12,276,芋泥波波奶茶
2024-04-11,周四,芝士奶盖,雨,False,False,16,11,176,芝士奶盖,芝士奶盖抹茶,keyword,16,11,176,芝士奶盖抹茶
2024-03-08,周五,抹茶拿铁,多云,False,True,37,10,370,抹茶拿铁,芝士奶盖抹茶,keyword,37,10,370,芝士奶盖抹茶
2024-03-17,周日,可可奶茶,雪,True,True,43,11,473,可可奶茶,红丝绒可可奶茶,keyword,43,11,473,红丝绒可可奶茶
2024-03-23,周六,柠檬茶,雪,True,False,39,16,624,柠檬茶,百香果绿茶,keyword,39,16,624,百香果绿茶
2024-03-12,周二,杨枝甘露,雨,False,False,15,18,270,杨枝甘露,杨枝甘露奶茶,keyword,15,18,270,杨枝甘露奶茶
2024-04-24,周三,水果茶,多云,False,False,24,14,336,水果茶,百香果绿茶,keyword,24,14,336,百香果绿茶
2024-04-08,周一,水果茶,晴,False,False,0,13,195,水果茶,百香果绿茶,keyword,1,13,13,百香果绿茶
2024-05-20,周一,柠檬茶,阴,False,False,23,13,299,柠檬茶,百香果绿茶,keyword,23,13,299,百香果绿茶
2024-04-23,周二,芋泥波波,阴,False,False,27,15,405,芋泥波波,芋泥波波奶茶,keyword,27,15,405,芋泥波波奶茶
2024-05-26,周日,杨枝甘露,多云,True,False,39,22,858,杨枝甘露,杨枝甘露奶茶,keyword,39,22,858,杨枝甘露奶茶
2024-04-23,周二,水果茶,阴,False,False,23,14,322,水果茶,百香果绿茶,keyword,23,14,322,百香果绿茶
2024-05-19,周日,抹茶拿铁,雪,True,False,42,19,798,抹茶拿铁,芝士奶盖抹茶,keyword,42,19,798,芝士奶盖抹茶
2024-04-29,周一,芋泥波波,雪,False,True,-1,10,330,芋泥波波,芋泥波波奶茶,keyword,1,10,10,芋泥波波奶茶
2024-03-15,周五,杨枝甘露,雨,False,False,18,20,360,杨枝甘露,杨枝甘露奶茶,keyword,18,20,360,杨枝甘露奶茶
2024-04-15,周一,杨枝甘露,雨,False,False,23,18,414,杨枝甘露,杨枝甘露奶茶,keyword,23,18,414,杨枝甘露奶茶
2024-05-03,周五,柠檬茶,雪,False,True,25,20,500,柠檬茶,百香果绿茶,keyword,25,20,500,百香果绿茶
2024-04-09,周二,柠檬茶,雪,False,False,28,18,504,柠檬茶,百香果绿茶,keyword,28,18,504,百香果绿茶
2024-03-09,周六,可可奶茶,雨,True,False,0,18,846,可可奶茶,红丝绒可可奶茶,keyword,1,18,18,红丝绒可可奶茶
2024-03-21,周四,芝士奶盖,多云,False,False,23,11,253,芝士奶盖,芝士奶盖抹茶,keyword,23,11,253,芝士奶盖抹茶
2024-03-24,周日,柠檬茶,晴,True,False,25,14,350,柠檬茶,百香果绿茶,keyword,25,14,350,百香果绿茶
2024-05-07,周二,水果茶,多云,False,False,11,20,220,水果茶,百香果绿茶,keyword,11,20,220,百香果绿茶
2024-04-19,周五,珍珠奶茶,多云,False,True,25,15,375,珍珠奶茶,黑糖珍珠奶茶,keyword,25,15,375,黑糖珍珠奶茶
2024-05-15,周三,冰美式,晴,False,True,25,10,250,冰美式,金凤乌龙奶茶,keyword,25,10,250,金凤乌龙奶茶
2024-04-30,周二,芋泥波波,晴,False,False,24,11,264,芋泥波波,芋泥波波奶茶,keyword,24,11,264,芋泥波波奶茶
2024-04-29,周一,可可奶茶,晴,False,False,24,20,480,可可奶茶,红丝绒可可奶茶,keyword,24,20,480,红丝绒可可奶茶
2024-03-20,周三,芝士奶盖,雪,False,False,20,20,400,芝士奶盖,芝士奶盖抹茶,keyword,20,20,400,芝士奶盖抹茶
2024-05-21,周二,抹茶拿铁,雨,False,False,30,11,330,抹茶拿铁,芝士奶盖抹茶,keyword,30,11,330,芝士奶盖抹茶
2024-04-26,周五,芝士奶盖,雨,False,False,18,10,180,芝士奶盖,芝士奶盖抹茶,keyword,18,10,180,芝士奶盖抹茶
2024-03-22,周五,可可奶茶,雪,False,False,31,12,372,可可奶茶,红丝绒可可奶茶,keyword,31,12,372,红丝绒可可奶茶
2024-05-16,周四,珍珠奶茶,阴,False,True,999,15,510,珍珠奶茶,黑糖珍珠奶茶,keyword,999,15,14985,黑糖珍珠奶茶
2024-05-05,周日,芋泥波波,阴,True,False,46,12,552,芋泥波波,芋泥波波奶茶,keyword,46,12,552,芋泥波波奶茶
2024-05-26,周日,冰美式,阴,True,False,50,11,550,冰美式,金凤乌龙奶茶,keyword,50,11,550,金凤乌龙奶茶
2024-05-02,周四,芝士奶盖,晴,False,False,23,18,414,芝士奶盖,芝士奶盖抹茶,keyword,23,18,414,芝士奶盖抹茶
2024-03-01,周五,杨枝甘露,雪,False,True,42,20,840,杨枝甘露,杨枝甘露奶茶,keyword,42,20,840,杨枝甘露奶茶
2024-05-04,周六,珍珠奶茶,多云,True,False,35,14,490,珍珠奶茶,黑糖珍珠奶茶,keyword,35,14,490,黑糖珍珠奶茶
2024-03-18,周一,柠檬茶,多云,False,True,0,19,741,柠檬茶,百香果绿茶,keyword,1,19,19,百香果绿茶
2024-05-17,周五,水果茶,阴,False,False,0,17,527,水果茶,百香果绿茶,keyword,1,17,17,百香果绿茶
2024-05-27,周一,芝士奶盖,阴,False,False,13,13,169,芝士奶盖,芝士奶盖抹茶,keyword,13,13,169,芝士奶盖抹茶
2024-04-16,周二,杨枝甘露,雨,False,True,29,20,580,杨枝甘露,杨枝甘露奶茶,keyword,29,20,580,杨枝甘露奶茶
2024-04-19,周五,芋泥波波,阴,False,False,13,13,169,芋泥波波,芋泥波波奶茶,keyword,13,13,169,芋泥波波奶茶
2024-05-23,周四,可可奶茶,多云,False,False,21,11,231,可可奶茶,红丝绒可可奶茶,keyword,21,11,231,红丝绒可可奶茶
2024-03-29,周五,冰美式,雨,False,False,18,18,324,冰美式,金凤乌龙奶茶,keyword,18,18,324,金凤乌龙奶茶
2024-03-04,周一,珍珠奶茶,晴,False,False,28,12,336,珍珠奶茶,黑糖珍珠奶茶,keyword,28,12,336,黑糖珍珠奶茶
2024-04-10,周三,柠檬茶,多云,False,True,28,17,476,柠檬茶,百香果绿茶,keyword,28,17,476,百香果绿茶
2024-05-31,周五,可可奶茶,雨,False,False,25,13,325,可可奶茶,红丝绒可可奶茶,keyword,25,13,325,红丝绒可可奶茶
2024-05-18,周六,芝士奶盖,雨,True,False,33,10,330,芝士奶盖,芝士奶盖抹茶,keyword,33,10,330,芝士奶盖抹茶
2024-05-14,周二,水果茶,雨,False,False,21,15,315,水果茶,百香果绿茶,keyword,21,15,315,百香果绿茶
2024-03-15,周五,杨枝甘露,阴,False,False,17,18,306,杨枝甘露,杨枝甘露奶茶,keyword,17,18,306,杨枝甘露奶茶
2024-05-15,周三,芝士奶盖,雪,False,True,44,12,528,芝士奶盖,芝士奶盖抹茶,keyword,44,12,528,芝士奶盖抹茶
2024-05-21,周二,珍珠奶茶,多云,False,False,30,12,360,珍珠奶茶,黑糖珍珠奶茶,keyword,30,12,360,黑糖珍珠奶茶
2024-04-07,周日,水果茶,雨,True,False,43,17,731,水果茶,百香果绿茶,keyword,43,17,731,百香果绿茶
2024-04-15,周一,芋泥波波,晴,False,True,37,18,666,芋泥波波,芋泥波波奶茶,keyword,37,18,666,芋泥波波奶茶
2024-04-16,周二,水果茶,阴,False,False,28,13,364,水果茶,百香果绿茶,keyword,28,13,364,百香果绿茶
2024-03-08,周五,柠檬茶,阴,False,False,-1,18,288,柠檬茶,百香果绿茶,keyword,1,18,18,百香果绿茶
2024-04-19,周五,珍珠奶茶,雪,False,True,35,15,525,珍珠奶茶,黑糖珍珠奶茶,keyword,35,15,525,黑糖珍珠奶茶
2024-04-27,周六,杨枝甘露,雪,True,False,42,21,882,杨枝甘露,杨枝甘露奶茶,keyword,42,21,882,杨枝甘露奶茶
2024-04-02,周二,杨枝甘露,阴,False,False,16,19,304,杨枝甘露,杨枝甘露奶茶,keyword,16,19,304,杨枝甘露奶茶
2024-03-09,周六,柠檬茶,多云,True,False,41,17,697,柠檬茶,百香果绿茶,keyword,41,17,697,百香果绿茶
2024-03-18,周一,芝士奶盖,多云,False,False,20,18,360,芝士奶盖,芝士奶盖抹茶,keyword,20,18,360,芝士奶盖抹茶
2024-05-17,周五,珍珠奶茶,晴,False,False,31,15,465,珍珠奶茶,黑糖珍珠奶茶,keyword,31,15,465,黑糖珍珠奶茶
2024-03-30,周六,杨枝甘露,雨,True,False,-1,20,580,杨枝甘露,杨枝甘露奶茶,keyword,1,20,20,杨枝甘露奶茶
2024-05-27,周一,可可奶茶,阴,False,False,20,11,220,可可奶茶,红丝绒可可奶茶,keyword,20,11,220,红丝绒可可奶茶
2024-04-11,周四,冰美式,阴,False,False,24,15,360,冰美式,金凤乌龙奶茶,keyword,24,15,360,金凤乌龙奶茶
2024-05-23,周四,芝士奶盖,阴,False,True,48,19,912,芝士奶盖,芝士奶盖抹茶,keyword,48,19,912,芝士奶盖抹茶
2024-05-03,周五,芝士奶盖,雨,False,True,41,10,410,芝士奶盖,芝士奶盖抹茶,keyword,41,10,410,芝士奶盖抹茶
2024-03-27,周三,杨枝甘露,多云,False,True,33,21,693,杨枝甘露,杨枝甘露奶茶,keyword,33,21,693,杨枝甘露奶茶
2024-03-10,周日,抹茶拿铁,阴,True,False,37,17,629,抹茶拿铁,芝士奶盖抹茶,keyword,37,17,629,芝士奶盖抹茶
2024-03-22,周五,珍珠奶茶,多云,False,False,27,14,378,珍珠奶茶,黑糖珍珠奶茶,keyword,27,14,378,黑糖珍珠奶茶
2024-04-04,周四,可可奶茶,雪,False,False,22,15,330,可可奶茶,红丝绒可可奶茶,keyword,22,15,330,红丝绒可可奶茶
2024-03-14,周四,水果茶,多云,False,False,-1,12,144,水果茶,百香果绿茶,keyword,1,12,12,百香果绿茶
2024-04-22,周一,冰美式,晴,False,False,14,12,168,冰美式,金凤乌龙奶茶,keyword,14,12,168,金凤乌龙奶茶
2024-04-04,周四,抹茶拿铁,晴,False,False,12,11,132,抹茶拿铁,芝士奶盖抹茶,keyword,12,11,132,芝士奶盖抹茶
2024-03-03,周日,柠檬茶,阴,True,False,34,10,340,柠檬茶,百香果绿茶,keyword,34,10,340,百香果绿茶
2024-05-27,周一,珍珠奶茶,雨,False,False,14,13,182,珍珠奶茶,黑糖珍珠奶茶,keyword,14,13,182,黑糖珍珠奶茶
2024-04-28,周日,杨枝甘露,雨,True,False,36,18,648,杨枝甘露,杨枝甘露奶茶,keyword,36,18,648,杨枝甘露奶茶
2024-04-26,周五,杨枝甘露,阴,False,False,-1,22,462,杨枝甘露,杨枝甘露奶茶,keyword,1,22,22,杨枝甘露奶茶
2024-05-12,周日,珍珠奶茶,雨,True,False,39,14,546,珍珠奶茶,黑糖珍珠奶茶,keyword,39,14,546,黑糖珍珠奶茶
2024-05-18,周六,可可奶茶,晴,True,False,38,19,722,可可奶茶,红丝绒可可奶茶,keyword,38,19,722,红丝绒可可奶茶
2024-04-29,周一,杨枝甘露,多云,False,False,26,19,494,杨枝甘露,杨枝甘露奶茶,keyword,26,19,494,杨枝甘露奶茶
2024-03-16,周六,水果茶,雨,True,False,36,19,684,水果茶,百香果绿茶,keyword,36,19,684,百香果绿茶
2024-03-08,周五,杨枝甘露,阴,False,False,33,20,660,杨枝甘露,杨枝甘露奶茶,keyword,33,20,660,杨枝甘露奶茶
2024-04-28,周日,杨枝甘露,雨,True,False,45,22,990,杨枝甘露,杨枝甘露奶茶,keyword,45,22,990,杨枝甘露奶茶
2024-05-19,周日,冰美式,晴,True,False,36,18,648,冰美式,金凤乌龙奶茶,keyword,36,18,648,金凤乌龙奶茶
2024-03-03,周日,杨枝甘露,雪,True,True,46,19,874,杨枝甘露,杨枝甘露奶茶,keyword,46,19,874,杨枝甘露奶茶
2024-03-22,周五,杨枝甘露,雨,False,False,16,19,304,杨枝甘露,杨枝甘露奶茶,keyword,16,19,304,杨枝甘露奶茶
2024-04-01,周一,柠檬茶,晴,False,False,18,15,270,柠檬茶,百香果绿茶,keyword,18,15,270,百香果绿茶
2024-03-20,周三,芝士奶盖,雨,False,False,20,11,220,芝士奶盖,芝士奶盖抹茶,keyword,20,11,220,芝士奶盖抹茶
2024-03-29,周五,芝士奶盖,雨,False,False,29,10,290,芝士奶盖,芝士奶盖抹茶,keyword,29,10,290,芝士奶盖抹茶
2024-04-21,周日,冰美式,雪,True,False,45,13,585,冰美式,金凤乌龙奶茶,keyword,45,13,585,金凤乌龙奶茶
2024-04-01,周一,柠檬茶,雨,False,False,25,19,475,柠檬茶,百香果绿茶,keyword,25,19,475,百香果绿茶
2024-03-01,周五,可可奶茶,雨,False,False,18,20,360,可可奶茶,红丝绒可可奶茶,keyword,18,20,360,红丝绒可可奶茶
2024-05-16,周四,水果茶,雪,False,False,22,10,220,水果茶,百香果绿茶,keyword,22,10,220,百香果绿茶
2024-04-01,周一,抹茶拿铁,多云,False,True,43,19,817,抹茶拿铁,芝士奶盖抹茶,keyword,43,19,817,芝士奶盖抹茶
2024-03-21,周四,芋泥波波,阴,False,True,34,11,374,芋泥波波,芋泥波波奶茶,keyword,34,11,374,芋泥波波奶茶
2024-04-27,周六,芝士奶盖,晴,True,False,46,16,736,芝士奶盖,芝士奶盖抹茶,keyword,46,16,736,芝士奶盖抹茶
2024-05-29,周三,柠檬茶,阴,False,False,19,12,228,柠檬茶,百香果绿茶,keyword,19,12,228,百香果绿茶
2024-04-05,周五,抹茶拿铁,多云,False,False,28,20,560,抹茶拿铁,芝士奶盖抹茶,keyword,28,20,560,芝士奶盖抹茶
2024-04-02,周二,水果茶,多云,False,False,22,16,352,水果茶,百香果绿茶,keyword,22,16,352,百香果绿茶
2024-03-30,周六,珍珠奶茶,雪,True,False,35,14,490,珍珠奶茶,黑糖珍珠奶茶,keyword,35,14,490,黑糖珍珠奶茶
2024-04-12,周五,芝士奶盖,雨,False,True,25,11,275,芝士奶盖,芝士奶盖抹茶,keyword,25,11,275,芝士奶盖抹茶
2024-04-29,周一,杨枝甘露,阴,False,False,20,20,400,杨枝甘露,杨枝甘露奶茶,keyword,20,20,400,杨枝甘露奶茶
2024-04-02,周二,杨枝甘露,晴,False,False,17,20,340,杨枝甘露,杨枝甘露奶茶,keyword,17,20,340,杨枝甘露奶茶
2024-05-26,周日,芝士奶盖,晴,True,False,42,14,588,芝士奶盖,芝士奶盖抹茶,keyword,42,14,588,芝士奶盖抹茶
2024-05-01,周三,抹茶拿铁,阴,False,False,17,19,323,抹茶拿铁,芝士奶盖抹茶,keyword,17,19,323,芝士奶盖抹茶
2024-03-27,周三,柠檬茶,雪,False,False,23,16,368,柠檬茶,百香果绿茶,keyword,23,16,368,百香果绿茶
2024-04-15,周一,冰美式,多云,False,False,19,20,380,冰美式,金凤乌龙奶茶,keyword,19,20,380,金凤乌龙奶茶
2024-05-07,周二,柠檬茶,雨,False,False,33,12,396,柠檬茶,百香果绿茶,keyword,33,12,396,百香果绿茶
2024-03-23,周六,珍珠奶茶,雨,True,False,43,13,559,珍珠奶茶,黑糖珍珠奶茶,keyword,43,13,559,黑糖珍珠奶茶
2024-03-28,周四,芝士奶盖,晴,False,False,27,12,324,芝士奶盖,芝士奶盖抹茶,keyword,27,12,324,芝士奶盖抹茶
2024-03-23,周六,杨枝甘露,晴,True,False,44,19,836,杨枝甘露,杨枝甘露奶茶,keyword,44,19,836,杨枝甘露奶茶
2024-05-24,周五,水果茶,雨,False,False,23,16,368,水果茶,百香果绿茶,keyword,23,16,368,百香果绿茶
2024-04-02,周二,杨枝甘露,晴,False,False,12,19,228,杨枝甘露,杨枝甘露奶茶,keyword,12,19,228,杨枝甘露奶茶
2024-04-05,周五,芋泥波波,雪,False,False,28,10,280,芋泥波波,芋泥波波奶茶,keyword,28,10,280,芋泥波波奶茶
2024-05-17,周五,水果茶,多云,False,False,29,10,290,水果茶,百香果绿茶,keyword,29,10,290,百香果绿茶
2024-04-21,周日,珍珠奶茶,雨,True,False,33,14,462,珍珠奶茶,黑糖珍珠奶茶,keyword,33,14,462,黑糖珍珠奶茶
2024-03-24,周日,芋泥波波,雨,True,False,40,13,520,芋泥波波,芋泥波波奶茶,keyword,40,13,520,芋泥波波奶茶
2024-03-07,周四,芋泥波波,多云,False,False,20,18,360,芋泥波波,芋泥波波奶茶,keyword,20,18,360,芋泥波波奶茶
2024-03-18,周一,杨枝甘露,阴,False,True,41,21,861,杨枝甘露,杨枝甘露奶茶,keyword,41,21,861,杨枝甘露奶茶
2024-05-28,周二,珍珠奶茶,晴,False,False,25,15,375,珍珠奶茶,黑糖珍珠奶茶,keyword,25,15,375,黑糖珍珠奶茶
2024-03-05,周二,芝士奶盖,雨,False,False,32,16,512,芝士奶盖,芝士奶盖抹茶,keyword,32,16,512,芝士奶盖抹茶
2024-03-08,周五,抹茶拿铁,多云,False,False,26,18,468,抹茶拿铁,芝士奶盖抹茶,keyword,26,18,468,芝士奶盖抹茶
2024-04-15,周一,珍珠奶茶,雪,False,False,17,13,221,珍珠奶茶,黑糖珍珠奶茶,keyword,17,13,221,黑糖珍珠奶茶
2024-04-24,周三,芋泥波波,阴,False,False,27,20,540,芋泥波波,芋泥波波奶茶,keyword,27,20,540,芋泥波波奶茶
2024-03-26,周二,水果茶,晴,False,False,22,14,308,水果茶,百香果绿茶,keyword,22,14,308,百香果绿茶
2024-03-12,周二,水果茶,多云,False,False,20,16,320,水果茶,百香果绿茶,keyword,20,16,320,百香果绿茶
2024-04-06,周六,芋泥波波,阴,True,True,58,16,928,芋泥波波,芋泥波波奶茶,keyword,58,16,928,芋泥波波奶茶
2024-05-01,周三,水果茶,阴,False,False,14,14,196,水果茶,百香果绿茶,keyword,14,14,196,百香果绿茶
2024-03-24,周日,冰美式,雨,True,False,27,17,459,冰美式,金凤乌龙奶茶,keyword,27,17,459,金凤乌龙奶茶
2024-04-13,周六,芋泥波波,雪,True,False,42,17,714,芋泥波波,芋泥波波奶茶,keyword,42,17,714,芋泥波波奶茶
2024-05-12,周日,柠檬茶,雨,True,True,53,18,954,柠檬茶,百香果绿茶,keyword,53,18,954,百香果绿茶
2024-04-24,周三,芝士奶盖,雪,False,False,25,14,350,芝士奶盖,芝士奶盖抹茶,keyword,25,14,350,芝士奶盖抹茶
2024-03-02,周六,杨枝甘露,雨,True,False,41,19,779,杨枝甘露,杨枝甘露奶茶,keyword,41,19,779,杨枝甘露奶茶
2024-03-18,周一,水果茶,雨,False,False,13,13,169,水果茶,百香果绿茶,keyword,13,13,169,百香果绿茶
2024-05-04,周六,芝士奶盖,雨,True,False,49,12,588,芝士奶盖,芝士奶盖抹茶,keyword,49,12,588,芝士奶盖抹茶
2024-04-05,周五,柠檬茶,雪,False,False,20,19,380,柠檬茶,百香果绿茶,keyword,20,19,380,百香果绿茶
2024-05-01,周三,可可奶茶,雨,False,False,12,14,168,可可奶茶,红丝绒可可奶茶,keyword,12,14,168,红丝绒可可奶茶
2024-05-22,周三,水果茶,雨,False,False,21,18,378,水果茶,百香果绿茶,keyword,21,18,378,百香果绿茶
2024-03-28,周四,抹茶拿铁,阴,False,False,12,18,216,抹茶拿铁,芝士奶盖抹茶,keyword,12,18,216,芝士奶盖抹茶
2024-05-23,周四,芝士奶盖,雨,False,False,30,12,360,芝士奶盖,芝士奶盖抹茶,keyword,30,12,360,芝士奶盖抹茶
2024-04-19,周五,柠檬茶,雪,False,False,23,15,345,柠檬茶,百香果绿茶,keyword,23,15,345,百香果绿茶
2024-05-28,周二,芋泥波波,雪,False,False,30,10,300,芋泥波波,芋泥波波奶茶,keyword,30,10,300,芋泥波波奶茶
2024-03-20,周三,抹茶拿铁,多云,False,False,26,10,260,抹茶拿铁,芝士奶盖抹茶,keyword,26,10,260,芝士奶盖抹茶
2024-04-09,周二,芝士奶盖,阴,False,False,-1,16,304,芝士奶盖,芝士奶盖抹茶,keyword,1,16,16,芝士奶盖抹茶
2024-04-16,周二,水果茶,晴,False,False,23,13,299,水果茶,百香果绿茶,keyword,23,13,299,百香果绿茶
2024-05-22,周三,抹茶拿铁,晴,False,False,23,11,253,抹茶拿铁,芝士奶盖抹茶,keyword,23,11,253,芝士奶盖抹茶
2024-03-18,周一,杨枝甘露,阴,False,False,22,22,484,杨枝甘露,杨枝甘露奶茶,keyword,22,22,484,杨枝甘露奶茶
2024-03-11,周一,冰美式,雪,False,False,20,18,360,冰美式,金凤乌龙奶茶,keyword,20,18,360,金凤乌龙奶茶
2024-03-28,周四,可可奶茶,雪,False,False,20,16,320,可可奶茶,红丝绒可可奶茶,keyword,20,16,320,红丝绒可可奶茶
2024-03-27,周三,冰美式,多云,False,False,25,18,450,冰美式,金凤乌龙奶茶,keyword,25,18,450,金凤乌龙奶茶
2024-05-04,周六,抹茶拿铁,晴,True,False,42,20,840,抹茶拿铁,芝士奶盖抹茶,keyword,42,20,840,芝士奶盖抹茶
2024-05-11,周六,水果茶,雪,True,False,0,17,629,水果茶,百香果绿茶,keyword,1,17,17,百香果绿茶
2024-03-27,周三,杨枝甘露,晴,False,False,13,22,286,杨枝甘露,杨枝甘露奶茶,keyword,13,22,286,杨枝甘露奶茶
2024-05-26,周日,珍珠奶茶,多云,True,False,49,13,637,珍珠奶茶,黑糖珍珠奶茶,keyword,49,13,637,黑糖珍珠奶茶
2024-05-05,周日,冰美式,雪,True,False,29,17,493,冰美式,金凤乌龙奶茶,keyword,29,17,493,金凤乌龙奶茶
2024-03-20,周三,水果茶,多云,False,False,23,17,391,水果茶,百香果绿茶,keyword,23,17,391,百香果绿茶
2024-03-01,周五,可可奶茶,雨,False,False,25,16,400,可可奶茶,红丝绒可可奶茶,keyword,25,16,400,红丝绒可可奶茶
2024-03-21,周四,珍珠奶茶,雪,False,False,26,13,338,珍珠奶茶,黑糖珍珠奶茶,keyword,26,13,338,黑糖珍珠奶茶
2024-03-12,周二,柠檬茶,雨,False,False,44,10,440,柠檬茶,百香果绿茶,keyword,44,10,440,百香果绿茶
2024-04-15,周一,冰美式,阴,False,True,48,12,576,冰美式,金凤乌龙奶茶,keyword,48,12,576,金凤乌龙奶茶
2024-04-13,周六,可可奶茶,多云,True,True,62,18,1116,可可奶茶,红丝绒可可奶茶,keyword,62,18,1116,红丝绒可可奶茶
2024-04-04,周四,柠檬茶,多云,False,False,20,20,400,柠檬茶,百香果绿茶,keyword,20,20,400,百香果绿茶
2024-03-10,周日,抹茶拿铁,晴,True,False,50,10,500,抹茶拿铁,芝士奶盖抹茶,keyword,50,10,500,芝士奶盖抹茶
2024-03-07,周四,芋泥波波,雨,False,False,31,20,620,芋泥波波,芋泥波波奶茶,keyword,31,20,620,芋泥波波奶茶
2024-05-23,周四,可可奶茶,雨,False,True,29,11,319,可可奶茶,红丝绒可可奶茶,keyword,29,11,319,红丝绒可可奶茶
2024-05-16,周四,杨枝甘露,雨,False,True,36,18,648,杨枝甘露,杨枝甘露奶茶,keyword,36,18,648,杨枝甘露奶茶
2024-05-09,周四,珍珠奶茶,阴,False,True,32,13,416,珍珠奶茶,黑糖珍珠奶茶,keyword,32,13,416,黑糖珍珠奶茶
2024-04-23,周二,可可奶茶,雨,False,False,23,15,345,可可奶茶,红丝绒可可奶茶,keyword,23,15,345,红丝绒可可奶茶
2024-03-04,周一,珍珠奶茶,多云,False,False,34,14,476,珍珠奶茶,黑糖珍珠奶茶,keyword,34,14,476,黑糖珍珠奶茶
2024-03-24,周日,抹茶拿铁,雨,True,True,69,10,690,抹茶拿铁,芝士奶盖抹茶,keyword,69,10,690,芝士奶盖抹茶
2024-04-28,周日,青稞奶茶,多云,True,False,33,13,429,青稞奶茶,紫薯珍珠奶茶,fallback,33,13,429,紫薯珍珠奶茶
2024-04-08,周一,青稞奶茶,雪,False,False,13,20,260,青稞奶茶,黑豆芝麻豆浆奶茶,fallback,13,20,260,黑豆芝麻豆浆奶茶
2024-03-19,周二,青稞奶茶,晴,False,False,16,11,176,青稞奶茶,冰镇哈密瓜奶茶,fallback,16,11,176,冰镇哈密瓜奶茶
2024-05-16,周四,青稞奶茶,雪,False,False,20,19,380,青稞奶茶,蓝柑冰奶茶,fallback,20,19,380,蓝柑冰奶茶
2024-04-25,周四,青稞奶茶,雪,False,False,19,15,285,青稞奶茶,奇异果百香奶茶,fallback,19,15,285,奇异果百香奶茶
2024-03-18,周一,青稞奶茶,多云,False,False,28,11,308,青稞奶茶,黑糖珍珠奶茶,fallback,28,11,308,黑糖珍珠奶茶
2024-04-30,周二,青稞奶茶,多云,False,False,26,15,390,青稞奶茶,薰衣草奶茶,fallback,26,15,390,薰衣草奶茶
2024-04-13,周六,青稞奶茶,雪,True,False,46,17,782,青稞奶茶,冰冻葡萄奶茶,fallback,46,17,782,冰冻葡萄奶茶
2024-03-03,周日,青稞奶茶,雪,True,False,32,14,448,青稞奶茶,蓝柑冰奶茶,fallback,32,14,448,蓝柑冰奶茶
2024-05-03,周五,青稞奶茶,雨,False,False,25,10,250,青稞奶茶,甜甜圈（草莓椰子）,fallback,25,10,250,甜甜圈（草莓椰子）
2024-04-13,周六,青稞奶茶,雨,True,False,40,10,400,青稞奶茶,双拼渐变奶茶,fallback,40,10,400,双拼渐变奶茶
2024-05-13,周一,青稞奶茶,多云,False,False,25,18,450,青稞奶茶,小蛋糕（蓝莓酸奶）,fallback,25,18,450,小蛋糕（蓝莓酸奶）
2024-03-03,周日,青稞奶茶,多云,True,True,65,14,910,青稞奶茶,椰果青柠奶茶,fallback,65,14,910,椰果青柠奶茶
2024-05-25,周六,青稞奶茶,雪,True,True,60,13,780,青稞奶茶,玫瑰荔枝奶茶,fallback,60,13,780,玫瑰荔枝奶茶
2024-03-26,周二,青稞奶茶,阴,False,False,18,14,252,青稞奶茶,麻薯球,fallback,18,14,252,麻薯球
2024-03-18,周一,青稞奶茶,多云,False,True,23,15,345,青稞奶茶,无糖生椰抹茶,fallback,23,15,345,无糖生椰抹茶
2024-04-19,周五,青稞奶茶,多云,False,True,39,17,663,青稞奶茶,小蛋糕（芒果百香果）,fallback,39,17,663,小蛋糕（芒果百香果）
2024-03-06,周三,青稞奶茶,阴,False,False,28,18,504,青稞奶茶,紫薯珍珠奶茶,fallback,28,18,504,紫薯珍珠奶茶
2024-04-05,周五,青稞奶茶,多云,False,False,25,20,500,青稞奶茶,蓝柑冰奶茶,fallback,25,20,500,蓝柑冰奶茶
2024-05-02,周四,青稞奶茶,阴,False,True,40,15,600,青稞奶茶,炸鸡块,fallback,40,15,600,炸鸡块
2024-05-06,周一,青稞奶茶,多云,False,False,25,14,350,青稞奶茶,梦幻彩虹奶茶,fallback,25,14,350,梦幻彩虹奶茶
2024-04-28,周日,青稞奶茶,雪,True,False,33,19,627,青稞奶茶,橙香茉莉奶茶,fallback,33,19,627,橙香茉莉奶茶
2024-05-07,周二,青稞奶茶,多云,False,False,23,18,414,青稞奶茶,麻薯球,fallback,23,18,414,麻薯球
2024-04-29,周一,青稞奶茶,雨,False,False,29,17,493,青稞奶茶,杨枝甘露奶茶,fallback,29,17,493,杨枝甘露奶茶
