日期,星期,商品,天气,是否周末,是否促销,销量,客单价,销售额
5/21/2024,周二,芋泥波波,雨,FALSE,FALSE,12,11,132
5/9/2024,周四,芋泥波波,晴,FALSE,TRUE,39,18,702
5/11/2024,周六,柠檬茶,雪,TRUE,FALSE,52,19,988
3/1/2024,周五,杨枝甘露,雨,FALSE,FALSE,26,20,520
4/18/2024,周四,芋泥波波,雨,FALSE,FALSE,21,17,357
4/18/2024,周四,芋泥波波,雪,FALSE,FALSE,24,19,456
3/9/2024,周六,珍珠奶茶,雨,TRUE,FALSE,35,12,420
4/28/2024,周日,芝士奶盖,雨,TRUE,FALSE,40,14,560
5/27/2024,周一,芋泥波波,雪,FALSE,FALSE,17,17,289
5/21/2024,周二,可可奶茶,雨,FALSE,FALSE,17,13,221
4/10/2024,周三,水果茶,晴,FALSE,FALSE,27,15,405
5/3/2024,周五,水果茶,多云,FALSE,FALSE,27,18,486
5/14/2024,周二,水果茶,雨,FALSE,FALSE,24,18,432
3/7/2024,周四,芋泥波波,多云,FALSE,FALSE,20,19,380
4/18/2024,周四,冰美式,雪,FALSE,FALSE,32,10,320
3/15/2024,周五,可可奶茶,雨,FALSE,TRUE,999,17,612
4/3/2024,周三,可可奶茶,雪,FALSE,FALSE,25,14,350
5/4/2024,周六,冰美式,多云,TRUE,FALSE,33,18,594
5/7/2024,周二,珍珠奶茶,阴,FALSE,TRUE,39,13,507
5/12/2024,周日,芋泥波波,阴,TRUE,FALSE,35,12,420
4/30/2024,周二,可可奶茶,雨,FALSE,FALSE,24,16,384
5/9/2024,周四,柠檬茶,阴,FALSE,FALSE,29,15,435
5/6/2024,周一,抹茶拿铁,多云,FALSE,FALSE,18,10,180
3/30/2024,周六,冰美式,晴,TRUE,TRUE,52,13,676
3/5/2024,周二,芝士奶盖,雪,FALSE,FALSE,22,17,374
3/17/2024,周日,冰美式,阴,TRUE,FALSE,50,16,800
3/13/2024,周三,水果茶,阴,FALSE,FALSE,21,20,420
5/22/2024,周三,芋泥波波,阴,FALSE,FALSE,12,13,156
5/8/2024,周三,抹茶拿铁,阴,FALSE,TRUE,34,11,374
5/10/2024,周五,芋泥波波,雪,FALSE,FALSE,12,13,156
5/2/2024,周四,抹茶拿铁,阴,FALSE,FALSE,0,16,288
4/3/2024,周三,抹茶拿铁,阴,FALSE,FALSE,27,20,540
3/20/2024,周三,柠檬茶,多云,FALSE,FALSE,28,18,504
4/10/2024,周三,珍珠奶茶,雪,FALSE,FALSE,19,13,247
5/5/2024,周日,芋泥波波,晴,TRUE,FALSE,40,13,520
5/12/2024,周日,柠檬茶,雪,TRUE,TRUE,60,20,1200
5/6/2024,周一,芝士奶盖,多云,FALSE,FALSE,23,13,299
3/17/2024,周日,青稞奶茶,雨,TRUE,FALSE,40,10,400
5/12/2024,周日,芋泥波波,雪,TRUE,FALSE,31,12,372
3/9/2024,周六,柠檬茶,雨,TRUE,FALSE,51,14,714
5/23/2024,周四,可可奶茶,雪,FALSE,FALSE,20,11,220
3/18/2024,周一,青稞奶茶,晴,FALSE,FALSE,15,14,210
3/27/2024,周三,芝士奶盖,雨,FALSE,FALSE,20,10,200
4/24/2024,周三,青稞奶茶,晴,FALSE,FALSE,13,20,260
3/21/2024,周四,抹茶拿铁,雪,FALSE,TRUE,0,18,648
5/14/2024,周二,可可奶茶,阴,FALSE,TRUE,33,10,330
3/27/2024,周三,柠檬茶,雨,FALSE,FALSE,32,19,608
3/31/2024,周日,杨枝甘露,阴,TRUE,TRUE,51,19,969
5/29/2024,周三,芋泥波波,晴,FALSE,FALSE,25,13,325
4/28/2024,周日,芝士奶盖,多云,TRUE,FALSE,44,13,572
4/5/2024,周五,芋泥波波,雨,FALSE,FALSE,24,20,480
5/8/2024,周三,芝士奶盖,晴,FALSE,FALSE,14,12,168
4/3/2024,周三,珍珠奶茶,雪,FALSE,FALSE,18,15,270
5/5/2024,周日,芋泥波波,雪,TRUE,TRUE,53,10,530
5/8/2024,周三,柠檬茶,阴,FALSE,TRUE,46,19,874
3/16/2024,周六,青稞奶茶,雨,TRUE,FALSE,46,16,736
5/10/2024,周五,杨枝甘露,阴,FALSE,FALSE,22,19,418
4/8/2024,周一,水果茶,雨,FALSE,FALSE,16,19,304
4/11/2024,周四,抹茶拿铁,阴,FALSE,FALSE,32,17,544
3/22/2024,周五,芋泥波波,雪,FALSE,FALSE,28,15,420
3/31/2024,周日,青稞奶茶,多云,TRUE,TRUE,45,17,765
3/10/2024,周日,抹茶拿铁,雪,TRUE,TRUE,61,16,976
5/23/2024,周四,珍珠奶茶,阴,FALSE,FALSE,21,15,315
4/1/2024,周一,芋泥波波,多云,FALSE,FALSE,34,18,612
5/16/2024,周四,芝士奶盖,雪,FALSE,FALSE,32,16,512
5/10/2024,周五,抹茶拿铁,阴,FALSE,FALSE,18,20,360
5/6/2024,周一,抹茶拿铁,雨,FALSE,FALSE,21,13,273
4/10/2024,周三,可可奶茶,多云,FALSE,TRUE,30,13,390
4/22/2024,周一,芝士奶盖,阴,FALSE,TRUE,46,19,874
3/3/2024,周日,冰美式,阴,TRUE,TRUE,56,16,896
4/23/2024,周二,可可奶茶,阴,FALSE,FALSE,0,17,391
5/25/2024,周六,水果茶,阴,TRUE,FALSE,0,18,702
5/15/2024,周三,冰美式,晴,FALSE,FALSE,12,17,204
4/3/2024,周三,水果茶,多云,FALSE,FALSE,25,16,400
4/23/2024,周二,青稞奶茶,阴,FALSE,TRUE,30,15,450
3/9/2024,周六,珍珠奶茶,多云,TRUE,TRUE,44,13,572
4/30/2024,周二,芋泥波波,阴,FALSE,FALSE,21,12,252
5/31/2024,周五,芋泥波波,雨,FALSE,TRUE,29,19,551
4/18/2024,周四,水果茶,晴,FALSE,FALSE,26,13,338
4/8/2024,周一,冰美式,雪,FALSE,FALSE,18,18,324
4/17/2024,周三,芋泥波波,晴,FALSE,FALSE,27,11,297
4/16/2024,周二,抹茶拿铁,阴,FALSE,TRUE,42,14,588
5/8/2024,周三,抹茶拿铁,阴,FALSE,FALSE,33,14,462
4/1/2024,周一,芋泥波波,阴,FALSE,FALSE,25,19,475
4/18/2024,周四,芝士奶盖,阴,FALSE,FALSE,12,17,204
4/3/2024,周三,芝士奶盖,雪,FALSE,FALSE,-1,18,396
3/11/2024,周一,柠檬茶,阴,FALSE,FALSE,26,17,442
5/2/2024,周四,抹茶拿铁,晴,FALSE,FALSE,16,13,208
5/14/2024,周二,芝士奶盖,雪,FALSE,FALSE,31,18,558
5/29/2024,周三,抹茶拿铁,雨,FALSE,FALSE,19,13,247
5/8/2024,周三,杨枝甘露,多云,FALSE,FALSE,20,22,440
5/7/2024,周二,冰美式,晴,FALSE,FALSE,23,13,299
4/8/2024,周一,珍珠奶茶,雨,FALSE,TRUE,32,14,448
3/17/2024,周日,抹茶拿铁,晴,TRUE,FALSE,35,17,595
3/24/2024,周日,珍珠奶茶,阴,TRUE,TRUE,50,15,750
5/20/2024,周一,珍珠奶茶,多云,FALSE,FALSE,18,12,216
3/16/2024,周六,可可奶茶,雪,TRUE,FALSE,47,13,611
4/18/2024,周四,抹茶拿铁,雨,FALSE,FALSE,30,14,420
3/8/2024,周五,冰美式,多云,FALSE,FALSE,17,20,340
3/31/2024,周日,杨枝甘露,晴,TRUE,TRUE,65,22,1430
3/5/2024,周二,柠檬茶,雨,FALSE,TRUE,48,20,960
3/26/2024,周二,水果茶,雪,FALSE,FALSE,15,14,210
3/10/2024,周日,珍珠奶茶,雨,TRUE,FALSE,39,14,546
4/29/2024,周一,青稞奶茶,雨,FALSE,FALSE,29,17,493
3/6/2024,周三,水果茶,雪,FALSE,FALSE,21,13,273
5/13/2024,周一,冰美式,雨,FALSE,FALSE,12,17,204
4/26/2024,周五,青稞奶茶,雪,FALSE,FALSE,22,11,242
4/22/2024,周一,芝士奶盖,晴,FALSE,FALSE,25,16,400
4/6/2024,周六,水果茶,晴,TRUE,FALSE,47,14,658
4/21/2024,周日,可可奶茶,雪,TRUE,FALSE,25,13,325
5/19/2024,周日,抹茶拿铁,阴,TRUE,FALSE,48,14,672
4/6/2024,周六,抹茶拿铁,晴,TRUE,TRUE,69,13,897
4/9/2024,周二,可可奶茶,雪,FALSE,FALSE,13,11,143
3/16/2024,周六,杨枝甘露,雨,TRUE,FALSE,44,21,924
4/30/2024,周二,柠檬茶,雪,FALSE,TRUE,46,18,828
3/18/2024,周一,芋泥波波,阴,FALSE,FALSE,26,14,364
4/6/2024,周六,青稞奶茶,雪,TRUE,FALSE,50,12,600
5/1/2024,周三,芝士奶盖,雪,FALSE,FALSE,26,17,442
3/25/2024,周一,柠檬茶,多云,FALSE,FALSE,28,10,280
4/30/2024,周二,水果茶,多云,FALSE,FALSE,22,12,264
5/15/2024,周三,芝士奶盖,阴,FALSE,TRUE,30,12,360
5/23/2024,周四,杨枝甘露,阴,FALSE,FALSE,16,20,320
4/20/2024,周六,芋泥波波,雪,TRUE,FALSE,40,20,800
5/2/2024,周四,可可奶茶,雪,FALSE,TRUE,41,14,574
3/12/2024,周二,水果茶,晴,FALSE,FALSE,-1,10,170
4/7/2024,周日,芝士奶盖,阴,TRUE,TRUE,60,19,1140
3/24/2024,周日,杨枝甘露,晴,TRUE,FALSE,36,22,792
5/3/2024,周五,冰美式,多云,FALSE,FALSE,18,17,306
3/2/2024,周六,抹茶拿铁,雪,TRUE,TRUE,56,19,1064
4/24/2024,周三,青稞奶茶,雨,FALSE,TRUE,47,11,517
5/13/2024,周一,芝士奶盖,雨,FALSE,TRUE,999,14,630
3/7/2024,周四,冰美式,雨,FALSE,FALSE,28,19,532
3/29/2024,周五,柠檬茶,多云,FALSE,FALSE,0,20,560
3/5/2024,周二,冰美式,多云,FALSE,TRUE,40,16,640
3/17/2024,周日,可可奶茶,雪,TRUE,FALSE,40,12,480
5/1/2024,周三,青稞奶茶,晴,FALSE,FALSE,21,12,252
3/29/2024,周五,水果茶,晴,FALSE,FALSE,21,14,294
4/28/2024,周日,芝士奶盖,雪,TRUE,FALSE,43,15,645
3/30/2024,周六,抹茶拿铁,雪,TRUE,FALSE,33,15,495
3/29/2024,周五,芋泥波波,雨,FALSE,FALSE,-1,12,300
4/8/2024,周一,抹茶拿铁,晴,FALSE,FALSE,21,12,252
4/17/2024,周三,可可奶茶,雪,FALSE,FALSE,25,16,400
5/2/2024,周四,冰美式,雨,FALSE,TRUE,41,17,697
3/31/2024,周日,芝士奶盖,雨,TRUE,FALSE,38,15,570
4/5/2024,周五,柠檬茶,阴,FALSE,TRUE,36,20,720
3/3/2024,周日,珍珠奶茶,多云,TRUE,FALSE,44,13,572
5/10/2024,周五,柠檬茶,多云,FALSE,FALSE,-1,19,342
3/17/2024,周日,可可奶茶,多云,TRUE,TRUE,45,10,450
3/31/2024,周日,冰美式,晴,TRUE,TRUE,47,16,752
3/9/2024,周六,抹茶拿铁,雨,TRUE,FALSE,40,17,680
5/18/2024,周六,珍珠奶茶,雨,TRUE,FALSE,41,12,492
4/21/2024,周日,水果茶,阴,TRUE,FALSE,35,11,385
4/11/2024,周四,冰美式,晴,FALSE,TRUE,43,19,817
4/11/2024,周四,水果茶,阴,FALSE,FALSE,25,11,275
3/15/2024,周五,可可奶茶,阴,FALSE,FALSE,19,16,304
4/28/2024,周日,水果茶,晴,TRUE,FALSE,43,20,860
3/20/2024,周三,抹茶拿铁,晴,FALSE,FALSE,13,16,208
4/17/2024,周三,杨枝甘露,雪,FALSE,FALSE,19,20,380
4/22/2024,周一,芝士奶盖,晴,FALSE,FALSE,32,14,448
5/13/2024,周一,可可奶茶,多云,FALSE,FALSE,19,11,209
5/11/2024,周六,芝士奶盖,雨,TRUE,FALSE,34,18,612
5/19/2024,周日,冰美式,雪,TRUE,TRUE,69,10,690
5/29/2024,周三,青稞奶茶,雨,FALSE,TRUE,41,20,820
3/19/2024,周二,珍珠奶茶,雪,FALSE,FALSE,18,15,270
4/17/2024,周三,青稞奶茶,雪,FALSE,FALSE,20,12,240
5/19/2024,周日,珍珠奶茶,雨,TRUE,FALSE,33,15,495
4/23/2024,周二,青稞奶茶,雪,FALSE,TRUE,33,14,462
5/15/2024,周三,抹茶拿铁,晴,FALSE,FALSE,0,10,280
3/28/2024,周四,杨枝甘露,雨,FALSE,FALSE,18,21,378
3/23/2024,周六,杨枝甘露,雪,TRUE,FALSE,45,22,990
4/15/2024,周一,芋泥波波,晴,FALSE,FALSE,29,11,319
5/13/2024,周一,水果茶,阴,FALSE,FALSE,28,10,280
3/22/2024,周五,冰美式,雨,FALSE,TRUE,38,16,608
5/7/2024,周二,芋泥波波,雨,FALSE,FALSE,25,15,375
3/10/2024,周日,可可奶茶,晴,TRUE,FALSE,48,15,720
5/22/2024,周三,杨枝甘露,晴,FALSE,TRUE,32,22,704
5/23/2024,周四,芋泥波波,阴,FALSE,FALSE,24,19,456
5/12/2024,周日,冰美式,雨,TRUE,TRUE,53,17,901
4/5/2024,周五,冰美式,雨,FALSE,FALSE,15,17,255
3/8/2024,周五,芝士奶盖,晴,FALSE,FALSE,20,19,380
4/19/2024,周五,抹茶拿铁,阴,FALSE,FALSE,20,20,400
5/17/2024,周五,抹茶拿铁,晴,FALSE,FALSE,19,11,209
3/23/2024,周六,珍珠奶茶,阴,TRUE,FALSE,40,13,520
4/6/2024,周六,水果茶,雨,TRUE,FALSE,38,20,760
3/9/2024,周六,芝士奶盖,雪,TRUE,FALSE,32,14,448
5/24/2024,周五,冰美式,雨,FALSE,TRUE,36,15,540
5/23/2024,周四,水果茶,雪,FALSE,FALSE,15,14,210
5/22/2024,周三,芝士奶盖,雪,FALSE,TRUE,40,18,720
4/16/2024,周二,青稞奶茶,多云,FALSE,FALSE,22,13,286
3/18/2024,周一,杨枝甘露,雨,FALSE,FALSE,13,22,286
5/7/2024,周二,珍珠奶茶,雪,FALSE,TRUE,38,13,494
5/28/2024,周二,冰美式,阴,FALSE,TRUE,40,13,520
5/18/2024,周六,青稞奶茶,多云,TRUE,FALSE,43,17,731
3/25/2024,周一,芝士奶盖,阴,FALSE,FALSE,30,18,540
3/21/2024,周四,柠檬茶,雨,FALSE,FALSE,24,18,432
5/31/2024,周五,可可奶茶,雨,FALSE,TRUE,29,17,493
3/19/2024,周二,水果茶,多云,FALSE,FALSE,17,10,170
4/20/2024,周六,可可奶茶,多云,TRUE,FALSE,37,15,555
4/10/2024,周三,芋泥波波,多云,FALSE,TRUE,41,12,492
4/30/2024,周二,抹茶拿铁,晴,FALSE,TRUE,25,18,450
5/17/2024,周五,可可奶茶,晴,FALSE,FALSE,26,14,364
3/31/2024,周日,水果茶,雪,TRUE,FALSE,46,17,782
3/3/2024,周日,可可奶茶,多云,TRUE,FALSE,0,16,752
3/31/2024,周日,冰美式,多云,TRUE,FALSE,39,18,702
3/9/2024,周六,可可奶茶,雪,TRUE,FALSE,0,18,900
3/6/2024,周三,水果茶,雨,FALSE,FALSE,26,11,286
5/24/2024,周五,芋泥波波,多云,FALSE,TRUE,43,20,860
5/27/2024,周一,抹茶拿铁,多云,FALSE,FALSE,-1,17,442
3/6/2024,周三,柠檬茶,雨,FALSE,FALSE,28,17,476
5/22/2024,周三,柠檬茶,雨,FALSE,FALSE,29,14,406
4/17/2024,周三,水果茶,阴,FALSE,FALSE,28,15,420
5/3/2024,周五,抹茶拿铁,雪,FALSE,FALSE,22,16,352
5/17/2024,周五,杨枝甘露,雨,FALSE,TRUE,44,20,880
5/17/2024,周五,水果茶,阴,FALSE,FALSE,15,15,225
4/25/2024,周四,青稞奶茶,晴,FALSE,FALSE,17,15,255
5/26/2024,周日,杨枝甘露,多云,TRUE,FALSE,-1,21,735
3/31/2024,周日,芝士奶盖,阴,TRUE,FALSE,36,19,684
4/27/2024,周六,芝士奶盖,阴,TRUE,FALSE,45,12,540
4/20/2024,周六,芝士奶盖,雨,TRUE,FALSE,46,10,460
5/3/2024,周五,可可奶茶,雪,FALSE,TRUE,43,13,559
4/6/2024,周六,抹茶拿铁,晴,TRUE,TRUE,49,12,588
4/26/2024,周五,芋泥波波,雨,FALSE,FALSE,28,18,504
4/8/2024,周一,杨枝甘露,雨,FALSE,FALSE,16,19,304
3/31/2024,周日,抹茶拿铁,雨,TRUE,FALSE,30,17,510
5/10/2024,周五,杨枝甘露,晴,FALSE,FALSE,19,22,418
4/22/2024,周一,冰美式,多云,FALSE,FALSE,22,11,242
5/27/2024,周一,可可奶茶,多云,FALSE,FALSE,29,20,580
3/17/2024,周日,水果茶,晴,TRUE,FALSE,49,12,588
3/21/2024,周四,芝士奶盖,雨,FALSE,FALSE,25,14,350
4/2/2024,周二,柠檬茶,多云,FALSE,FALSE,27,18,486
5/22/2024,周三,杨枝甘露,多云,FALSE,FALSE,23,20,460
5/12/2024,周日,珍珠奶茶,晴,TRUE,TRUE,54,14,756
5/13/2024,周一,水果茶,阴,FALSE,FALSE,18,14,252
4/8/2024,周一,抹茶拿铁,阴,FALSE,FALSE,18,10,180
4/23/2024,周二,抹茶拿铁,多云,FALSE,FALSE,26,15,390
4/10/2024,周三,芝士奶盖,多云,FALSE,FALSE,30,18,540
3/31/2024,周日,抹茶拿铁,雨,TRUE,FALSE,30,11,330
4/19/2024,周五,冰美式,多云,FALSE,FALSE,25,15,375
4/10/2024,周三,柠檬茶,阴,FALSE,FALSE,22,17,374
5/3/2024,周五,珍珠奶茶,阴,FALSE,FALSE,15,13,195
3/7/2024,周四,珍珠奶茶,阴,FALSE,FALSE,29,15,435
3/2/2024,周六,芋泥波波,多云,TRUE,FALSE,43,16,688
4/21/2024,周日,珍珠奶茶,雪,TRUE,TRUE,65,12,780
4/27/2024,周六,可可奶茶,雪,TRUE,FALSE,34,12,408
4/20/2024,周六,芝士奶盖,雪,TRUE,FALSE,37,13,481
4/21/2024,周日,可可奶茶,晴,TRUE,TRUE,48,18,864
5/17/2024,周五,可可奶茶,雨,FALSE,FALSE,19,12,228
5/18/2024,周六,青稞奶茶,雨,TRUE,FALSE,51,18,918
5/12/2024,周日,青稞奶茶,晴,TRUE,FALSE,50,11,550
5/14/2024,周二,青稞奶茶,雪,FALSE,FALSE,20,19,380
3/7/2024,周四,冰美式,多云,FALSE,FALSE,34,16,544
5/27/2024,周一,柠檬茶,雪,FALSE,FALSE,0,13,156
4/23/2024,周二,杨枝甘露,多云,FALSE,FALSE,32,21,672
3/8/2024,周五,杨枝甘露,雪,FALSE,FALSE,26,21,546
4/10/2024,周三,杨枝甘露,雪,FALSE,FALSE,29,20,580
3/25/2024,周一,柠檬茶,雪,FALSE,FALSE,22,14,308
5/28/2024,周二,抹茶拿铁,阴,FALSE,FALSE,24,14,336
5/26/2024,周日,可可奶茶,阴,TRUE,FALSE,999,14,546
3/11/2024,周一,芝士奶盖,雨,FALSE,FALSE,27,13,351
4/4/2024,周四,可可奶茶,多云,FALSE,TRUE,40,13,520
5/7/2024,周二,柠檬茶,晴,FALSE,TRUE,39,11,429
3/18/2024,周一,珍珠奶茶,阴,FALSE,FALSE,22,15,330
4/6/2024,周六,芝士奶盖,晴,TRUE,FALSE,35,20,700
5/8/2024,周三,珍珠奶茶,阴,FALSE,FALSE,17,12,204
4/20/2024,周六,抹茶拿铁,雨,TRUE,FALSE,30,14,420
3/14/2024,周四,芝士奶盖,阴,FALSE,FALSE,27,18,486
3/18/2024,周一,可可奶茶,雨,FALSE,TRUE,40,12,480
5/22/2024,周三,青稞奶茶,晴,FALSE,FALSE,19,19,361
3/25/2024,周一,杨枝甘露,阴,FALSE,FALSE,23,21,483
3/24/2024,周日,杨枝甘露,雨,TRUE,FALSE,40,20,800
4/27/2024,周六,青稞奶茶,雨,TRUE,FALSE,44,10,440
4/16/2024,周二,柠檬茶,晴,FALSE,FALSE,13,16,208
5/30/2024,周四,青稞奶茶,雨,FALSE,FALSE,16,13,208
5/1/2024,周三,杨枝甘露,雪,FALSE,FALSE,32,21,672
5/25/2024,周六,柠檬茶,雪,TRUE,FALSE,33,18,594
5/30/2024,周四,芝士奶盖,雪,FALSE,TRUE,38,13,494
3/20/2024,周三,杨枝甘露,雪,FALSE,FALSE,30,19,570
5/2/2024,周四,芋泥波波,晴,FALSE,FALSE,32,16,512
3/8/2024,周五,可可奶茶,雨,FALSE,FALSE,30,14,420
3/28/2024,周四,冰美式,晴,FALSE,FALSE,13,18,234
3/9/2024,周六,抹茶拿铁,雨,TRUE,FALSE,28,20,560
5/22/2024,周三,水果茶,阴,FALSE,FALSE,27,16,432
5/24/2024,周五,可可奶茶,雨,FALSE,TRUE,38,18,684
3/29/2024,周五,珍珠奶茶,雨,FALSE,FALSE,18,15,270
3/30/2024,周六,柠檬茶,雨,TRUE,FALSE,47,10,470
4/23/2024,周二,冰美式,多云,FALSE,FALSE,999,19,209
5/26/2024,周日,珍珠奶茶,晴,TRUE,FALSE,35,13,455
3/8/2024,周五,杨枝甘露,多云,FALSE,FALSE,28,20,560
5/26/2024,周日,芝士奶盖,雨,TRUE,FALSE,42,18,756
4/8/2024,周一,青稞奶茶,雪,FALSE,FALSE,13,20,260
5/11/2024,周六,抹茶拿铁,雨,TRUE,FALSE,36,16,576
4/10/2024,周三,水果茶,多云,FALSE,FALSE,25,18,450
3/29/2024,周五,青稞奶茶,阴,FALSE,FALSE,22,16,352
5/11/2024,周六,可可奶茶,阴,TRUE,FALSE,32,15,480
4/27/2024,周六,芝士奶盖,雪,TRUE,FALSE,30,10,300
5/26/2024,周日,冰美式,晴,TRUE,FALSE,47,19,893
5/11/2024,周六,柠檬茶,多云,TRUE,FALSE,45,14,630
3/2/2024,周六,柠檬茶,晴,TRUE,FALSE,38,13,494
5/30/2024,周四,柠檬茶,多云,FALSE,FALSE,26,16,416
5/23/2024,周四,芝士奶盖,雨,FALSE,FALSE,26,17,442
4/30/2024,周二,芝士奶盖,雨,FALSE,FALSE,16,19,304
3/19/2024,周二,珍珠奶茶,雪,FALSE,FALSE,27,15,405
3/26/2024,周二,芝士奶盖,阴,FALSE,FALSE,20,17,340
5/27/2024,周一,芝士奶盖,阴,FALSE,FALSE,28,17,476
4/15/2024,周一,杨枝甘露,雪,FALSE,FALSE,22,18,396
3/10/2024,周日,珍珠奶茶,阴,TRUE,TRUE,48,12,576
3/2/2024,周六,柠檬茶,阴,TRUE,FALSE,50,20,1000
5/18/2024,周六,抹茶拿铁,晴,TRUE,TRUE,999,10,640
4/5/2024,周五,可可奶茶,晴,FALSE,FALSE,29,16,464
3/23/2024,周六,芋泥波波,雪,TRUE,TRUE,50,18,900
4/15/2024,周一,青稞奶茶,晴,FALSE,FALSE,28,17,476
5/29/2024,周三,柠檬茶,晴,FALSE,FALSE,29,10,290
4/18/2024,周四,水果茶,晴,FALSE,FALSE,27,11,297
4/25/2024,周四,芝士奶盖,雪,FALSE,FALSE,16,13,208
5/28/2024,周二,冰美式,雨,FALSE,TRUE,46,14,644
5/12/2024,周日,珍珠奶茶,雨,TRUE,TRUE,52,13,676
5/31/2024,周五,水果茶,雨,FALSE,TRUE,34,16,544
5/9/2024,周四,芝士奶盖,多云,FALSE,FALSE,23,18,414
4/14/2024,周日,珍珠奶茶,阴,TRUE,FALSE,29,14,406
5/18/2024,周六,冰美式,雨,TRUE,TRUE,58,17,986
5/10/2024,周五,水果茶,多云,FALSE,FALSE,33,16,528
5/19/2024,周日,青稞奶茶,晴,TRUE,TRUE,50,20,1000
4/19/2024,周五,芝士奶盖,晴,FALSE,TRUE,42,15,630
3/14/2024,周四,杨枝甘露,多云,FALSE,FALSE,20,22,440
3/14/2024,周四,珍珠奶茶,雨,FALSE,FALSE,21,14,294
3/2/2024,周六,青稞奶茶,阴,TRUE,FALSE,46,13,598
3/22/2024,周五,水果茶,多云,FALSE,FALSE,19,17,323
3/22/2024,周五,水果茶,阴,FALSE,FALSE,19,15,285
4/1/2024,周一,抹茶拿铁,阴,FALSE,TRUE,30,16,480
5/19/2024,周日,水果茶,阴,TRUE,FALSE,45,19,855
4/11/2024,周四,冰美式,阴,FALSE,FALSE,22,15,330
5/28/2024,周二,抹茶拿铁,雨,FALSE,FALSE,23,15,345
5/12/2024,周日,柠檬茶,雪,TRUE,TRUE,61,17,1037
3/27/2024,周三,抹茶拿铁,晴,FALSE,FALSE,25,20,500
5/21/2024,周二,青稞奶茶,雨,FALSE,FALSE,23,16,368
5/16/2024,周四,抹茶拿铁,雪,FALSE,FALSE,0,18,504
5/29/2024,周三,可可奶茶,晴,FALSE,FALSE,22,20,440
5/22/2024,周三,冰美式,雪,FALSE,FALSE,21,20,420
4/12/2024,周五,水果茶,晴,FALSE,TRUE,34,18,612
5/28/2024,周二,冰美式,阴,FALSE,FALSE,24,20,480
5/4/2024,周六,杨枝甘露,晴,TRUE,FALSE,40,21,840
3/11/2024,周一,芋泥波波,雨,FALSE,FALSE,21,13,273
4/14/2024,周日,抹茶拿铁,阴,TRUE,FALSE,35,15,525
3/6/2024,周三,芋泥波波,雨,FALSE,FALSE,20,12,240
4/1/2024,周一,可可奶茶,雪,FALSE,TRUE,39,17,663
4/21/2024,周日,杨枝甘露,阴,TRUE,FALSE,39,19,741
4/24/2024,周三,水果茶,多云,FALSE,FALSE,11,19,209
5/8/2024,周三,杨枝甘露,雨,FALSE,TRUE,36,21,756
5/21/2024,周二,芝士奶盖,雪,FALSE,FALSE,23,15,345
4/28/2024,周日,冰美式,雨,TRUE,FALSE,39,11,429
4/10/2024,周三,芋泥波波,雨,FALSE,TRUE,34,18,612
5/16/2024,周四,杨枝甘露,阴,FALSE,TRUE,50,19,950
5/2/2024,周四,青稞奶茶,多云,FALSE,FALSE,21,19,399
4/15/2024,周一,珍珠奶茶,多云,FALSE,TRUE,49,15,735
5/2/2024,周四,水果茶,阴,FALSE,TRUE,43,13,559
4/5/2024,周五,柠檬茶,多云,FALSE,FALSE,28,17,476
3/15/2024,周五,冰美式,雨,FALSE,FALSE,18,18,324
3/6/2024,周三,抹茶拿铁,阴,FALSE,TRUE,39,14,546
3/5/2024,周二,抹茶拿铁,雨,FALSE,FALSE,19,17,323
3/16/2024,周六,柠檬茶,雪,TRUE,FALSE,40,20,800
5/18/2024,周六,杨枝甘露,多云,TRUE,FALSE,40,20,800
5/16/2024,周四,可可奶茶,雨,FALSE,FALSE,19,14,266
5/5/2024,周日,芋泥波波,阴,TRUE,FALSE,33,20,660
3/17/2024,周日,柠檬茶,雨,TRUE,FALSE,47,16,752
5/13/2024,周一,青稞奶茶,阴,FALSE,FALSE,33,11,363
4/5/2024,周五,芝士奶盖,阴,FALSE,FALSE,24,11,264
4/28/2024,周日,芝士奶盖,雪,TRUE,FALSE,33,13,429
4/11/2024,周四,青稞奶茶,雪,FALSE,FALSE,29,17,493
5/27/2024,周一,珍珠奶茶,晴,FALSE,FALSE,18,12,216
3/21/2024,周四,抹茶拿铁,晴,FALSE,FALSE,30,13,390
3/17/2024,周日,青稞奶茶,雨,TRUE,TRUE,49,11,539
5/23/2024,周四,杨枝甘露,阴,FALSE,FALSE,14,21,294
5/30/2024,周四,芋泥波波,多云,FALSE,FALSE,12,19,228
5/27/2024,周一,抹茶拿铁,晴,FALSE,FALSE,11,16,176
5/1/2024,周三,芋泥波波,阴,FALSE,TRUE,29,15,435
4/8/2024,周一,杨枝甘露,多云,FALSE,FALSE,32,19,608
5/12/2024,周日,珍珠奶茶,多云,TRUE,FALSE,47,13,611
5/18/2024,周六,抹茶拿铁,晴,TRUE,FALSE,33,11,363
4/19/2024,周五,芝士奶盖,雨,FALSE,FALSE,26,14,364
4/1/2024,周一,可可奶茶,晴,FALSE,FALSE,29,14,406
5/17/2024,周五,可可奶茶,阴,FALSE,FALSE,16,13,208
3/15/2024,周五,柠檬茶,雪,FALSE,TRUE,40,15,600
5/12/2024,周日,水果茶,雪,TRUE,FALSE,-1,11,473
3/2/2024,周六,青稞奶茶,晴,TRUE,FALSE,37,18,666
5/31/2024,周五,可可奶茶,阴,FALSE,FALSE,24,20,480
5/18/2024,周六,杨枝甘露,晴,TRUE,FALSE,41,19,779
3/20/2024,周三,可可奶茶,阴,FALSE,FALSE,30,20,600
4/9/2024,周二,水果茶,晴,FALSE,FALSE,23,11,253
5/17/2024,周五,珍珠奶茶,多云,FALSE,TRUE,31,13,403
4/14/2024,周日,可可奶茶,雨,TRUE,TRUE,57,11,627
3/4/2024,周一,芝士奶盖,雨,FALSE,FALSE,27,19,513
5/3/2024,周五,抹茶拿铁,晴,FALSE,FALSE,30,12,360
4/2/2024,周二,芋泥波波,多云,FALSE,FALSE,13,10,130
3/2/2024,周六,柠檬茶,阴,TRUE,FALSE,28,12,336
3/5/2024,周二,可可奶茶,多云,FALSE,FALSE,29,15,435
3/10/2024,周日,冰美式,晴,TRUE,FALSE,36,12,432
5/6/2024,周一,珍珠奶茶,晴,FALSE,FALSE,26,14,364
5/10/2024,周五,抹茶拿铁,雨,FALSE,FALSE,19,14,266
4/1/2024,周一,抹茶拿铁,雪,FALSE,FALSE,24,18,432
4/1/2024,周一,杨枝甘露,阴,FALSE,TRUE,33,18,594
3/1/2024,周五,水果茶,晴,FALSE,FALSE,22,16,352
3/8/2024,周五,杨枝甘露,晴,FALSE,TRUE,39,21,819
4/17/2024,周三,抹茶拿铁,雪,FALSE,TRUE,34,16,544
5/12/2024,周日,珍珠奶茶,多云,TRUE,FALSE,42,14,588
4/20/2024,周六,芝士奶盖,阴,TRUE,FALSE,36,13,468
5/14/2024,周二,芋泥波波,晴,FALSE,TRUE,36,16,576
4/15/2024,周一,柠檬茶,雨,FALSE,FALSE,37,11,407
5/27/2024,周一,青稞奶茶,多云,FALSE,FALSE,16,12,192
4/1/2024,周一,芝士奶盖,雪,FALSE,TRUE,0,12,480
4/27/2024,周六,可可奶茶,多云,TRUE,TRUE,-1,11,605
3/17/2024,周日,柠檬茶,雨,TRUE,FALSE,62,11,682
4/3/2024,周三,芋泥波波,晴,FALSE,TRUE,37,12,444
4/12/2024,周五,芋泥波波,阴,FALSE,TRUE,36,16,576
4/18/2024,周四,水果茶,雨,FALSE,FALSE,17,14,238
3/20/2024,周三,珍珠奶茶,雨,FALSE,FALSE,25,15,375
4/5/2024,周五,水果茶,阴,FALSE,TRUE,35,20,700
5/9/2024,周四,珍珠奶茶,雨,FALSE,FALSE,29,14,406
5/4/2024,周六,芝士奶盖,雨,TRUE,TRUE,0,13,793
3/8/2024,周五,抹茶拿铁,雪,FALSE,FALSE,23,11,253
3/31/2024,周日,青稞奶茶,晴,TRUE,FALSE,45,19,855
4/19/2024,周五,芝士奶盖,多云,FALSE,FALSE,20,15,300
3/4/2024,周一,芝士奶盖,雪,FALSE,FALSE,21,18,378
5/2/2024,周四,珍珠奶茶,晴,FALSE,FALSE,15,12,180
3/1/2024,周五,芝士奶盖,多云,FALSE,FALSE,18,15,270
3/19/2024,周二,冰美式,晴,FALSE,FALSE,19,11,209
5/24/2024,周五,水果茶,雨,FALSE,FALSE,15,12,180
4/25/2024,周四,抹茶拿铁,多云,FALSE,FALSE,28,19,532
3/29/2024,周五,冰美式,阴,FALSE,FALSE,19,12,228
3/1/2024,周五,冰美式,雪,FALSE,TRUE,46,19,874
5/12/2024,周日,芋泥波波,多云,TRUE,FALSE,41,13,533
4/10/2024,周三,杨枝甘露,雨,FALSE,FALSE,16,19,304
3/9/2024,周六,芝士奶盖,晴,TRUE,FALSE,33,16,528
4/23/2024,周二,杨枝甘露,阴,FALSE,FALSE,28,22,616
5/1/2024,周三,冰美式,多云,FALSE,FALSE,0,14,238
3/14/2024,周四,芋泥波波,多云,FALSE,FALSE,22,11,242
3/12/2024,周二,芝士奶盖,晴,FALSE,FALSE,35,12,420
4/25/2024,周四,杨枝甘露,晴,FALSE,FALSE,14,21,294
5/9/2024,周四,青稞奶茶,雨,FALSE,FALSE,19,16,304
5/2/2024,周四,杨枝甘露,雨,FALSE,TRUE,26,22,572
3/13/2024,周三,珍珠奶茶,多云,FALSE,FALSE,17,15,255
4/9/2024,周二,水果茶,阴,FALSE,FALSE,29,11,319
4/19/2024,周五,杨枝甘露,阴,FALSE,FALSE,28,18,504
4/29/2024,周一,青稞奶茶,雨,FALSE,FALSE,19,20,380
5/25/2024,周六,芝士奶盖,阴,TRUE,FALSE,51,13,663
4/19/2024,周五,可可奶茶,雪,FALSE,FALSE,30,19,570
4/30/2024,周二,青稞奶茶,阴,FALSE,FALSE,12,18,216
5/6/2024,周一,冰美式,晴,FALSE,FALSE,21,12,252
3/22/2024,周五,柠檬茶,多云,FALSE,TRUE,37,16,592
5/20/2024,周一,杨枝甘露,雨,FALSE,FALSE,19,18,342
4/20/2024,周六,可可奶茶,雨,TRUE,FALSE,35,19,665
4/23/2024,周二,芋泥波波,多云,FALSE,TRUE,51,11,561
5/12/2024,周日,芋泥波波,雪,TRUE,FALSE,40,14,560
5/2/2024,周四,冰美式,晴,FALSE,TRUE,43,19,817
5/28/2024,周二,水果茶,阴,FALSE,FALSE,0,13,208
4/4/2024,周四,芝士奶盖,雨,FALSE,FALSE,14,14,196
5/2/2024,周四,芋泥波波,多云,FALSE,FALSE,24,15,360
4/23/2024,周二,冰美式,多云,FALSE,FALSE,18,17,306
4/17/2024,周三,珍珠奶茶,晴,FALSE,FALSE,23,15,345
5/7/2024,周二,冰美式,多云,FALSE,TRUE,-1,13,299
4/16/2024,周二,柠檬茶,雨,FALSE,FALSE,40,11,440
3/31/2024,周日,芝士奶盖,雪,TRUE,FALSE,47,19,893
4/14/2024,周日,杨枝甘露,晴,TRUE,FALSE,39,18,702
5/13/2024,周一,柠檬茶,多云,FALSE,FALSE,21,20,420
3/3/2024,周日,珍珠奶茶,多云,TRUE,FALSE,49,12,588
5/17/2024,周五,青稞奶茶,阴,FALSE,FALSE,23,17,391
4/29/2024,周一,青稞奶茶,雪,FALSE,TRUE,50,15,750
5/16/2024,周四,冰美式,雨,FALSE,FALSE,26,11,286
4/5/2024,周五,芝士奶盖,雨,FALSE,FALSE,28,14,392
5/6/2024,周一,柠檬茶,雪,FALSE,FALSE,16,20,320
3/4/2024,周一,抹茶拿铁,雨,FALSE,FALSE,25,16,400
5/14/2024,周二,冰美式,雨,FALSE,FALSE,19,20,380
4/30/2024,周二,芝士奶盖,多云,FALSE,FALSE,27,12,324
4/30/2024,周二,杨枝甘露,雪,FALSE,FALSE,20,20,400
3/29/2024,周五,芝士奶盖,雨,FALSE,FALSE,22,15,330
4/7/2024,周日,抹茶拿铁,阴,TRUE,TRUE,57,19,1083
3/10/2024,周日,抹茶拿铁,雪,TRUE,TRUE,57,18,1026
3/7/2024,周四,杨枝甘露,多云,FALSE,FALSE,23,21,483
5/31/2024,周五,杨枝甘露,阴,FALSE,FALSE,14,20,280
3/1/2024,周五,抹茶拿铁,多云,FALSE,FALSE,20,19,380
5/2/2024,周四,芋泥波波,雪,FALSE,FALSE,20,16,320
5/1/2024,周三,水果茶,晴,FALSE,FALSE,15,10,150
5/7/2024,周二,柠檬茶,晴,FALSE,FALSE,13,13,169
4/14/2024,周日,青稞奶茶,晴,TRUE,FALSE,38,14,532
3/6/2024,周三,青稞奶茶,阴,FALSE,FALSE,28,18,504
5/27/2024,周一,杨枝甘露,阴,FALSE,FALSE,23,19,437
4/21/2024,周日,珍珠奶茶,多云,TRUE,FALSE,34,13,442
5/15/2024,周三,可可奶茶,晴,FALSE,FALSE,25,10,250
5/21/2024,周二,青稞奶茶,雪,FALSE,FALSE,21,11,231
3/3/2024,周日,珍珠奶茶,阴,TRUE,FALSE,29,14,406
3/20/2024,周三,柠檬茶,雨,FALSE,FALSE,31,18,558
5/17/2024,周五,杨枝甘露,晴,FALSE,FALSE,32,18,576
3/14/2024,周四,抹茶拿铁,雪,FALSE,TRUE,38,13,494
4/22/2024,周一,青稞奶茶,晴,FALSE,FALSE,18,17,306
3/1/2024,周五,珍珠奶茶,晴,FALSE,FALSE,22,15,330
3/12/2024,周二,可可奶茶,晴,FALSE,FALSE,22,13,286
4/7/2024,周日,青稞奶茶,晴,TRUE,TRUE,51,14,714
5/26/2024,周日,芝士奶盖,晴,TRUE,TRUE,48,12,576
3/22/2024,周五,芝士奶盖,阴,FALSE,FALSE,25,11,275
4/13/2024,周六,杨枝甘露,阴,TRUE,FALSE,35,20,700
5/28/2024,周二,抹茶拿铁,多云,FALSE,TRUE,35,11,385
5/15/2024,周三,抹茶拿铁,多云,FALSE,FALSE,999,19,551
3/17/2024,周日,抹茶拿铁,晴,TRUE,FALSE,47,10,470
5/23/2024,周四,芝士奶盖,雪,FALSE,FALSE,19,19,361
5/25/2024,周六,芝士奶盖,雪,TRUE,FALSE,50,11,550
4/1/2024,周一,抹茶拿铁,阴,FALSE,TRUE,-1,10,480
5/4/2024,周六,抹茶拿铁,多云,TRUE,TRUE,62,13,806
4/5/2024,周五,珍珠奶茶,雪,FALSE,FALSE,23,13,299
4/26/2024,周五,冰美式,晴,FALSE,FALSE,31,15,465
5/3/2024,周五,珍珠奶茶,阴,FALSE,FALSE,21,12,252
5/17/2024,周五,冰美式,雪,FALSE,FALSE,29,20,580
4/13/2024,周六,芝士奶盖,多云,TRUE,FALSE,31,18,558
5/16/2024,周四,抹茶拿铁,阴,FALSE,TRUE,44,10,440
5/21/2024,周二,青稞奶茶,晴,FALSE,TRUE,40,12,480
4/22/2024,周一,芋泥波波,雪,FALSE,TRUE,35,13,455
3/25/2024,周一,芝士奶盖,阴,FALSE,TRUE,43,19,817
4/27/2024,周六,抹茶拿铁,雪,TRUE,TRUE,60,18,1080
5/10/2024,周五,水果茶,雪,FALSE,FALSE,27,19,513
3/17/2024,周日,芋泥波波,雪,TRUE,FALSE,42,18,756
4/23/2024,周二,冰美式,雨,FALSE,FALSE,22,14,308
3/18/2024,周一,杨枝甘露,雪,FALSE,FALSE,31,20,620
5/10/2024,周五,芝士奶盖,多云,FALSE,FALSE,20,20,400
5/26/2024,周日,杨枝甘露,多云,TRUE,FALSE,55,20,1100
4/15/2024,周一,可可奶茶,雪,FALSE,FALSE,35,16,560
5/8/2024,周三,青稞奶茶,晴,FALSE,FALSE,23,16,368
5/25/2024,周六,珍珠奶茶,雨,TRUE,FALSE,33,14,462
3/19/2024,周二,珍珠奶茶,多云,FALSE,FALSE,19,14,266
3/14/2024,周四,冰美式,雪,FALSE,FALSE,25,14,350
3/7/2024,周四,水果茶,阴,FALSE,FALSE,32,15,480
3/7/2024,周四,珍珠奶茶,多云,FALSE,FALSE,25,13,325
5/30/2024,周四,芝士奶盖,多云,FALSE,FALSE,18,20,360
3/23/2024,周六,可可奶茶,阴,TRUE,TRUE,50,14,700
5/14/2024,周二,青稞奶茶,雨,FALSE,FALSE,12,10,120
4/11/2024,周四,冰美式,雪,FALSE,FALSE,15,17,255
5/10/2024,周五,芝士奶盖,雨,FALSE,FALSE,14,18,252
5/4/2024,周六,杨枝甘露,雪,TRUE,FALSE,39,20,780
3/28/2024,周四,芝士奶盖,雨,FALSE,FALSE,29,18,522
5/11/2024,周六,珍珠奶茶,雨,TRUE,FALSE,38,13,494
5/27/2024,周一,芝士奶盖,晴,FALSE,FALSE,999,14,420
4/17/2024,周三,可可奶茶,阴,FALSE,TRUE,47,15,705
3/13/2024,周三,杨枝甘露,晴,FALSE,FALSE,20,19,380
4/24/2024,周三,芋泥波波,雪,FALSE,FALSE,22,20,440
3/10/2024,周日,杨枝甘露,阴,TRUE,FALSE,25,18,450
3/23/2024,周六,青稞奶茶,晴,TRUE,FALSE,45,14,630
4/27/2024,周六,水果茶,雨,TRUE,TRUE,999,18,1062
5/19/2024,周日,芋泥波波,晴,TRUE,FALSE,44,15,660
3/14/2024,周四,青稞奶茶,雪,FALSE,TRUE,42,16,672
3/4/2024,周一,抹茶拿铁,雪,FALSE,FALSE,21,18,378
5/21/2024,周二,杨枝甘露,雨,FALSE,FALSE,19,22,418
3/19/2024,周二,芋泥波波,晴,FALSE,FALSE,17,18,306
3/11/2024,周一,青稞奶茶,雨,FALSE,FALSE,26,18,468
3/24/2024,周日,柠檬茶,雨,TRUE,TRUE,81,10,810
5/10/2024,周五,抹茶拿铁,雨,FALSE,FALSE,16,11,176
5/14/2024,周二,抹茶拿铁,雨,FALSE,TRUE,43,11,473
3/9/2024,周六,柠檬茶,阴,TRUE,FALSE,44,20,880
5/14/2024,周二,杨枝甘露,雨,FALSE,FALSE,23,18,414
3/29/2024,周五,水果茶,雨,FALSE,TRUE,40,17,680
4/9/2024,周二,抹茶拿铁,多云,FALSE,FALSE,14,14,196
3/18/2024,周一,可可奶茶,雨,FALSE,FALSE,26,11,286
3/3/2024,周日,可可奶茶,晴,TRUE,FALSE,54,16,864
3/28/2024,周四,珍珠奶茶,雪,FALSE,FALSE,26,15,390
3/20/2024,周三,芝士奶盖,多云,FALSE,FALSE,31,14,434
5/4/2024,周六,可可奶茶,阴,TRUE,FALSE,27,20,540
5/18/2024,周六,杨枝甘露,多云,TRUE,FALSE,43,22,946
5/24/2024,周五,杨枝甘露,雨,FALSE,TRUE,45,18,810
3/30/2024,周六,珍珠奶茶,雪,TRUE,FALSE,36,15,540
4/28/2024,周日,珍珠奶茶,雨,TRUE,TRUE,54,14,756
4/3/2024,周三,冰美式,阴,FALSE,FALSE,20,19,380
3/10/2024,周日,可可奶茶,阴,TRUE,FALSE,36,18,648
4/14/2024,周日,抹茶拿铁,雪,TRUE,TRUE,59,12,708
5/5/2024,周日,青稞奶茶,多云,TRUE,TRUE,55,11,605
4/23/2024,周二,芝士奶盖,阴,FALSE,FALSE,20,13,260
5/22/2024,周三,水果茶,多云,FALSE,TRUE,38,12,456
5/5/2024,周日,珍珠奶茶,多云,TRUE,TRUE,59,15,885
5/12/2024,周日,珍珠奶茶,晴,TRUE,FALSE,43,15,645
3/22/2024,周五,柠檬茶,雪,FALSE,TRUE,44,19,836
4/3/2024,周三,杨枝甘露,阴,FALSE,FALSE,21,19,399
3/17/2024,周日,芋泥波波,多云,TRUE,FALSE,33,20,660
3/20/2024,周三,冰美式,多云,FALSE,FALSE,999,19,418
5/4/2024,周六,芋泥波波,阴,TRUE,FALSE,36,18,648
5/26/2024,周日,水果茶,阴,TRUE,FALSE,41,18,738
5/1/2024,周三,水果茶,雪,FALSE,FALSE,30,11,330
4/2/2024,周二,抹茶拿铁,晴,FALSE,FALSE,25,16,400
3/1/2024,周五,珍珠奶茶,雪,FALSE,TRUE,36,14,504
3/14/2024,周四,杨枝甘露,雪,FALSE,FALSE,31,21,651
5/18/2024,周六,青稞奶茶,多云,TRUE,FALSE,45,17,765
5/11/2024,周六,可可奶茶,雨,TRUE,FALSE,49,15,735
4/20/2024,周六,杨枝甘露,多云,TRUE,FALSE,30,18,540
4/21/2024,周日,芝士奶盖,雪,TRUE,FALSE,42,12,504
5/21/2024,周二,珍珠奶茶,多云,FALSE,FALSE,21,15,315
4/3/2024,周三,柠檬茶,晴,FALSE,FALSE,27,16,432
5/6/2024,周一,青稞奶茶,多云,FALSE,FALSE,18,10,180
5/24/2024,周五,可可奶茶,多云,FALSE,TRUE,46,18,828
5/18/2024,周六,杨枝甘露,雨,TRUE,FALSE,26,19,494
4/5/2024,周五,水果茶,阴,FALSE,FALSE,999,18,432
3/9/2024,周六,芋泥波波,雨,TRUE,FALSE,50,19,950
4/5/2024,周五,柠檬茶,阴,FALSE,FALSE,25,10,250
4/22/2024,周一,可可奶茶,雪,FALSE,TRUE,32,11,352
4/2/2024,周二,可可奶茶,阴,FALSE,FALSE,27,17,459
4/13/2024,周六,抹茶拿铁,雪,TRUE,FALSE,46,11,506
4/18/2024,周四,柠檬茶,雨,FALSE,FALSE,0,18,648
4/1/2024,周一,青稞奶茶,阴,FALSE,FALSE,17,11,187
3/23/2024,周六,抹茶拿铁,雨,TRUE,FALSE,44,14,616
5/27/2024,周一,柠檬茶,多云,FALSE,FALSE,28,14,392
3/26/2024,周二,柠檬茶,多云,FALSE,FALSE,22,11,242
5/24/2024,周五,抹茶拿铁,雪,FALSE,FALSE,17,15,255
5/3/2024,周五,冰美式,阴,FALSE,TRUE,40,16,640
5/13/2024,周一,杨枝甘露,雪,FALSE,FALSE,0,22,396
4/20/2024,周六,杨枝甘露,晴,TRUE,FALSE,46,20,920
3/2/2024,周六,柠檬茶,雪,TRUE,TRUE,61,14,854
4/3/2024,周三,柠檬茶,阴,FALSE,FALSE,23,15,345
4/24/2024,周三,柠檬茶,雨,FALSE,FALSE,37,17,629
3/17/2024,周日,冰美式,晴,TRUE,FALSE,35,18,630
4/18/2024,周四,柠檬茶,多云,FALSE,FALSE,14,12,168
3/18/2024,周一,可可奶茶,阴,FALSE,FALSE,-1,19,532
5/28/2024,周二,杨枝甘露,多云,FALSE,FALSE,18,18,324
4/12/2024,周五,青稞奶茶,雨,FALSE,FALSE,-1,15,375
4/14/2024,周日,冰美式,雪,TRUE,FALSE,41,18,738
4/6/2024,周六,芝士奶盖,雪,TRUE,FALSE,42,11,462
4/6/2024,周六,抹茶拿铁,多云,TRUE,FALSE,55,15,825
5/18/2024,周六,冰美式,晴,TRUE,TRUE,55,15,825
4/7/2024,周日,青稞奶茶,阴,TRUE,FALSE,51,15,765
5/6/2024,周一,抹茶拿铁,多云,FALSE,TRUE,35,13,455
5/29/2024,周三,芋泥波波,多云,FALSE,FALSE,17,11,187
4/30/2024,周二,可可奶茶,晴,FALSE,FALSE,19,11,209
5/19/2024,周日,杨枝甘露,阴,TRUE,FALSE,30,20,600
3/17/2024,周日,杨枝甘露,多云,TRUE,TRUE,66,20,1320
4/29/2024,周一,可可奶茶,雪,FALSE,FALSE,26,12,312
4/28/2024,周日,冰美式,雪,TRUE,FALSE,46,14,644
5/1/2024,周三,可可奶茶,晴,FALSE,FALSE,22,16,352
4/8/2024,周一,珍珠奶茶,雪,FALSE,FALSE,12,14,168
5/8/2024,周三,珍珠奶茶,阴,FALSE,FALSE,31,14,434
3/1/2024,周五,可可奶茶,多云,FALSE,FALSE,29,16,464
3/21/2024,周四,水果茶,多云,FALSE,FALSE,28,20,560
5/18/2024,周六,青稞奶茶,雪,TRUE,FALSE,40,13,520
3/24/2024,周日,杨枝甘露,晴,TRUE,FALSE,43,21,903
5/19/2024,周日,抹茶拿铁,雨,TRUE,TRUE,49,10,490
3/14/2024,周四,青稞奶茶,多云,FALSE,FALSE,18,13,234
3/2/2024,周六,抹茶拿铁,雨,TRUE,FALSE,38,15,570
3/5/2024,周二,芝士奶盖,多云,FALSE,TRUE,29,18,522
3/25/2024,周一,青稞奶茶,晴,FALSE,TRUE,41,17,697
3/5/2024,周二,柠檬茶,晴,FALSE,FALSE,27,17,459
4/9/2024,周二,芝士奶盖,晴,FALSE,FALSE,23,18,414
5/1/2024,周三,青稞奶茶,雨,FALSE,FALSE,26,13,338
3/31/2024,周日,水果茶,晴,TRUE,TRUE,58,11,638
4/1/2024,周一,珍珠奶茶,雪,FALSE,FALSE,18,13,234
3/12/2024,周二,柠檬茶,阴,FALSE,TRUE,39,20,780
4/15/2024,周一,杨枝甘露,多云,FALSE,FALSE,18,22,396
4/14/2024,周日,抹茶拿铁,晴,TRUE,FALSE,36,12,432
3/6/2024,周三,抹茶拿铁,雪,FALSE,FALSE,31,13,403
5/9/2024,周四,芝士奶盖,阴,FALSE,FALSE,29,18,522
5/7/2024,周二,杨枝甘露,雨,FALSE,FALSE,32,20,640
5/21/2024,周二,可可奶茶,多云,FALSE,FALSE,31,15,465
3/31/2024,周日,芝士奶盖,雪,TRUE,FALSE,30,18,540
5/10/2024,周五,杨枝甘露,雨,FALSE,FALSE,24,18,432
5/24/2024,周五,芋泥波波,多云,FALSE,TRUE,24,11,264
3/13/2024,周三,珍珠奶茶,阴,FALSE,FALSE,-1,14,434
5/17/2024,周五,芋泥波波,多云,FALSE,FALSE,11,17,187
3/8/2024,周五,芝士奶盖,雨,FALSE,FALSE,23,19,437
3/6/2024,周三,芋泥波波,晴,FALSE,FALSE,27,11,297
3/30/2024,周六,可可奶茶,多云,TRUE,TRUE,60,19,1140
3/23/2024,周六,可可奶茶,阴,TRUE,FALSE,52,19,988
4/28/2024,周日,水果茶,多云,TRUE,FALSE,36,16,576
5/24/2024,周五,杨枝甘露,雨,FALSE,FALSE,32,20,640
4/22/2024,周一,水果茶,雪,FALSE,FALSE,28,13,364
5/10/2024,周五,青稞奶茶,阴,FALSE,FALSE,27,10,270
4/6/2024,周六,冰美式,雪,TRUE,TRUE,39,14,546
3/28/2024,周四,芝士奶盖,雨,FALSE,FALSE,18,18,324
5/13/2024,周一,杨枝甘露,晴,FALSE,FALSE,15,19,285
5/14/2024,周二,柠檬茶,雨,FALSE,TRUE,51,13,663
4/11/2024,周四,抹茶拿铁,阴,FALSE,FALSE,24,11,264
4/8/2024,周一,珍珠奶茶,晴,FALSE,FALSE,27,14,378
4/25/2024,周四,水果茶,多云,FALSE,FALSE,22,10,220
5/20/2024,周一,水果茶,雨,FALSE,FALSE,16,18,288
4/11/2024,周四,可可奶茶,多云,FALSE,TRUE,40,19,760
3/12/2024,周二,柠檬茶,雨,FALSE,TRUE,50,17,850
3/7/2024,周四,可可奶茶,雨,FALSE,TRUE,46,12,552
5/1/2024,周三,可可奶茶,阴,FALSE,FALSE,25,13,325
5/7/2024,周二,柠檬茶,晴,FALSE,FALSE,23,15,345
5/13/2024,周一,芋泥波波,阴,FALSE,FALSE,18,13,234
5/16/2024,周四,珍珠奶茶,多云,FALSE,FALSE,28,15,420
4/26/2024,周五,珍珠奶茶,多云,FALSE,FALSE,19,12,228
3/7/2024,周四,柠檬茶,雨,FALSE,FALSE,20,14,280
3/3/2024,周日,芝士奶盖,雪,TRUE,FALSE,39,18,702
5/10/2024,周五,抹茶拿铁,晴,FALSE,FALSE,-1,18,432
3/8/2024,周五,青稞奶茶,雪,FALSE,FALSE,23,20,460
3/9/2024,周六,水果茶,雨,TRUE,FALSE,33,14,462
5/23/2024,周四,水果茶,阴,FALSE,FALSE,18,15,270
5/16/2024,周四,可可奶茶,多云,FALSE,TRUE,999,10,370
4/9/2024,周二,芝士奶盖,阴,FALSE,FALSE,25,15,375
4/15/2024,周一,青稞奶茶,雪,FALSE,FALSE,17,20,340
4/19/2024,周五,珍珠奶茶,多云,FALSE,TRUE,44,13,572
4/18/2024,周四,可可奶茶,阴,FALSE,FALSE,19,16,304
5/17/2024,周五,芝士奶盖,雪,FALSE,TRUE,46,19,874
3/26/2024,周二,杨枝甘露,雪,FALSE,FALSE,25,19,475
5/12/2024,周日,杨枝甘露,晴,TRUE,FALSE,36,19,684
3/19/2024,周二,珍珠奶茶,阴,FALSE,FALSE,24,15,360
5/21/2024,周二,青稞奶茶,多云,FALSE,TRUE,26,19,494
5/17/2024,周五,冰美式,雪,FALSE,FALSE,27,10,270
5/28/2024,周二,抹茶拿铁,雪,FALSE,FALSE,21,20,420
4/19/2024,周五,抹茶拿铁,多云,FALSE,TRUE,38,16,608
3/2/2024,周六,青稞奶茶,多云,TRUE,FALSE,41,13,533
4/26/2024,周五,冰美式,雨,FALSE,FALSE,28,16,448
3/6/2024,周三,冰美式,雨,FALSE,FALSE,31,19,589
5/22/2024,周三,珍珠奶茶,阴,FALSE,FALSE,13,13,169
4/20/2024,周六,珍珠奶茶,阴,TRUE,FALSE,52,12,624
4/26/2024,周五,水果茶,雨,FALSE,FALSE,25,14,350
3/7/2024,周四,可可奶茶,阴,FALSE,FALSE,21,11,231
3/15/2024,周五,杨枝甘露,阴,FALSE,FALSE,21,18,378
5/15/2024,周三,柠檬茶,晴,FALSE,FALSE,34,12,408
3/16/2024,周六,芋泥波波,阴,TRUE,FALSE,29,18,522
5/5/2024,周日,冰美式,阴,TRUE,FALSE,30,12,360
5/12/2024,周日,杨枝甘露,多云,TRUE,TRUE,46,20,920
4/27/2024,周六,青稞奶茶,多云,TRUE,TRUE,60,10,600
4/2/2024,周二,珍珠奶茶,阴,FALSE,FALSE,32,12,384
5/3/2024,周五,柠檬茶,雪,FALSE,FALSE,23,16,368
5/16/2024,周四,冰美式,多云,FALSE,FALSE,14,19,266
3/27/2024,周三,珍珠奶茶,多云,FALSE,TRUE,30,13,390
5/25/2024,周六,冰美式,雨,TRUE,FALSE,45,10,450
3/23/2024,周六,杨枝甘露,雪,TRUE,FALSE,43,22,946
3/23/2024,周六,抹茶拿铁,雨,TRUE,FALSE,44,14,616
4/18/2024,周四,芋泥波波,雪,FALSE,TRUE,42,11,462
4/5/2024,周五,芝士奶盖,雪,FALSE,FALSE,26,19,494
5/13/2024,周一,可可奶茶,阴,FALSE,FALSE,21,14,294
4/10/2024,周三,青稞奶茶,多云,FALSE,FALSE,28,18,504
5/3/2024,周五,抹茶拿铁,雪,FALSE,FALSE,-1,13,247
4/29/2024,周一,芋泥波波,雪,FALSE,FALSE,22,10,220
5/11/2024,周六,柠檬茶,多云,TRUE,FALSE,29,11,319
5/4/2024,周六,可可奶茶,晴,TRUE,TRUE,55,16,880
5/18/2024,周六,珍珠奶茶,多云,TRUE,FALSE,35,15,525
3/5/2024,周二,杨枝甘露,多云,FALSE,FALSE,33,20,660
4/22/2024,周一,珍珠奶茶,雪,FALSE,FALSE,24,12,288
5/27/2024,周一,芝士奶盖,晴,FALSE,FALSE,25,10,250
4/18/2024,周四,可可奶茶,雪,FALSE,FALSE,17,19,323
4/9/2024,周二,芝士奶盖,雨,FALSE,FALSE,18,13,234
4/8/2024,周一,柠檬茶,多云,FALSE,TRUE,32,11,352
3/4/2024,周一,抹茶拿铁,多云,FALSE,FALSE,21,18,378
4/11/2024,周四,杨枝甘露,雪,FALSE,FALSE,15,19,285
4/28/2024,周日,水果茶,晴,TRUE,TRUE,61,19,1159
4/12/2024,周五,抹茶拿铁,晴,FALSE,FALSE,0,14,294
5/21/2024,周二,柠檬茶,多云,FALSE,TRUE,42,15,630
5/25/2024,周六,芋泥波波,多云,TRUE,TRUE,44,19,836
3/14/2024,周四,柠檬茶,雪,FALSE,FALSE,23,14,322
3/22/2024,周五,芋泥波波,雪,FALSE,FALSE,27,17,459
3/4/2024,周一,抹茶拿铁,晴,FALSE,FALSE,12,16,192
5/30/2024,周四,冰美式,雪,FALSE,FALSE,29,13,377
5/25/2024,周六,可可奶茶,阴,TRUE,FALSE,28,17,476
4/9/2024,周二,抹茶拿铁,多云,FALSE,FALSE,27,19,513
4/16/2024,周二,水果茶,雨,FALSE,FALSE,20,17,340
3/9/2024,周六,抹茶拿铁,雨,TRUE,FALSE,30,14,420
5/17/2024,周五,冰美式,雪,FALSE,TRUE,30,18,540
4/8/2024,周一,可可奶茶,阴,FALSE,FALSE,27,19,513
3/21/2024,周四,抹茶拿铁,晴,FALSE,FALSE,31,16,496
4/25/2024,周四,冰美式,雪,FALSE,FALSE,22,20,440
5/31/2024,周五,冰美式,晴,FALSE,FALSE,32,15,480
4/26/2024,周五,杨枝甘露,阴,FALSE,TRUE,40,22,880
4/18/2024,周四,芝士奶盖,晴,FALSE,TRUE,46,20,920
3/19/2024,周二,杨枝甘露,雪,FALSE,FALSE,33,22,726
3/27/2024,周三,芝士奶盖,雪,FALSE,FALSE,29,14,406
4/25/2024,周四,芝士奶盖,雪,FALSE,TRUE,36,12,432
3/8/2024,周五,芝士奶盖,晴,FALSE,FALSE,16,11,176
3/4/2024,周一,柠檬茶,雪,FALSE,FALSE,28,16,448
4/25/2024,周四,可可奶茶,多云,FALSE,FALSE,19,18,342
4/16/2024,周二,水果茶,雨,FALSE,FALSE,24,12,288
3/10/2024,周日,珍珠奶茶,阴,TRUE,FALSE,31,12,372
4/23/2024,周二,抹茶拿铁,雪,FALSE,TRUE,47,18,846
4/19/2024,周五,芝士奶盖,多云,FALSE,FALSE,17,19,323
3/31/2024,周日,可可奶茶,阴,TRUE,FALSE,-1,15,630
5/12/2024,周日,抹茶拿铁,晴,TRUE,FALSE,37,12,444
5/7/2024,周二,青稞奶茶,雪,FALSE,TRUE,44,13,572
5/24/2024,周五,芋泥波波,雪,FALSE,TRUE,42,10,420
5/5/2024,周日,抹茶拿铁,雨,TRUE,FALSE,47,14,658
5/28/2024,周二,冰美式,雪,FALSE,FALSE,29,17,493
5/13/2024,周一,珍珠奶茶,雪,FALSE,TRUE,37,13,481
4/5/2024,周五,青稞奶茶,雪,FALSE,FALSE,18,10,180
5/17/2024,周五,杨枝甘露,阴,FALSE,FALSE,16,20,320
3/31/2024,周日,抹茶拿铁,雪,TRUE,FALSE,35,11,385
5/16/2024,周四,杨枝甘露,阴,FALSE,FALSE,28,21,588
3/22/2024,周五,柠檬茶,晴,FALSE,FALSE,22,10,220
4/21/2024,周日,抹茶拿铁,阴,TRUE,FALSE,42,13,546
5/30/2024,周四,水果茶,雨,FALSE,TRUE,41,14,574
4/27/2024,周六,水果茶,雪,TRUE,FALSE,35,11,385
5/21/2024,周二,芝士奶盖,雪,FALSE,FALSE,27,15,405
3/13/2024,周三,青稞奶茶,阴,FALSE,FALSE,25,20,500
3/25/2024,周一,可可奶茶,多云,FALSE,FALSE,-1,20,400
3/2/2024,周六,水果茶,雪,TRUE,TRUE,50,13,650
4/2/2024,周二,柠檬茶,晴,FALSE,FALSE,11,19,209
3/28/2024,周四,冰美式,晴,FALSE,TRUE,34,16,544
5/22/2024,周三,冰美式,晴,FALSE,FALSE,19,14,266
3/10/2024,周日,抹茶拿铁,阴,TRUE,FALSE,43,15,645
3/10/2024,周日,青稞奶茶,阴,TRUE,FALSE,26,14,364
4/3/2024,周三,杨枝甘露,晴,FALSE,FALSE,27,22,594
5/22/2024,周三,抹茶拿铁,多云,FALSE,FALSE,19,13,247
3/14/2024,周四,抹茶拿铁,晴,FALSE,TRUE,38,14,532
3/3/2024,周日,抹茶拿铁,晴,TRUE,FALSE,39,16,624
5/29/2024,周三,芝士奶盖,雪,FALSE,TRUE,46,16,736
3/9/2024,周六,可可奶茶,晴,TRUE,FALSE,39,11,429
4/15/2024,周一,芝士奶盖,阴,FALSE,TRUE,40,15,600
4/13/2024,周六,芋泥波波,雨,TRUE,FALSE,0,18,738
5/24/2024,周五,柠檬茶,阴,FALSE,FALSE,29,15,435
5/20/2024,周一,抹茶拿铁,多云,FALSE,TRUE,35,13,455
3/9/2024,周六,可可奶茶,雨,TRUE,FALSE,-1,10,520
4/13/2024,周六,珍珠奶茶,晴,TRUE,FALSE,47,15,705
5/8/2024,周三,杨枝甘露,晴,FALSE,TRUE,36,18,648
5/19/2024,周日,珍珠奶茶,多云,TRUE,TRUE,52,14,728
3/13/2024,周三,抹茶拿铁,雪,FALSE,TRUE,27,17,459
5/18/2024,周六,柠檬茶,多云,TRUE,FALSE,37,16,592
5/27/2024,周一,冰美式,雨,FALSE,FALSE,17,10,170
4/12/2024,周五,芋泥波波,雨,FALSE,TRUE,31,15,465
4/26/2024,周五,柠檬茶,多云,FALSE,TRUE,40,16,640
3/3/2024,周日,抹茶拿铁,晴,TRUE,TRUE,48,19,912
4/23/2024,周二,抹茶拿铁,多云,FALSE,TRUE,36,17,612
3/23/2024,周六,冰美式,雪,TRUE,TRUE,52,11,572
4/8/2024,周一,芝士奶盖,晴,FALSE,FALSE,26,11,286
3/13/2024,周三,冰美式,雪,FALSE,FALSE,28,20,560
4/5/2024,周五,珍珠奶茶,晴,FALSE,FALSE,26,15,390
3/21/2024,周四,珍珠奶茶,雨,FALSE,FALSE,17,14,238
4/28/2024,周日,珍珠奶茶,晴,TRUE,FALSE,30,13,390
5/2/2024,周四,可可奶茶,晴,FALSE,FALSE,20,19,380
4/23/2024,周二,柠檬茶,多云,FALSE,FALSE,25,13,325
4/22/2024,周一,柠檬茶,多云,FALSE,TRUE,48,10,480
3/19/2024,周二,柠檬茶,多云,FALSE,FALSE,26,17,442
5/20/2024,周一,芝士奶盖,多云,FALSE,FALSE,18,19,342
3/18/2024,周一,芋泥波波,阴,FALSE,FALSE,29,13,377
5/17/2024,周五,杨枝甘露,雪,FALSE,FALSE,18,18,324
5/6/2024,周一,抹茶拿铁,雪,FALSE,FALSE,0,14,322
4/1/2024,周一,柠檬茶,阴,FALSE,FALSE,29,12,348
3/1/2024,周五,水果茶,晴,FALSE,FALSE,19,10,190
4/20/2024,周六,抹茶拿铁,阴,TRUE,FALSE,29,18,522
5/28/2024,周二,水果茶,多云,FALSE,FALSE,19,20,380
3/3/2024,周日,抹茶拿铁,多云,TRUE,FALSE,0,19,817
4/29/2024,周一,杨枝甘露,多云,FALSE,FALSE,27,21,567
3/1/2024,周五,芋泥波波,雨,FALSE,FALSE,26,16,416
5/29/2024,周三,冰美式,晴,FALSE,FALSE,21,10,210
5/26/2024,周日,芝士奶盖,晴,TRUE,FALSE,0,19,627
3/23/2024,周六,可可奶茶,雪,TRUE,FALSE,30,12,360
3/31/2024,周日,可可奶茶,阴,TRUE,FALSE,37,13,481
3/29/2024,周五,芝士奶盖,雨,FALSE,FALSE,27,14,378
4/17/2024,周三,芝士奶盖,阴,FALSE,FALSE,25,17,425
5/26/2024,周日,可可奶茶,阴,TRUE,FALSE,44,11,484
4/28/2024,周日,芋泥波波,阴,TRUE,FALSE,31,11,341
4/5/2024,周五,芋泥波波,阴,FALSE,TRUE,0,20,700
5/27/2024,周一,可可奶茶,阴,FALSE,FALSE,-1,20,420
3/9/2024,周六,珍珠奶茶,雪,TRUE,FALSE,38,14,532
4/11/2024,周四,抹茶拿铁,阴,FALSE,FALSE,26,14,364
4/3/2024,周三,柠檬茶,雨,FALSE,FALSE,34,12,408
4/28/2024,周日,杨枝甘露,多云,TRUE,FALSE,48,19,912
5/30/2024,周四,杨枝甘露,多云,FALSE,TRUE,39,19,741
4/17/2024,周三,杨枝甘露,雪,FALSE,FALSE,26,20,520
3/19/2024,周二,芝士奶盖,雪,FALSE,FALSE,32,14,448
3/4/2024,周一,水果茶,多云,FALSE,FALSE,999,12,360
5/9/2024,周四,可可奶茶,雨,FALSE,FALSE,24,19,456
5/12/2024,周日,抹茶拿铁,晴,TRUE,FALSE,35,12,420
3/15/2024,周五,青稞奶茶,阴,FALSE,FALSE,13,17,221
4/11/2024,周四,珍珠奶茶,雪,FALSE,FALSE,999,13,260
4/27/2024,周六,芋泥波波,阴,TRUE,TRUE,65,19,1235
3/8/2024,周五,芝士奶盖,多云,FALSE,FALSE,28,15,420
3/2/2024,周六,青稞奶茶,雨,TRUE,FALSE,43,18,774
4/26/2024,周五,水果茶,雨,FALSE,TRUE,46,12,552
5/16/2024,周四,芋泥波波,多云,FALSE,FALSE,22,15,330
5/15/2024,周三,水果茶,晴,FALSE,FALSE,16,16,256
4/29/2024,周一,冰美式,多云,FALSE,TRUE,34,18,612
4/8/2024,周一,冰美式,阴,FALSE,FALSE,-1,13,338
3/20/2024,周三,青稞奶茶,阴,FALSE,TRUE,43,16,688
5/28/2024,周二,柠檬茶,晴,FALSE,FALSE,17,11,187
4/16/2024,周二,冰美式,雪,FALSE,FALSE,29,20,580
5/28/2024,周二,芋泥波波,雪,FALSE,FALSE,21,14,294
3/8/2024,周五,杨枝甘露,阴,FALSE,FALSE,22,20,440
4/4/2024,周四,芝士奶盖,雨,FALSE,TRUE,45,20,900
5/5/2024,周日,柠檬茶,多云,TRUE,FALSE,54,12,648
4/10/2024,周三,青稞奶茶,雨,FALSE,TRUE,999,12,504
4/6/2024,周六,芝士奶盖,阴,TRUE,FALSE,42,11,462
5/4/2024,周六,柠檬茶,雪,TRUE,FALSE,39,18,702
5/29/2024,周三,芋泥波波,阴,FALSE,FALSE,24,12,288
5/1/2024,周三,芝士奶盖,雨,FALSE,TRUE,45,18,810
4/13/2024,周六,杨枝甘露,晴,TRUE,FALSE,35,19,665
5/28/2024,周二,杨枝甘露,雨,FALSE,TRUE,30,21,630
3/15/2024,周五,芋泥波波,阴,FALSE,FALSE,10,13,130
5/24/2024,周五,可可奶茶,阴,FALSE,TRUE,25,11,275
3/2/2024,周六,芋泥波波,雪,TRUE,FALSE,31,12,372
3/4/2024,周一,芋泥波波,雨,FALSE,FALSE,19,15,285
5/4/2024,周六,冰美式,雪,TRUE,FALSE,33,19,627
5/7/2024,周二,柠檬茶,雨,FALSE,FALSE,31,10,310
3/13/2024,周三,柠檬茶,雨,FALSE,TRUE,60,12,720
4/18/2024,周四,水果茶,雪,FALSE,FALSE,17,15,255
3/15/2024,周五,可可奶茶,阴,FALSE,FALSE,18,18,324
3/11/2024,周一,芝士奶盖,晴,FALSE,FALSE,32,19,608
5/27/2024,周一,抹茶拿铁,雪,FALSE,FALSE,23,13,299
4/30/2024,周二,芝士奶盖,晴,FALSE,FALSE,22,20,440
4/26/2024,周五,可可奶茶,晴,FALSE,TRUE,37,11,407
3/22/2024,周五,芋泥波波,多云,FALSE,FALSE,30,16,480
4/24/2024,周三,抹茶拿铁,雪,FALSE,FALSE,28,16,448
5/25/2024,周六,冰美式,阴,TRUE,FALSE,39,17,663
4/2/2024,周二,抹茶拿铁,多云,FALSE,FALSE,27,10,270
3/7/2024,周四,芋泥波波,晴,FALSE,FALSE,31,19,589
3/20/2024,周三,青稞奶茶,晴,FALSE,FALSE,21,17,357
3/26/2024,周二,青稞奶茶,阴,FALSE,FALSE,33,15,495
5/9/2024,周四,可可奶茶,晴,FALSE,FALSE,11,16,176
4/18/2024,周四,抹茶拿铁,晴,FALSE,TRUE,52,14,728
3/22/2024,周五,抹茶拿铁,多云,FALSE,FALSE,29,17,493
5/12/2024,周日,抹茶拿铁,雪,TRUE,FALSE,49,18,882
5/4/2024,周六,珍珠奶茶,雨,TRUE,FALSE,43,14,602
4/6/2024,周六,芝士奶盖,晴,TRUE,FALSE,28,15,420
5/14/2024,周二,珍珠奶茶,阴,FALSE,TRUE,40,15,600
5/24/2024,周五,柠檬茶,多云,FALSE,FALSE,26,11,286
3/9/2024,周六,青稞奶茶,雨,TRUE,TRUE,51,10,510
4/24/2024,周三,冰美式,雨,FALSE,TRUE,49,10,490
4/18/2024,周四,冰美式,雨,FALSE,FALSE,29,11,319
3/27/2024,周三,芝士奶盖,雪,FALSE,FALSE,35,15,525
4/8/2024,周一,芝士奶盖,多云,FALSE,FALSE,24,18,432
4/3/2024,周三,珍珠奶茶,雪,FALSE,FALSE,22,12,264
5/14/2024,周二,芋泥波波,雨,FALSE,TRUE,45,16,720
3/10/2024,周日,青稞奶茶,雨,TRUE,FALSE,49,15,735
4/21/2024,周日,青稞奶茶,雪,TRUE,FALSE,52,12,624
5/20/2024,周一,可可奶茶,雪,FALSE,FALSE,25,17,425
5/21/2024,周二,可可奶茶,雪,FALSE,FALSE,23,18,414
4/29/2024,周一,杨枝甘露,多云,FALSE,FALSE,21,21,441
3/9/2024,周六,柠檬茶,雨,TRUE,FALSE,51,20,1020
4/21/2024,周日,柠檬茶,多云,TRUE,TRUE,45,17,765
4/25/2024,周四,水果茶,多云,FALSE,TRUE,23,14,322
4/5/2024,周五,可可奶茶,晴,FALSE,FALSE,22,10,220
3/11/2024,周一,芝士奶盖,晴,FALSE,FALSE,25,15,375
3/12/2024,周二,水果茶,多云,FALSE,TRUE,33,18,594
5/14/2024,周二,可可奶茶,阴,FALSE,FALSE,21,19,399
4/10/2024,周三,芝士奶盖,多云,FALSE,FALSE,25,12,300
3/28/2024,周四,青稞奶茶,阴,FALSE,FALSE,33,10,330
4/17/2024,周三,芋泥波波,雪,FALSE,FALSE,30,13,390
3/19/2024,周二,芝士奶盖,雨,FALSE,FALSE,25,20,500
5/17/2024,周五,珍珠奶茶,多云,FALSE,FALSE,17,14,238
5/29/2024,周三,芝士奶盖,雪,FALSE,FALSE,0,16,320
4/2/2024,周二,青稞奶茶,多云,FALSE,FALSE,14,17,238
5/22/2024,周三,水果茶,雨,FALSE,FALSE,18,17,306
4/12/2024,周五,水果茶,多云,FALSE,FALSE,21,11,231
5/17/2024,周五,可可奶茶,阴,FALSE,FALSE,20,20,400
5/20/2024,周一,抹茶拿铁,晴,FALSE,FALSE,24,14,336
3/11/2024,周一,芋泥波波,多云,FALSE,FALSE,25,12,300
5/27/2024,周一,水果茶,阴,FALSE,FALSE,22,14,308
5/15/2024,周三,芝士奶盖,多云,FALSE,TRUE,36,16,576
5/13/2024,周一,柠檬茶,晴,FALSE,FALSE,20,19,380
3/12/2024,周二,抹茶拿铁,雨,FALSE,FALSE,18,10,180
4/24/2024,周三,冰美式,多云,FALSE,TRUE,35,19,665
5/31/2024,周五,可可奶茶,阴,FALSE,FALSE,30,11,330
3/27/2024,周三,柠檬茶,雨,FALSE,FALSE,36,13,468
4/6/2024,周六,柠檬茶,多云,TRUE,FALSE,40,10,400
4/3/2024,周三,柠檬茶,多云,FALSE,FALSE,34,20,680
3/2/2024,周六,抹茶拿铁,雨,TRUE,FALSE,35,20,700
4/19/2024,周五,水果茶,晴,FALSE,TRUE,28,15,420
4/30/2024,周二,芝士奶盖,晴,FALSE,FALSE,20,16,320
4/20/2024,周六,芝士奶盖,雪,TRUE,TRUE,45,12,540
4/13/2024,周六,抹茶拿铁,晴,TRUE,FALSE,37,16,592
3/15/2024,周五,芝士奶盖,多云,FALSE,FALSE,15,15,225
4/6/2024,周六,青稞奶茶,雨,TRUE,FALSE,50,12,600
5/2/2024,周四,杨枝甘露,晴,FALSE,TRUE,0,19,703
3/21/2024,周四,抹茶拿铁,晴,FALSE,FALSE,30,10,300
5/30/2024,周四,可可奶茶,阴,FALSE,FALSE,27,11,297
3/27/2024,周三,青稞奶茶,多云,FALSE,FALSE,19,19,361
5/14/2024,周二,柠檬茶,雪,FALSE,FALSE,12,16,192
4/1/2024,周一,抹茶拿铁,雨,FALSE,TRUE,43,11,473
5/15/2024,周三,芋泥波波,多云,FALSE,TRUE,47,17,799
4/4/2024,周四,冰美式,雨,FALSE,FALSE,20,19,380
4/11/2024,周四,冰美式,多云,FALSE,FALSE,24,14,336
3/8/2024,周五,芋泥波波,晴,FALSE,FALSE,24,13,312
4/21/2024,周日,芋泥波波,多云,TRUE,TRUE,45,20,900
5/23/2024,周四,杨枝甘露,雨,FALSE,FALSE,19,20,380
5/17/2024,周五,杨枝甘露,晴,FALSE,FALSE,29,19,551
4/19/2024,周五,抹茶拿铁,雪,FALSE,FALSE,19,16,304
5/18/2024,周六,杨枝甘露,阴,TRUE,TRUE,61,21,1281
5/22/2024,周三,杨枝甘露,雪,FALSE,FALSE,33,18,594
4/25/2024,周四,芋泥波波,雨,FALSE,TRUE,47,14,658
5/6/2024,周一,水果茶,雪,FALSE,TRUE,30,18,540
4/24/2024,周三,水果茶,阴,FALSE,FALSE,22,14,308
5/14/2024,周二,芋泥波波,晴,FALSE,FALSE,17,12,204
4/20/2024,周六,珍珠奶茶,阴,TRUE,FALSE,31,14,434
4/28/2024,周日,抹茶拿铁,雨,TRUE,FALSE,46,13,598
5/17/2024,周五,青稞奶茶,阴,FALSE,FALSE,13,16,208
3/22/2024,周五,抹茶拿铁,阴,FALSE,FALSE,33,17,561
5/18/2024,周六,芝士奶盖,雨,TRUE,TRUE,49,13,637
3/3/2024,周日,柠檬茶,多云,TRUE,FALSE,27,20,540
5/20/2024,周一,可可奶茶,晴,FALSE,FALSE,23,12,276
3/3/2024,周日,芋泥波波,多云,TRUE,FALSE,37,17,629
4/27/2024,周六,冰美式,多云,TRUE,FALSE,38,10,380
3/14/2024,周四,水果茶,阴,FALSE,FALSE,32,18,576
3/5/2024,周二,抹茶拿铁,阴,FALSE,FALSE,31,20,620
5/2/2024,周四,柠檬茶,雪,FALSE,TRUE,35,18,630
5/22/2024,周三,水果茶,晴,FALSE,FALSE,35,15,525
4/25/2024,周四,珍珠奶茶,雨,FALSE,FALSE,22,14,308
5/4/2024,周六,柠檬茶,雨,TRUE,FALSE,67,17,1139
4/7/2024,周日,水果茶,雨,TRUE,FALSE,40,19,760
5/28/2024,周二,芋泥波波,多云,FALSE,TRUE,46,17,782
4/23/2024,周二,抹茶拿铁,多云,FALSE,FALSE,19,10,190
4/3/2024,周三,芝士奶盖,多云,FALSE,FALSE,23,10,230
4/13/2024,周六,水果茶,雪,TRUE,FALSE,36,13,468
4/13/2024,周六,芝士奶盖,雪,TRUE,FALSE,28,18,504
3/14/2024,周四,珍珠奶茶,阴,FALSE,FALSE,25,12,300
5/18/2024,周六,芋泥波波,晴,TRUE,FALSE,44,20,880
3/27/2024,周三,芝士奶盖,雨,FALSE,FALSE,23,17,391
3/13/2024,周三,杨枝甘露,雨,FALSE,FALSE,22,19,418
4/23/2024,周二,珍珠奶茶,阴,FALSE,FALSE,25,13,325
4/17/2024,周三,水果茶,多云,FALSE,TRUE,45,13,585
4/24/2024,周三,水果茶,阴,FALSE,FALSE,31,20,620
3/4/2024,周一,抹茶拿铁,晴,FALSE,FALSE,22,11,242
4/10/2024,周三,水果茶,阴,FALSE,TRUE,35,20,700
5/13/2024,周一,珍珠奶茶,阴,FALSE,FALSE,29,14,406
4/10/2024,周三,芝士奶盖,雨,FALSE,FALSE,19,12,228
4/27/2024,周六,柠檬茶,雪,TRUE,FALSE,52,17,884
5/23/2024,周四,水果茶,雨,FALSE,TRUE,39,16,624
3/17/2024,周日,可可奶茶,雨,TRUE,FALSE,50,18,900
4/13/2024,周六,杨枝甘露,晴,TRUE,FALSE,33,22,726
4/8/2024,周一,水果茶,晴,FALSE,FALSE,17,20,340
3/16/2024,周六,珍珠奶茶,晴,TRUE,FALSE,54,12,648
3/31/2024,周日,冰美式,雪,TRUE,FALSE,46,15,690
5/25/2024,周六,冰美式,阴,TRUE,FALSE,32,11,352
5/14/2024,周二,柠檬茶,阴,FALSE,TRUE,43,11,473
4/24/2024,周三,杨枝甘露,多云,FALSE,FALSE,30,22,660
5/11/2024,周六,可可奶茶,雨,TRUE,FALSE,47,16,752
5/28/2024,周二,抹茶拿铁,多云,FALSE,TRUE,42,17,714
5/30/2024,周四,可可奶茶,多云,FALSE,FALSE,13,12,156
4/17/2024,周三,芋泥波波,晴,FALSE,TRUE,46,10,460
3/16/2024,周六,芝士奶盖,雨,TRUE,FALSE,41,10,410
3/19/2024,周二,冰美式,晴,FALSE,FALSE,27,14,378
5/2/2024,周四,珍珠奶茶,雪,FALSE,FALSE,13,15,195
4/9/2024,周二,冰美式,雨,FALSE,FALSE,31,19,589
3/18/2024,周一,可可奶茶,阴,FALSE,FALSE,26,15,390
5/19/2024,周日,冰美式,阴,TRUE,FALSE,44,15,660
5/25/2024,周六,抹茶拿铁,晴,TRUE,FALSE,33,19,627
5/30/2024,周四,青稞奶茶,雪,FALSE,TRUE,40,19,760
5/12/2024,周日,可可奶茶,阴,TRUE,FALSE,31,11,341
5/8/2024,周三,杨枝甘露,雨,FALSE,FALSE,13,22,286
5/8/2024,周三,冰美式,阴,FALSE,FALSE,27,10,270
3/24/2024,周日,水果茶,雪,TRUE,FALSE,29,11,319
3/13/2024,周三,可可奶茶,雨,FALSE,TRUE,30,12,360
4/22/2024,周一,杨枝甘露,雪,FALSE,FALSE,13,18,234
4/8/2024,周一,水果茶,雨,FALSE,TRUE,32,16,512
3/16/2024,周六,珍珠奶茶,多云,TRUE,FALSE,40,13,520
5/4/2024,周六,水果茶,雨,TRUE,TRUE,53,16,848
3/4/2024,周一,水果茶,晴,FALSE,FALSE,26,20,520
5/11/2024,周六,杨枝甘露,雪,TRUE,FALSE,35,22,770
3/19/2024,周二,芝士奶盖,多云,FALSE,FALSE,21,18,378
3/1/2024,周五,抹茶拿铁,多云,FALSE,TRUE,40,19,760
5/27/2024,周一,水果茶,多云,FALSE,FALSE,999,14,406
5/8/2024,周三,冰美式,雨,FALSE,TRUE,25,18,450
4/25/2024,周四,柠檬茶,雨,FALSE,FALSE,42,14,588
4/11/2024,周四,芝士奶盖,阴,FALSE,FALSE,21,10,210
3/18/2024,周一,珍珠奶茶,晴,FALSE,FALSE,35,13,455
5/29/2024,周三,抹茶拿铁,雪,FALSE,TRUE,52,11,572
5/25/2024,周六,抹茶拿铁,雨,TRUE,FALSE,34,19,646
3/23/2024,周六,珍珠奶茶,阴,TRUE,FALSE,999,15,465
3/3/2024,周日,青稞奶茶,多云,TRUE,TRUE,65,14,910
3/29/2024,周五,柠檬茶,雨,FALSE,FALSE,999,13,507
4/20/2024,周六,芋泥波波,雪,TRUE,FALSE,35,18,630
5/12/2024,周日,冰美式,多云,TRUE,TRUE,56,12,672
5/12/2024,周日,柠檬茶,雨,TRUE,FALSE,49,20,980
4/2/2024,周二,可可奶茶,晴,FALSE,FALSE,34,20,680
3/7/2024,周四,芝士奶盖,阴,FALSE,FALSE,33,18,594
4/16/2024,周二,可可奶茶,多云,FALSE,TRUE,35,17,595
4/20/2024,周六,柠檬茶,晴,TRUE,FALSE,35,13,455
4/24/2024,周三,芋泥波波,多云,FALSE,TRUE,32,20,640
3/4/2024,周一,抹茶拿铁,晴,FALSE,FALSE,33,15,495
4/1/2024,周一,芋泥波波,多云,FALSE,FALSE,25,15,375
3/31/2024,周日,芋泥波波,雪,TRUE,FALSE,45,20,900
3/16/2024,周六,芋泥波波,晴,TRUE,FALSE,27,12,324
4/26/2024,周五,珍珠奶茶,雪,FALSE,FALSE,20,12,240
5/11/2024,周六,珍珠奶茶,阴,TRUE,FALSE,43,15,645
5/16/2024,周四,冰美式,阴,FALSE,FALSE,16,19,304
4/13/2024,周六,珍珠奶茶,雪,TRUE,FALSE,42,12,504
5/16/2024,周四,芋泥波波,雪,FALSE,TRUE,38,15,570
5/19/2024,周日,抹茶拿铁,多云,TRUE,TRUE,40,12,480
4/25/2024,周四,可可奶茶,雨,FALSE,FALSE,29,12,348
4/9/2024,周二,冰美式,雨,FALSE,FALSE,20,18,360
5/26/2024,周日,杨枝甘露,多云,TRUE,FALSE,34,18,612
3/26/2024,周二,柠檬茶,晴,FALSE,FALSE,26,17,442
4/29/2024,周一,冰美式,雪,FALSE,FALSE,25,19,475
4/12/2024,周五,杨枝甘露,阴,FALSE,FALSE,13,21,273
3/1/2024,周五,柠檬茶,阴,FALSE,FALSE,20,17,340
4/12/2024,周五,水果茶,阴,FALSE,TRUE,31,10,310
3/4/2024,周一,可可奶茶,多云,FALSE,FALSE,16,20,320
4/16/2024,周二,珍珠奶茶,多云,FALSE,TRUE,25,14,350
4/13/2024,周六,可可奶茶,多云,TRUE,TRUE,999,11,528
3/18/2024,周一,水果茶,雨,FALSE,FALSE,17,17,289
4/17/2024,周三,杨枝甘露,晴,FALSE,TRUE,38,19,722
5/28/2024,周二,芝士奶盖,雪,FALSE,FALSE,30,13,390
5/18/2024,周六,冰美式,雪,TRUE,FALSE,33,15,495
5/20/2024,周一,青稞奶茶,雪,FALSE,FALSE,21,13,273
4/30/2024,周二,冰美式,多云,FALSE,FALSE,22,18,396
5/6/2024,周一,抹茶拿铁,雨,FALSE,FALSE,23,17,391
5/3/2024,周五,抹茶拿铁,雪,FALSE,FALSE,-1,20,540
3/26/2024,周二,抹茶拿铁,阴,FALSE,FALSE,23,16,368
4/17/2024,周三,青稞奶茶,多云,FALSE,FALSE,16,17,272
3/30/2024,周六,冰美式,阴,TRUE,FALSE,31,16,496
4/25/2024,周四,水果茶,阴,FALSE,FALSE,27,10,270
3/30/2024,周六,青稞奶茶,晴,TRUE,FALSE,46,14,644
5/5/2024,周日,可可奶茶,晴,TRUE,FALSE,48,11,528
4/16/2024,周二,珍珠奶茶,雨,FALSE,TRUE,35,14,490
5/27/2024,周一,青稞奶茶,雪,FALSE,FALSE,0,14,336
4/6/2024,周六,芝士奶盖,阴,TRUE,FALSE,47,10,470
5/5/2024,周日,杨枝甘露,多云,TRUE,FALSE,40,21,840
5/15/2024,周三,可可奶茶,阴,FALSE,FALSE,25,15,375
4/24/2024,周三,水果茶,阴,FALSE,FALSE,24,10,240
5/13/2024,周一,杨枝甘露,晴,FALSE,FALSE,29,20,580
4/23/2024,周二,水果茶,雪,FALSE,FALSE,31,10,310
3/5/2024,周二,杨枝甘露,雨,FALSE,FALSE,23,22,506
4/20/2024,周六,水果茶,阴,TRUE,TRUE,50,17,850
5/12/2024,周日,抹茶拿铁,雨,TRUE,TRUE,66,18,1188
5/28/2024,周二,冰美式,晴,FALSE,TRUE,42,14,588
4/7/2024,周日,可可奶茶,阴,TRUE,TRUE,45,12,540
4/22/2024,周一,水果茶,晴,FALSE,TRUE,38,11,418
3/27/2024,周三,杨枝甘露,雨,FALSE,FALSE,26,21,546
5/13/2024,周一,青稞奶茶,雪,FALSE,FALSE,23,14,322
3/19/2024,周二,抹茶拿铁,阴,FALSE,FALSE,15,18,270
5/12/2024,周日,抹茶拿铁,阴,TRUE,FALSE,40,14,560
4/28/2024,周日,芝士奶盖,阴,TRUE,FALSE,36,16,576
5/19/2024,周日,水果茶,阴,TRUE,FALSE,41,19,779
5/29/2024,周三,珍珠奶茶,多云,FALSE,FALSE,27,14,378
3/9/2024,周六,柠檬茶,阴,TRUE,FALSE,48,11,528
3/10/2024,周日,芋泥波波,雨,TRUE,FALSE,43,14,602
3/6/2024,周三,抹茶拿铁,晴,FALSE,FALSE,20,17,340
4/21/2024,周日,柠檬茶,晴,TRUE,TRUE,50,15,750
4/29/2024,周一,抹茶拿铁,晴,FALSE,TRUE,47,17,799
4/5/2024,周五,杨枝甘露,晴,FALSE,FALSE,17,20,340
4/20/2024,周六,杨枝甘露,晴,TRUE,FALSE,29,21,609
3/28/2024,周四,珍珠奶茶,阴,FALSE,FALSE,26,12,312
4/9/2024,周二,抹茶拿铁,雪,FALSE,TRUE,30,13,390
3/31/2024,周日,柠檬茶,晴,TRUE,FALSE,27,15,405
5/27/2024,周一,芋泥波波,晴,FALSE,FALSE,27,12,324
3/6/2024,周三,水果茶,雨,FALSE,FALSE,23,13,299
5/9/2024,周四,水果茶,晴,FALSE,FALSE,24,15,360
3/2/2024,周六,水果茶,雨,TRUE,TRUE,65,13,845
4/5/2024,周五,冰美式,晴,FALSE,TRUE,40,14,560
5/3/2024,周五,芋泥波波,雨,FALSE,FALSE,24,15,360
5/29/2024,周三,水果茶,雨,FALSE,TRUE,39,17,663
3/3/2024,周日,冰美式,阴,TRUE,FALSE,53,13,689
5/30/2024,周四,珍珠奶茶,晴,FALSE,FALSE,18,14,252
4/24/2024,周三,柠檬茶,晴,FALSE,TRUE,33,13,429
3/27/2024,周三,珍珠奶茶,雪,FALSE,FALSE,24,14,336
4/10/2024,周三,珍珠奶茶,雨,FALSE,FALSE,26,14,364
3/27/2024,周三,可可奶茶,多云,FALSE,FALSE,14,19,266
5/6/2024,周一,芝士奶盖,阴,FALSE,FALSE,16,17,272
3/25/2024,周一,珍珠奶茶,多云,FALSE,TRUE,35,13,455
3/11/2024,周一,水果茶,雨,FALSE,TRUE,40,16,640
4/1/2024,周一,青稞奶茶,雪,FALSE,FALSE,29,13,377
5/1/2024,周三,芋泥波波,阴,FALSE,FALSE,28,17,476
5/18/2024,周六,水果茶,阴,TRUE,TRUE,51,11,561
4/8/2024,周一,冰美式,雪,FALSE,FALSE,18,16,288
4/28/2024,周日,青稞奶茶,雪,TRUE,FALSE,38,15,570
4/30/2024,周二,柠檬茶,多云,FALSE,TRUE,37,17,629
4/23/2024,周二,水果茶,阴,FALSE,FALSE,31,19,589
3/5/2024,周二,芋泥波波,雪,FALSE,TRUE,42,15,630
5/2/2024,周四,芝士奶盖,阴,FALSE,FALSE,14,13,182
4/16/2024,周二,珍珠奶茶,雨,FALSE,FALSE,24,13,312
5/17/2024,周五,冰美式,晴,FALSE,TRUE,36,16,576
5/15/2024,周三,芋泥波波,阴,FALSE,TRUE,36,14,504
5/8/2024,周三,水果茶,阴,FALSE,FALSE,20,11,220
4/14/2024,周日,杨枝甘露,多云,TRUE,FALSE,-1,20,780
5/2/2024,周四,珍珠奶茶,晴,FALSE,FALSE,19,15,285
4/25/2024,周四,杨枝甘露,雨,FALSE,TRUE,30,21,630
3/15/2024,周五,抹茶拿铁,多云,FALSE,FALSE,18,13,234
4/22/2024,周一,抹茶拿铁,多云,FALSE,TRUE,30,11,330
4/13/2024,周六,珍珠奶茶,多云,TRUE,FALSE,0,12,636
3/1/2024,周五,冰美式,晴,FALSE,FALSE,11,16,176
4/4/2024,周四,抹茶拿铁,雨,FALSE,FALSE,30,15,450
4/13/2024,周六,芝士奶盖,雨,TRUE,FALSE,38,19,722
4/15/2024,周一,芝士奶盖,晴,FALSE,FALSE,-1,12,228
5/7/2024,周二,青稞奶茶,雨,FALSE,FALSE,27,20,540
5/5/2024,周日,水果茶,晴,TRUE,FALSE,36,10,360
3/6/2024,周三,芝士奶盖,多云,FALSE,FALSE,30,19,570
4/14/2024,周日,水果茶,晴,TRUE,FALSE,44,19,836
3/19/2024,周二,可可奶茶,多云,FALSE,FALSE,12,14,168
5/10/2024,周五,抹茶拿铁,阴,FALSE,FALSE,22,20,440
4/1/2024,周一,柠檬茶,晴,FALSE,TRUE,27,15,405
4/5/2024,周五,柠檬茶,阴,FALSE,FALSE,28,11,308
5/8/2024,周三,抹茶拿铁,雨,FALSE,FALSE,21,19,399
4/13/2024,周六,水果茶,雪,TRUE,FALSE,43,13,559
3/15/2024,周五,青稞奶茶,晴,FALSE,TRUE,34,11,374
3/17/2024,周日,芝士奶盖,雪,TRUE,FALSE,41,10,410
3/25/2024,周一,水果茶,雨,FALSE,FALSE,33,12,396
5/17/2024,周五,冰美式,晴,FALSE,FALSE,25,17,425
4/7/2024,周日,柠檬茶,阴,TRUE,TRUE,56,20,1120
5/29/2024,周三,珍珠奶茶,雨,FALSE,FALSE,21,14,294
5/30/2024,周四,冰美式,多云,FALSE,FALSE,31,10,310
4/12/2024,周五,杨枝甘露,多云,FALSE,FALSE,16,19,304
4/20/2024,周六,青稞奶茶,晴,TRUE,FALSE,35,16,560
4/14/2024,周日,水果茶,晴,TRUE,FALSE,41,14,574
3/25/2024,周一,可可奶茶,晴,FALSE,TRUE,41,14,574
3/21/2024,周四,冰美式,阴,FALSE,FALSE,18,12,216
3/26/2024,周二,珍珠奶茶,雪,FALSE,TRUE,39,15,585
3/22/2024,周五,珍珠奶茶,雨,FALSE,FALSE,15,12,180
5/5/2024,周日,芝士奶盖,阴,TRUE,FALSE,53,16,848
3/16/2024,周六,柠檬茶,阴,TRUE,FALSE,46,12,552
4/18/2024,周四,芋泥波波,阴,FALSE,FALSE,34,17,578
3/16/2024,周六,芋泥波波,晴,TRUE,FALSE,37,18,666
5/15/2024,周三,冰美式,雨,FALSE,FALSE,26,19,494
5/1/2024,周三,水果茶,雪,FALSE,TRUE,35,18,630
5/29/2024,周三,珍珠奶茶,雪,FALSE,FALSE,30,15,450
5/14/2024,周二,可可奶茶,多云,FALSE,FALSE,14,12,168
5/28/2024,周二,杨枝甘露,雪,FALSE,FALSE,999,18,270
3/27/2024,周三,杨枝甘露,雪,FALSE,FALSE,12,18,216
5/4/2024,周六,青稞奶茶,雪,TRUE,TRUE,56,13,728
5/6/2024,周一,青稞奶茶,多云,FALSE,FALSE,29,18,522
4/15/2024,周一,冰美式,晴,FALSE,FALSE,-1,13,208
4/8/2024,周一,柠檬茶,雪,FALSE,FALSE,23,15,345
5/19/2024,周日,水果茶,雪,TRUE,FALSE,33,20,660
4/21/2024,周日,抹茶拿铁,雨,TRUE,FALSE,29,18,522
5/20/2024,周一,青稞奶茶,雨,FALSE,FALSE,26,18,468
4/23/2024,周二,杨枝甘露,阴,FALSE,FALSE,29,19,551
3/16/2024,周六,可可奶茶,雪,TRUE,FALSE,33,20,660
4/12/2024,周五,青稞奶茶,多云,FALSE,FALSE,15,16,240
3/29/2024,周五,水果茶,晴,FALSE,TRUE,36,17,612
4/14/2024,周日,冰美式,雪,TRUE,FALSE,35,10,350
4/19/2024,周五,杨枝甘露,雪,FALSE,FALSE,27,21,567
4/3/2024,周三,珍珠奶茶,多云,FALSE,TRUE,37,12,444
5/21/2024,周二,芝士奶盖,雪,FALSE,FALSE,24,12,288
4/15/2024,周一,抹茶拿铁,雨,FALSE,FALSE,27,13,351
3/12/2024,周二,青稞奶茶,雨,FALSE,FALSE,33,11,363
3/31/2024,周日,芋泥波波,雪,TRUE,TRUE,52,17,884
3/2/2024,周六,水果茶,多云,TRUE,FALSE,49,20,980
5/8/2024,周三,芋泥波波,晴,FALSE,FALSE,22,16,352
4/14/2024,周日,柠檬茶,雪,TRUE,TRUE,60,20,1200
5/7/2024,周二,柠檬茶,晴,FALSE,FALSE,17,18,306
3/7/2024,周四,水果茶,阴,FALSE,TRUE,41,20,820
5/9/2024,周四,芋泥波波,雨,FALSE,FALSE,999,13,299
5/12/2024,周日,水果茶,雨,TRUE,FALSE,41,18,738
3/5/2024,周二,抹茶拿铁,晴,FALSE,FALSE,34,17,578
4/15/2024,周一,芋泥波波,雨,FALSE,FALSE,12,16,192
3/13/2024,周三,水果茶,多云,FALSE,TRUE,45,16,720
5/2/2024,周四,珍珠奶茶,雨,FALSE,FALSE,20,14,280
4/24/2024,周三,杨枝甘露,晴,FALSE,FALSE,28,21,588
4/15/2024,周一,水果茶,雨,FALSE,FALSE,13,11,143
3/6/2024,周三,杨枝甘露,阴,FALSE,FALSE,22,19,418
5/1/2024,周三,青稞奶茶,阴,FALSE,FALSE,20,20,400
4/11/2024,周四,水果茶,多云,FALSE,TRUE,33,12,396
5/4/2024,周六,珍珠奶茶,晴,TRUE,FALSE,37,15,555
3/2/2024,周六,水果茶,雨,TRUE,FALSE,41,16,656
3/20/2024,周三,可可奶茶,多云,FALSE,FALSE,16,14,224
4/1/2024,周一,水果茶,阴,FALSE,FALSE,17,18,306
3/25/2024,周一,冰美式,多云,FALSE,TRUE,30,14,420
3/19/2024,周二,水果茶,雪,FALSE,TRUE,26,16,416
5/29/2024,周三,柠檬茶,雨,FALSE,FALSE,36,16,576
4/8/2024,周一,芋泥波波,雨,FALSE,FALSE,23,16,368
3/7/2024,周四,杨枝甘露,晴,FALSE,TRUE,29,20,580
5/17/2024,周五,芋泥波波,多云,FALSE,FALSE,30,15,450
3/15/2024,周五,芋泥波波,雪,FALSE,FALSE,12,15,180
4/16/2024,周二,冰美式,多云,FALSE,FALSE,24,19,456
3/14/2024,周四,杨枝甘露,晴,FALSE,FALSE,23,19,437
4/27/2024,周六,芋泥波波,雪,TRUE,FALSE,31,17,527
3/26/2024,周二,可可奶茶,晴,FALSE,TRUE,38,14,532
5/11/2024,周六,芝士奶盖,阴,TRUE,FALSE,37,16,592
4/23/2024,周二,可可奶茶,多云,FALSE,FALSE,999,14,168
3/8/2024,周五,柠檬茶,阴,FALSE,FALSE,30,11,330
5/5/2024,周日,水果茶,阴,TRUE,FALSE,46,13,598
3/21/2024,周四,冰美式,雪,FALSE,FALSE,24,17,408
5/7/2024,周二,青稞奶茶,多云,FALSE,FALSE,23,18,414
3/29/2024,周五,珍珠奶茶,雨,FALSE,TRUE,33,13,429
3/7/2024,周四,柠檬茶,雪,FALSE,TRUE,41,20,820
4/17/2024,周三,芝士奶盖,雪,FALSE,FALSE,14,16,224
4/7/2024,周日,芝士奶盖,晴,TRUE,FALSE,29,14,406
3/3/2024,周日,可可奶茶,晴,TRUE,FALSE,49,20,980
5/20/2024,周一,冰美式,阴,FALSE,FALSE,20,13,260
4/20/2024,周六,杨枝甘露,多云,TRUE,FALSE,45,20,900
5/1/2024,周三,芋泥波波,多云,FALSE,FALSE,27,13,351
3/24/2024,周日,青稞奶茶,雨,TRUE,TRUE,43,20,860
3/9/2024,周六,杨枝甘露,阴,TRUE,FALSE,37,21,777
5/7/2024,周二,杨枝甘露,雪,FALSE,TRUE,26,18,468
5/22/2024,周三,珍珠奶茶,多云,FALSE,FALSE,18,13,234
5/16/2024,周四,珍珠奶茶,晴,FALSE,FALSE,15,12,180
5/1/2024,周三,冰美式,多云,FALSE,FALSE,31,12,372
5/9/2024,周四,青稞奶茶,晴,FALSE,FALSE,14,18,252
5/5/2024,周日,水果茶,晴,TRUE,FALSE,29,13,377
3/19/2024,周二,芝士奶盖,多云,FALSE,FALSE,29,16,464
5/31/2024,周五,芋泥波波,多云,FALSE,FALSE,28,11,308
4/6/2024,周六,芝士奶盖,雪,TRUE,FALSE,32,11,352
5/17/2024,周五,杨枝甘露,阴,FALSE,FALSE,24,19,456
3/20/2024,周三,青稞奶茶,雨,FALSE,FALSE,23,17,391
4/3/2024,周三,芋泥波波,多云,FALSE,FALSE,12,15,180
4/27/2024,周六,抹茶拿铁,晴,TRUE,FALSE,31,12,372
3/17/2024,周日,杨枝甘露,雨,TRUE,FALSE,43,21,903
4/22/2024,周一,冰美式,多云,FALSE,FALSE,30,13,390
5/10/2024,周五,抹茶拿铁,雪,FALSE,FALSE,28,16,448
5/31/2024,周五,水果茶,晴,FALSE,FALSE,17,13,221
3/3/2024,周日,芝士奶盖,阴,TRUE,FALSE,43,10,430
4/16/2024,周二,杨枝甘露,阴,FALSE,TRUE,43,19,817
3/29/2024,周五,珍珠奶茶,晴,FALSE,FALSE,16,15,240
5/29/2024,周三,水果茶,晴,FALSE,FALSE,31,19,589
5/16/2024,周四,杨枝甘露,多云,FALSE,FALSE,11,19,209
5/12/2024,周日,水果茶,多云,TRUE,FALSE,31,18,558
4/8/2024,周一,抹茶拿铁,雨,FALSE,FALSE,33,10,330
3/20/2024,周三,珍珠奶茶,雪,FALSE,FALSE,0,13,247
5/27/2024,周一,抹茶拿铁,雪,FALSE,FALSE,21,16,336
4/4/2024,周四,芋泥波波,多云,FALSE,FALSE,28,19,532
4/20/2024,周六,杨枝甘露,雪,TRUE,FALSE,49,21,1029
5/22/2024,周三,水果茶,多云,FALSE,TRUE,47,16,752
3/14/2024,周四,芋泥波波,雨,FALSE,FALSE,17,10,170
3/21/2024,周四,可可奶茶,晴,FALSE,FALSE,13,14,182
3/26/2024,周二,珍珠奶茶,雨,FALSE,TRUE,45,12,540
5/1/2024,周三,珍珠奶茶,雨,FALSE,TRUE,25,14,350
4/20/2024,周六,可可奶茶,雨,TRUE,FALSE,36,12,432
3/13/2024,周三,芝士奶盖,雪,FALSE,TRUE,35,19,665
5/1/2024,周三,冰美式,雨,FALSE,TRUE,38,11,418
3/12/2024,周二,柠檬茶,多云,FALSE,FALSE,18,18,324
5/17/2024,周五,可可奶茶,阴,FALSE,FALSE,25,14,350
4/25/2024,周四,珍珠奶茶,多云,FALSE,FALSE,31,12,372
5/12/2024,周日,抹茶拿铁,晴,TRUE,TRUE,50,11,550
4/28/2024,周日,芝士奶盖,雨,TRUE,TRUE,53,15,795
3/10/2024,周日,杨枝甘露,雨,TRUE,FALSE,43,21,903
3/18/2024,周一,芋泥波波,晴,FALSE,FALSE,29,16,464
5/19/2024,周日,杨枝甘露,雨,TRUE,FALSE,48,20,960
5/27/2024,周一,水果茶,雨,FALSE,FALSE,34,10,340
5/22/2024,周三,珍珠奶茶,雪,FALSE,TRUE,32,15,480
4/21/2024,周日,芋泥波波,阴,TRUE,FALSE,42,11,462
4/29/2024,周一,可可奶茶,晴,FALSE,TRUE,41,16,656
4/12/2024,周五,芋泥波波,雨,FALSE,FALSE,27,13,351
4/30/2024,周二,芋泥波波,阴,FALSE,TRUE,37,12,444
4/10/2024,周三,冰美式,雪,FALSE,FALSE,11,15,165
4/30/2024,周二,柠檬茶,多云,FALSE,FALSE,21,16,336
5/21/2024,周二,杨枝甘露,多云,FALSE,TRUE,29,20,580
4/27/2024,周六,水果茶,多云,TRUE,FALSE,45,12,540
3/12/2024,周二,水果茶,雨,FALSE,TRUE,41,17,697
5/28/2024,周二,杨枝甘露,雨,FALSE,FALSE,32,21,672
5/11/2024,周六,冰美式,晴,TRUE,FALSE,40,19,760
5/25/2024,周六,芝士奶盖,多云,TRUE,FALSE,27,17,459
3/15/2024,周五,水果茶,雪,FALSE,FALSE,25,12,300
5/21/2024,周二,冰美式,晴,FALSE,FALSE,16,16,256
3/22/2024,周五,冰美式,多云,FALSE,FALSE,25,20,500
3/2/2024,周六,芝士奶盖,晴,TRUE,FALSE,40,18,720
3/16/2024,周六,抹茶拿铁,阴,TRUE,FALSE,50,15,750
4/24/2024,周三,可可奶茶,晴,FALSE,FALSE,27,16,432
5/10/2024,周五,冰美式,雪,FALSE,FALSE,19,20,380
4/25/2024,周四,青稞奶茶,晴,FALSE,FALSE,14,11,154
5/18/2024,周六,水果茶,阴,TRUE,FALSE,37,18,666
4/26/2024,周五,可可奶茶,雨,FALSE,FALSE,14,13,182
5/10/2024,周五,水果茶,多云,FALSE,FALSE,14,15,210
4/29/2024,周一,水果茶,晴,FALSE,FALSE,25,18,450
5/24/2024,周五,青稞奶茶,阴,FALSE,FALSE,-1,16,304
3/20/2024,周三,芝士奶盖,雨,FALSE,TRUE,45,13,585
4/20/2024,周六,柠檬茶,阴,TRUE,FALSE,53,16,848
5/21/2024,周二,水果茶,阴,FALSE,FALSE,23,12,276
3/13/2024,周三,杨枝甘露,雪,FALSE,FALSE,23,20,460
3/21/2024,周四,芝士奶盖,晴,FALSE,TRUE,32,20,640
3/20/2024,周三,珍珠奶茶,雪,FALSE,FALSE,14,15,210
4/15/2024,周一,杨枝甘露,多云,FALSE,FALSE,25,19,475
4/18/2024,周四,青稞奶茶,雨,FALSE,TRUE,33,10,330
5/14/2024,周二,芋泥波波,阴,FALSE,FALSE,14,11,154
4/3/2024,周三,杨枝甘露,晴,FALSE,FALSE,17,19,323
5/2/2024,周四,珍珠奶茶,晴,FALSE,FALSE,33,12,396
4/23/2024,周二,水果茶,阴,FALSE,FALSE,-1,14,308
5/24/2024,周五,冰美式,晴,FALSE,FALSE,16,17,272
5/16/2024,周四,可可奶茶,多云,FALSE,FALSE,14,11,154
3/4/2024,周一,可可奶茶,雪,FALSE,FALSE,12,13,156
3/15/2024,周五,柠檬茶,雨,FALSE,FALSE,19,14,266
3/26/2024,周二,芋泥波波,雪,FALSE,FALSE,28,17,476
4/21/2024,周日,柠檬茶,多云,TRUE,TRUE,53,11,583
5/15/2024,周三,青稞奶茶,多云,FALSE,FALSE,22,16,352
4/24/2024,周三,冰美式,雨,FALSE,FALSE,27,16,432
5/12/2024,周日,芝士奶盖,晴,TRUE,FALSE,36,18,648
4/22/2024,周一,青稞奶茶,阴,FALSE,TRUE,38,16,608
4/15/2024,周一,柠檬茶,多云,FALSE,FALSE,17,12,204
3/16/2024,周六,珍珠奶茶,晴,TRUE,FALSE,38,15,570
4/11/2024,周四,柠檬茶,阴,FALSE,FALSE,15,18,270
5/11/2024,周六,青稞奶茶,晴,TRUE,FALSE,54,16,864
4/25/2024,周四,芝士奶盖,多云,FALSE,TRUE,44,10,440
4/23/2024,周二,芋泥波波,阴,FALSE,TRUE,37,16,592
3/3/2024,周日,青稞奶茶,雪,TRUE,FALSE,32,14,448
4/21/2024,周日,珍珠奶茶,雪,TRUE,TRUE,62,12,744
4/23/2024,周二,青稞奶茶,雨,FALSE,FALSE,24,11,264
4/10/2024,周三,抹茶拿铁,阴,FALSE,FALSE,18,17,306
3/16/2024,周六,芝士奶盖,晴,TRUE,TRUE,54,12,648
4/11/2024,周四,水果茶,多云,FALSE,TRUE,40,10,400
3/7/2024,周四,青稞奶茶,晴,FALSE,TRUE,26,14,364
5/18/2024,周六,水果茶,多云,TRUE,FALSE,42,17,714
4/10/2024,周三,杨枝甘露,阴,FALSE,FALSE,31,22,682
5/1/2024,周三,抹茶拿铁,雨,FALSE,FALSE,25,13,325
4/7/2024,周日,芋泥波波,雪,TRUE,FALSE,39,20,780
3/27/2024,周三,芋泥波波,阴,FALSE,TRUE,32,13,416
4/19/2024,周五,柠檬茶,晴,FALSE,FALSE,34,18,612
4/10/2024,周三,青稞奶茶,多云,FALSE,FALSE,25,12,300
4/16/2024,周二,水果茶,雪,FALSE,FALSE,30,13,390
4/24/2024,周三,杨枝甘露,雪,FALSE,FALSE,21,21,441
3/15/2024,周五,柠檬茶,阴,FALSE,TRUE,27,20,540
4/15/2024,周一,青稞奶茶,雪,FALSE,TRUE,32,12,384
4/25/2024,周四,可可奶茶,晴,FALSE,FALSE,0,11,275
4/24/2024,周三,柠檬茶,多云,FALSE,FALSE,28,14,392
5/3/2024,周五,可可奶茶,晴,FALSE,FALSE,33,13,429
3/29/2024,周五,芋泥波波,晴,FALSE,FALSE,14,11,154
4/5/2024,周五,柠檬茶,阴,FALSE,FALSE,25,14,350
3/22/2024,周五,柠檬茶,雨,FALSE,FALSE,35,11,385
5/29/2024,周三,冰美式,雨,FALSE,FALSE,28,12,336
3/9/2024,周六,杨枝甘露,雨,TRUE,FALSE,32,18,576
4/24/2024,周三,芝士奶盖,多云,FALSE,FALSE,11,12,132
3/2/2024,周六,冰美式,阴,TRUE,FALSE,43,13,559
3/6/2024,周三,珍珠奶茶,多云,FALSE,FALSE,21,13,273
3/13/2024,周三,青稞奶茶,阴,FALSE,FALSE,25,18,450
5/2/2024,周四,青稞奶茶,阴,FALSE,TRUE,40,15,600
5/24/2024,周五,冰美式,晴,FALSE,FALSE,0,20,660
3/29/2024,周五,杨枝甘露,阴,FALSE,TRUE,46,20,920
3/12/2024,周二,柠檬茶,晴,FALSE,FALSE,32,20,640
4/27/2024,周六,可可奶茶,雨,TRUE,FALSE,35,15,525
4/23/2024,周二,青稞奶茶,多云,FALSE,TRUE,42,19,798
4/28/2024,周日,冰美式,雨,TRUE,TRUE,53,20,1060
5/27/2024,周一,杨枝甘露,雪,FALSE,FALSE,21,20,420
3/9/2024,周六,青稞奶茶,阴,TRUE,TRUE,48,11,528
4/9/2024,周二,珍珠奶茶,雨,FALSE,FALSE,23,12,276
4/14/2024,周日,青稞奶茶,雪,TRUE,TRUE,56,12,672
3/26/2024,周二,水果茶,雨,FALSE,FALSE,19,15,285
5/26/2024,周日,水果茶,阴,TRUE,FALSE,39,14,546
5/16/2024,周四,青稞奶茶,雪,FALSE,FALSE,20,19,380
3/26/2024,周二,青稞奶茶,阴,FALSE,FALSE,18,14,252
5/12/2024,周日,抹茶拿铁,多云,TRUE,FALSE,48,11,528
4/26/2024,周五,芝士奶盖,阴,FALSE,FALSE,28,16,448
4/29/2024,周一,珍珠奶茶,阴,FALSE,TRUE,31,14,434
5/14/2024,周二,可可奶茶,多云,FALSE,FALSE,30,14,420
4/20/2024,周六,杨枝甘露,晴,TRUE,FALSE,45,21,945
3/11/2024,周一,珍珠奶茶,晴,FALSE,FALSE,19,14,266
5/28/2024,周二,芝士奶盖,晴,FALSE,FALSE,21,18,378
3/7/2024,周四,柠檬茶,雪,FALSE,FALSE,21,12,252
5/26/2024,周日,杨枝甘露,雨,TRUE,FALSE,34,21,714
3/26/2024,周二,芋泥波波,晴,FALSE,TRUE,31,11,341
3/14/2024,周四,抹茶拿铁,雪,FALSE,FALSE,10,11,110
5/1/2024,周三,杨枝甘露,雪,FALSE,FALSE,26,21,546
5/18/2024,周六,芋泥波波,多云,TRUE,FALSE,40,12,480
5/24/2024,周五,柠檬茶,雪,FALSE,FALSE,23,13,299
4/7/2024,周日,青稞奶茶,雪,TRUE,FALSE,38,14,532
5/29/2024,周三,芋泥波波,阴,FALSE,FALSE,26,10,260
3/16/2024,周六,冰美式,晴,TRUE,FALSE,37,20,740
5/24/2024,周五,冰美式,晴,FALSE,FALSE,29,12,348
4/28/2024,周日,青稞奶茶,多云,TRUE,FALSE,33,13,429
5/30/2024,周四,可可奶茶,雪,FALSE,TRUE,44,15,660
5/12/2024,周日,芝士奶盖,多云,TRUE,FALSE,49,14,686
3/9/2024,周六,抹茶拿铁,阴,TRUE,FALSE,39,19,741
5/4/2024,周六,可可奶茶,多云,TRUE,FALSE,42,19,798
5/19/2024,周日,水果茶,晴,TRUE,TRUE,42,11,462
5/3/2024,周五,抹茶拿铁,多云,FALSE,FALSE,23,11,253
3/23/2024,周六,水果茶,晴,TRUE,TRUE,53,10,530
3/10/2024,周日,抹茶拿铁,雪,TRUE,FALSE,36,12,432
5/29/2024,周三,抹茶拿铁,多云,FALSE,FALSE,31,18,558
4/2/2024,周二,抹茶拿铁,雨,FALSE,FALSE,26,16,416
3/25/2024,周一,芋泥波波,晴,FALSE,FALSE,12,10,120
4/22/2024,周一,冰美式,雨,FALSE,TRUE,40,17,680
3/27/2024,周三,冰美式,雪,FALSE,FALSE,34,18,612
3/9/2024,周六,抹茶拿铁,阴,TRUE,FALSE,47,11,517
5/6/2024,周一,青稞奶茶,晴,FALSE,FALSE,13,19,247
3/3/2024,周日,柠檬茶,雨,TRUE,FALSE,46,12,552
3/10/2024,周日,可可奶茶,多云,TRUE,FALSE,52,18,936
5/19/2024,周日,珍珠奶茶,晴,TRUE,FALSE,0,12,552
4/3/2024,周三,柠檬茶,晴,FALSE,TRUE,43,20,860
3/8/2024,周五,柠檬茶,晴,FALSE,FALSE,34,19,646
3/5/2024,周二,芝士奶盖,阴,FALSE,FALSE,21,11,231
5/1/2024,周三,杨枝甘露,晴,FALSE,TRUE,43,19,817
4/25/2024,周四,抹茶拿铁,多云,FALSE,TRUE,29,13,377
4/18/2024,周四,珍珠奶茶,晴,FALSE,FALSE,31,13,403
4/24/2024,周三,可可奶茶,晴,FALSE,FALSE,23,15,345
4/13/2024,周六,水果茶,多云,TRUE,FALSE,35,10,350
5/8/2024,周三,冰美式,晴,FALSE,FALSE,14,10,140
3/17/2024,周日,抹茶拿铁,雨,TRUE,TRUE,54,20,1080
4/7/2024,周日,杨枝甘露,阴,TRUE,FALSE,45,18,810
5/9/2024,周四,柠檬茶,雨,FALSE,FALSE,37,15,555
4/7/2024,周日,柠檬茶,雨,TRUE,FALSE,59,11,649
4/22/2024,周一,冰美式,雨,FALSE,TRUE,45,13,585
5/10/2024,周五,柠檬茶,雨,FALSE,TRUE,40,20,800
3/15/2024,周五,珍珠奶茶,晴,FALSE,FALSE,34,15,510
3/11/2024,周一,珍珠奶茶,雪,FALSE,FALSE,18,15,270
3/6/2024,周三,柠檬茶,阴,FALSE,TRUE,40,10,400
3/5/2024,周二,可可奶茶,晴,FALSE,FALSE,26,14,364
5/15/2024,周三,柠檬茶,雨,FALSE,FALSE,30,10,300
5/10/2024,周五,水果茶,雪,FALSE,FALSE,28,19,532
4/3/2024,周三,杨枝甘露,阴,FALSE,FALSE,25,19,475
4/5/2024,周五,青稞奶茶,多云,FALSE,FALSE,16,15,240
3/5/2024,周二,冰美式,雨,FALSE,FALSE,22,20,440
5/17/2024,周五,珍珠奶茶,雨,FALSE,FALSE,18,14,252
4/26/2024,周五,抹茶拿铁,阴,FALSE,TRUE,25,17,425
5/11/2024,周六,柠檬茶,晴,TRUE,FALSE,39,14,546
5/10/2024,周五,芝士奶盖,阴,FALSE,TRUE,30,17,510
5/20/2024,周一,杨枝甘露,雪,FALSE,FALSE,17,18,306
3/24/2024,周日,可可奶茶,雪,TRUE,FALSE,47,13,611
5/31/2024,周五,青稞奶茶,晴,FALSE,FALSE,23,18,414
5/16/2024,周四,柠檬茶,晴,FALSE,TRUE,39,18,702
3/27/2024,周三,芝士奶盖,阴,FALSE,TRUE,999,12,492
4/16/2024,周二,芝士奶盖,雨,FALSE,FALSE,0,19,513
3/6/2024,周三,青稞奶茶,雪,FALSE,TRUE,36,15,540
5/5/2024,周日,冰美式,多云,TRUE,FALSE,45,10,450
3/20/2024,周三,水果茶,晴,FALSE,FALSE,15,19,285
5/13/2024,周一,可可奶茶,雪,FALSE,FALSE,31,10,310
5/24/2024,周五,可可奶茶,雨,FALSE,FALSE,33,14,462
4/12/2024,周五,柠檬茶,多云,FALSE,FALSE,22,13,286
4/22/2024,周一,芝士奶盖,雨,FALSE,FALSE,13,15,195
5/17/2024,周五,柠檬茶,阴,FALSE,FALSE,26,18,468
4/22/2024,周一,冰美式,雪,FALSE,FALSE,18,15,270
3/11/2024,周一,水果茶,雪,FALSE,FALSE,32,17,544
3/26/2024,周二,杨枝甘露,晴,FALSE,TRUE,44,22,968
4/30/2024,周二,芋泥波波,晴,FALSE,FALSE,14,12,168
3/17/2024,周日,可可奶茶,阴,TRUE,FALSE,46,12,552
5/11/2024,周六,柠檬茶,晴,TRUE,FALSE,39,19,741
3/14/2024,周四,珍珠奶茶,雨,FALSE,FALSE,18,15,270
4/25/2024,周四,青稞奶茶,多云,FALSE,FALSE,34,18,612
3/1/2024,周五,冰美式,阴,FALSE,FALSE,28,12,336
5/15/2024,周三,青稞奶茶,多云,FALSE,FALSE,18,10,180
5/7/2024,周二,冰美式,雨,FALSE,FALSE,28,12,336
3/6/2024,周三,柠檬茶,雪,FALSE,FALSE,32,15,480
4/6/2024,周六,杨枝甘露,雨,TRUE,FALSE,35,19,665
4/6/2024,周六,青稞奶茶,晴,TRUE,FALSE,54,14,756
3/27/2024,周三,可可奶茶,晴,FALSE,FALSE,15,18,270
3/25/2024,周一,珍珠奶茶,晴,FALSE,FALSE,29,15,435
5/6/2024,周一,杨枝甘露,雨,FALSE,FALSE,25,21,525
5/3/2024,周五,青稞奶茶,多云,FALSE,FALSE,22,11,242
3/11/2024,周一,柠檬茶,雨,FALSE,FALSE,23,17,391
5/5/2024,周日,芋泥波波,晴,TRUE,FALSE,43,15,645
5/11/2024,周六,珍珠奶茶,晴,TRUE,FALSE,54,15,810
3/29/2024,周五,柠檬茶,阴,FALSE,TRUE,37,14,518
5/21/2024,周二,芋泥波波,晴,FALSE,FALSE,23,18,414
5/30/2024,周四,杨枝甘露,阴,FALSE,FALSE,20,21,420
3/31/2024,周日,芝士奶盖,雪,TRUE,FALSE,42,14,588
4/7/2024,周日,抹茶拿铁,阴,TRUE,FALSE,48,17,816
3/29/2024,周五,芋泥波波,阴,FALSE,FALSE,24,13,312
3/15/2024,周五,杨枝甘露,雨,FALSE,FALSE,29,21,609
5/1/2024,周三,抹茶拿铁,多云,FALSE,TRUE,45,13,585
4/22/2024,周一,珍珠奶茶,雨,FALSE,FALSE,26,15,390
4/24/2024,周三,水果茶,晴,FALSE,FALSE,21,15,315
3/6/2024,周三,青稞奶茶,阴,FALSE,FALSE,26,18,468
5/20/2024,周一,芋泥波波,多云,FALSE,FALSE,20,10,200
3/12/2024,周二,芝士奶盖,雪,FALSE,TRUE,39,13,507
3/26/2024,周二,杨枝甘露,多云,FALSE,FALSE,24,20,480
3/28/2024,周四,可可奶茶,晴,FALSE,TRUE,35,11,385
5/2/2024,周四,珍珠奶茶,雨,FALSE,FALSE,999,13,234
3/16/2024,周六,水果茶,阴,TRUE,TRUE,60,11,660
5/30/2024,周四,水果茶,晴,FALSE,FALSE,18,19,342
3/13/2024,周三,冰美式,多云,FALSE,FALSE,26,15,390
3/3/2024,周日,青稞奶茶,阴,TRUE,FALSE,37,20,740
4/18/2024,周四,青稞奶茶,晴,FALSE,FALSE,29,18,522
4/6/2024,周六,可可奶茶,多云,TRUE,FALSE,48,16,768
5/9/2024,周四,芋泥波波,多云,FALSE,FALSE,24,16,384
4/27/2024,周六,芝士奶盖,雪,TRUE,TRUE,59,12,708
3/11/2024,周一,芋泥波波,多云,FALSE,FALSE,22,19,418
3/19/2024,周二,水果茶,雪,FALSE,FALSE,34,13,442
5/3/2024,周五,青稞奶茶,雨,FALSE,FALSE,25,10,250
5/12/2024,周日,冰美式,晴,TRUE,FALSE,41,18,738
5/9/2024,周四,抹茶拿铁,多云,FALSE,FALSE,27,18,486
3/11/2024,周一,芋泥波波,晴,FALSE,FALSE,23,12,276
3/16/2024,周六,杨枝甘露,阴,TRUE,FALSE,32,18,576
5/3/2024,周五,杨枝甘露,多云,FALSE,FALSE,33,21,693
4/7/2024,周日,芋泥波波,雨,TRUE,FALSE,48,14,672
5/18/2024,周六,芝士奶盖,多云,TRUE,TRUE,71,13,923
5/31/2024,周五,芝士奶盖,阴,FALSE,FALSE,23,12,276
5/31/2024,周五,抹茶拿铁,雨,FALSE,FALSE,12,17,204
3/1/2024,周五,青稞奶茶,多云,FALSE,FALSE,24,17,408
3/8/2024,周五,冰美式,雪,FALSE,TRUE,49,18,882
4/14/2024,周日,珍珠奶茶,雨,TRUE,FALSE,37,14,518
4/21/2024,周日,青稞奶茶,雪,TRUE,FALSE,45,11,495
3/14/2024,周四,柠檬茶,多云,FALSE,FALSE,19,12,228
5/15/2024,周三,水果茶,雪,FALSE,FALSE,29,19,551
5/18/2024,周六,抹茶拿铁,多云,TRUE,TRUE,47,11,517
5/18/2024,周六,杨枝甘露,多云,TRUE,FALSE,29,20,580
3/7/2024,周四,杨枝甘露,阴,FALSE,FALSE,29,20,580
3/16/2024,周六,柠檬茶,阴,TRUE,FALSE,48,17,816
5/6/2024,周一,芝士奶盖,雪,FALSE,FALSE,14,20,280
5/31/2024,周五,杨枝甘露,雪,FALSE,FALSE,27,18,486
4/25/2024,周四,芝士奶盖,晴,FALSE,FALSE,22,20,440
4/24/2024,周三,柠檬茶,阴,FALSE,FALSE,16,13,208
5/7/2024,周二,柠檬茶,雪,FALSE,FALSE,11,15,165
5/4/2024,周六,珍珠奶茶,雨,TRUE,TRUE,68,15,1020
5/29/2024,周三,青稞奶茶,晴,FALSE,FALSE,18,17,306
5/20/2024,周一,抹茶拿铁,多云,FALSE,FALSE,35,18,630
3/5/2024,周二,芝士奶盖,雪,FALSE,FALSE,12,12,144
3/17/2024,周日,芋泥波波,晴,TRUE,TRUE,58,15,870
5/9/2024,周四,青稞奶茶,雪,FALSE,FALSE,21,20,420
4/10/2024,周三,杨枝甘露,雪,FALSE,TRUE,47,21,987
5/25/2024,周六,珍珠奶茶,多云,TRUE,FALSE,35,13,455
3/11/2024,周一,杨枝甘露,晴,FALSE,FALSE,27,22,594
5/21/2024,周二,珍珠奶茶,雨,FALSE,FALSE,20,14,280
5/29/2024,周三,芋泥波波,晴,FALSE,TRUE,37,11,407
5/15/2024,周三,珍珠奶茶,晴,FALSE,FALSE,20,15,300
4/1/2024,周一,青稞奶茶,多云,FALSE,FALSE,22,14,308
3/18/2024,周一,冰美式,阴,FALSE,FALSE,23,14,322
3/23/2024,周六,青稞奶茶,阴,TRUE,FALSE,40,15,600
4/14/2024,周日,可可奶茶,多云,TRUE,TRUE,64,12,768
3/27/2024,周三,水果茶,雨,FALSE,FALSE,29,18,522
4/4/2024,周四,芋泥波波,雨,FALSE,FALSE,20,10,200
5/6/2024,周一,杨枝甘露,多云,FALSE,FALSE,30,20,600
5/24/2024,周五,冰美式,雨,FALSE,FALSE,21,15,315
3/2/2024,周六,杨枝甘露,阴,TRUE,FALSE,48,18,864
4/15/2024,周一,青稞奶茶,阴,FALSE,FALSE,15,17,255
4/28/2024,周日,冰美式,阴,TRUE,FALSE,50,13,650
4/17/2024,周三,冰美式,阴,FALSE,FALSE,24,10,240
3/30/2024,周六,可可奶茶,阴,TRUE,FALSE,32,19,608
3/4/2024,周一,杨枝甘露,雨,FALSE,FALSE,23,19,437
5/12/2024,周日,杨枝甘露,雨,TRUE,FALSE,29,18,522
3/19/2024,周二,芝士奶盖,阴,FALSE,TRUE,44,12,528
3/23/2024,周六,青稞奶茶,晴,TRUE,TRUE,53,11,583
3/20/2024,周三,可可奶茶,晴,FALSE,FALSE,26,11,286
5/27/2024,周一,水果茶,阴,FALSE,FALSE,23,13,299
3/13/2024,周三,水果茶,雨,FALSE,FALSE,16,16,256
4/6/2024,周六,水果茶,阴,TRUE,FALSE,49,17,833
5/15/2024,周三,珍珠奶茶,雪,FALSE,TRUE,35,14,490
3/1/2024,周五,冰美式,晴,FALSE,FALSE,24,17,408
3/28/2024,周四,青稞奶茶,晴,FALSE,FALSE,33,12,396
4/6/2024,周六,青稞奶茶,阴,TRUE,TRUE,55,12,660
5/6/2024,周一,芋泥波波,晴,FALSE,FALSE,25,20,500
3/2/2024,周六,杨枝甘露,多云,TRUE,FALSE,999,21,861
5/25/2024,周六,水果茶,晴,TRUE,FALSE,42,20,840
4/27/2024,周六,可可奶茶,阴,TRUE,FALSE,44,15,660
3/23/2024,周六,水果茶,阴,TRUE,FALSE,999,12,516
5/15/2024,周三,青稞奶茶,雪,FALSE,FALSE,0,16,368
3/6/2024,周三,芋泥波波,阴,FALSE,FALSE,34,20,680
4/24/2024,周三,芝士奶盖,晴,FALSE,FALSE,21,14,294
3/3/2024,周日,抹茶拿铁,雨,TRUE,FALSE,44,11,484
3/5/2024,周二,可可奶茶,多云,FALSE,TRUE,41,12,492
5/21/2024,周二,抹茶拿铁,雨,FALSE,FALSE,30,19,570
5/7/2024,周二,冰美式,晴,FALSE,TRUE,39,12,468
5/21/2024,周二,芋泥波波,雪,FALSE,FALSE,23,15,345
4/8/2024,周一,水果茶,晴,FALSE,TRUE,46,11,506
4/25/2024,周四,芋泥波波,雪,FALSE,FALSE,20,19,380
4/1/2024,周一,珍珠奶茶,雪,FALSE,FALSE,27,14,378
3/24/2024,周日,青稞奶茶,晴,TRUE,FALSE,43,20,860
3/1/2024,周五,水果茶,晴,FALSE,FALSE,26,12,312
4/29/2024,周一,冰美式,晴,FALSE,FALSE,20,15,300
5/18/2024,周六,青稞奶茶,阴,TRUE,FALSE,54,19,1026
4/19/2024,周五,抹茶拿铁,雨,FALSE,FALSE,15,17,255
5/3/2024,周五,柠檬茶,阴,FALSE,FALSE,15,20,300
3/11/2024,周一,抹茶拿铁,晴,FALSE,FALSE,29,15,435
4/10/2024,周三,抹茶拿铁,晴,FALSE,TRUE,45,19,855
4/25/2024,周四,水果茶,雨,FALSE,FALSE,17,13,221
5/8/2024,周三,杨枝甘露,雪,FALSE,FALSE,23,18,414
3/28/2024,周四,芋泥波波,多云,FALSE,FALSE,25,18,450
3/28/2024,周四,水果茶,雨,FALSE,FALSE,28,11,308
5/27/2024,周一,芝士奶盖,多云,FALSE,FALSE,29,17,493
4/27/2024,周六,杨枝甘露,阴,TRUE,FALSE,38,20,760
5/23/2024,周四,杨枝甘露,阴,FALSE,FALSE,19,21,399
5/21/2024,周二,珍珠奶茶,多云,FALSE,FALSE,25,12,300
4/22/2024,周一,珍珠奶茶,雪,FALSE,FALSE,29,15,435
4/17/2024,周三,珍珠奶茶,雪,FALSE,FALSE,25,13,325
3/31/2024,周日,杨枝甘露,多云,TRUE,FALSE,44,18,792
3/27/2024,周三,冰美式,阴,FALSE,FALSE,33,17,561
3/23/2024,周六,抹茶拿铁,晴,TRUE,FALSE,46,12,552
3/9/2024,周六,珍珠奶茶,阴,TRUE,FALSE,33,15,495
4/23/2024,周二,青稞奶茶,雪,FALSE,FALSE,21,10,210
3/8/2024,周五,青稞奶茶,晴,FALSE,FALSE,30,20,600
4/24/2024,周三,芋泥波波,多云,FALSE,FALSE,22,11,242
4/16/2024,周二,水果茶,多云,FALSE,FALSE,27,13,351
4/12/2024,周五,芋泥波波,阴,FALSE,FALSE,28,15,420
4/26/2024,周五,芝士奶盖,雨,FALSE,FALSE,33,10,330
3/19/2024,周二,可可奶茶,晴,FALSE,FALSE,24,19,456
4/7/2024,周日,青稞奶茶,雪,TRUE,FALSE,37,17,629
3/20/2024,周三,杨枝甘露,雪,FALSE,FALSE,20,20,400
3/4/2024,周一,柠檬茶,多云,FALSE,FALSE,23,15,345
5/6/2024,周一,水果茶,雪,FALSE,FALSE,30,20,600
5/4/2024,周六,芝士奶盖,雨,TRUE,FALSE,48,20,960
5/7/2024,周二,抹茶拿铁,阴,FALSE,FALSE,15,20,300
4/13/2024,周六,柠檬茶,多云,TRUE,FALSE,38,19,722
3/16/2024,周六,柠檬茶,阴,TRUE,FALSE,46,10,460
5/7/2024,周二,柠檬茶,雨,FALSE,TRUE,52,15,780
4/4/2024,周四,可可奶茶,晴,FALSE,FALSE,20,13,260
3/24/2024,周日,柠檬茶,阴,TRUE,TRUE,55,18,990
3/25/2024,周一,芋泥波波,雪,FALSE,FALSE,17,13,221
5/14/2024,周二,抹茶拿铁,晴,FALSE,FALSE,24,15,360
3/10/2024,周日,柠檬茶,晴,TRUE,FALSE,47,13,611
5/15/2024,周三,柠檬茶,雨,FALSE,TRUE,56,17,952
3/25/2024,周一,冰美式,晴,FALSE,FALSE,30,19,570
5/20/2024,周一,杨枝甘露,雪,FALSE,FALSE,24,20,480
5/8/2024,周三,柠檬茶,雨,FALSE,FALSE,39,20,780
3/24/2024,周日,抹茶拿铁,雨,TRUE,FALSE,33,17,561
3/23/2024,周六,芋泥波波,雨,TRUE,TRUE,60,20,1200
3/24/2024,周日,柠檬茶,多云,TRUE,FALSE,36,14,504
5/7/2024,周二,抹茶拿铁,雨,FALSE,FALSE,16,19,304
4/11/2024,周四,杨枝甘露,阴,FALSE,FALSE,18,22,396
4/11/2024,周四,可可奶茶,雪,FALSE,FALSE,29,13,377
4/30/2024,周二,青稞奶茶,多云,FALSE,FALSE,26,15,390
4/24/2024,周三,冰美式,阴,FALSE,TRUE,38,16,608
3/18/2024,周一,抹茶拿铁,晴,FALSE,FALSE,21,13,273
4/2/2024,周二,青稞奶茶,晴,FALSE,FALSE,27,15,405
3/26/2024,周二,柠檬茶,雨,FALSE,TRUE,47,17,799
5/15/2024,周三,抹茶拿铁,阴,FALSE,FALSE,18,13,234
5/17/2024,周五,冰美式,晴,FALSE,TRUE,47,14,658
4/26/2024,周五,青稞奶茶,阴,FALSE,TRUE,29,16,464
3/20/2024,周三,冰美式,雪,FALSE,TRUE,37,13,481
5/9/2024,周四,青稞奶茶,晴,FALSE,TRUE,35,15,525
4/27/2024,周六,柠檬茶,雨,TRUE,FALSE,47,15,705
5/30/2024,周四,青稞奶茶,雪,FALSE,FALSE,18,12,216
4/22/2024,周一,水果茶,阴,FALSE,FALSE,30,10,300
5/5/2024,周日,芝士奶盖,雪,TRUE,FALSE,25,18,450
4/11/2024,周四,可可奶茶,雨,FALSE,FALSE,35,11,385
5/12/2024,周日,芋泥波波,晴,TRUE,FALSE,50,11,550
4/29/2024,周一,冰美式,晴,FALSE,FALSE,22,14,308
3/20/2024,周三,芝士奶盖,多云,FALSE,FALSE,17,17,289
5/28/2024,周二,水果茶,阴,FALSE,FALSE,10,19,190
3/3/2024,周日,珍珠奶茶,雨,TRUE,FALSE,36,13,468
4/11/2024,周四,可可奶茶,多云,FALSE,FALSE,33,15,495
5/31/2024,周五,冰美式,多云,FALSE,FALSE,17,14,238
3/4/2024,周一,可可奶茶,多云,FALSE,FALSE,12,15,180
3/30/2024,周六,柠檬茶,雨,TRUE,FALSE,42,13,546
3/28/2024,周四,芝士奶盖,多云,FALSE,FALSE,17,11,187
4/18/2024,周四,珍珠奶茶,多云,FALSE,FALSE,31,15,465
3/27/2024,周三,水果茶,晴,FALSE,FALSE,21,19,399
3/16/2024,周六,杨枝甘露,晴,TRUE,FALSE,40,20,800
4/10/2024,周三,水果茶,多云,FALSE,FALSE,24,15,360
5/5/2024,周日,芋泥波波,晴,TRUE,TRUE,61,11,671
4/9/2024,周二,芋泥波波,雨,FALSE,FALSE,24,20,480
4/19/2024,周五,抹茶拿铁,雨,FALSE,FALSE,15,10,150
4/1/2024,周一,杨枝甘露,多云,FALSE,FALSE,12,21,252
3/8/2024,周五,冰美式,雨,FALSE,FALSE,22,12,264
3/23/2024,周六,可可奶茶,多云,TRUE,FALSE,-1,12,360
4/9/2024,周二,水果茶,雨,FALSE,FALSE,21,10,210
4/30/2024,周二,珍珠奶茶,阴,FALSE,TRUE,39,13,507
3/2/2024,周六,芝士奶盖,晴,TRUE,FALSE,33,11,363
4/29/2024,周一,水果茶,多云,FALSE,FALSE,34,10,340
4/30/2024,周二,青稞奶茶,雨,FALSE,FALSE,19,19,361
3/13/2024,周三,抹茶拿铁,雪,FALSE,TRUE,46,12,552
3/19/2024,周二,柠檬茶,晴,FALSE,FALSE,16,19,304
3/29/2024,周五,青稞奶茶,雨,FALSE,FALSE,22,20,440
5/6/2024,周一,冰美式,多云,FALSE,FALSE,23,20,460
3/5/2024,周二,水果茶,多云,FALSE,FALSE,11,12,132
3/31/2024,周日,杨枝甘露,雨,TRUE,TRUE,61,20,1220
5/13/2024,周一,水果茶,多云,FALSE,FALSE,28,18,504
4/5/2024,周五,可可奶茶,雨,FALSE,FALSE,22,14,308
5/2/2024,周四,可可奶茶,晴,FALSE,FALSE,29,18,522
4/16/2024,周二,水果茶,雪,FALSE,TRUE,30,11,330
5/31/2024,周五,青稞奶茶,雨,FALSE,FALSE,20,18,360
3/11/2024,周一,可可奶茶,阴,FALSE,FALSE,23,13,299
5/27/2024,周一,柠檬茶,多云,FALSE,FALSE,15,18,270
3/20/2024,周三,冰美式,雪,FALSE,FALSE,14,18,252
3/21/2024,周四,芋泥波波,雪,FALSE,FALSE,17,18,306
5/18/2024,周六,水果茶,雨,TRUE,TRUE,51,16,816
4/23/2024,周二,抹茶拿铁,雨,FALSE,TRUE,38,11,418
5/11/2024,周六,青稞奶茶,雪,TRUE,FALSE,32,10,320
3/18/2024,周一,杨枝甘露,多云,FALSE,FALSE,28,21,588
5/22/2024,周三,水果茶,雪,FALSE,TRUE,38,13,494
4/5/2024,周五,杨枝甘露,晴,FALSE,FALSE,31,19,589
3/19/2024,周二,青稞奶茶,晴,FALSE,FALSE,28,14,392
5/20/2024,周一,冰美式,多云,FALSE,FALSE,29,11,319
5/18/2024,周六,抹茶拿铁,晴,TRUE,FALSE,34,14,476
3/6/2024,周三,水果茶,晴,FALSE,FALSE,24,19,456
5/30/2024,周四,抹茶拿铁,多云,FALSE,FALSE,20,19,380
4/16/2024,周二,柠檬茶,阴,FALSE,FALSE,35,11,385
4/5/2024,周五,青稞奶茶,雪,FALSE,FALSE,28,14,392
3/11/2024,周一,珍珠奶茶,阴,FALSE,FALSE,20,13,260
5/25/2024,周六,青稞奶茶,阴,TRUE,FALSE,37,16,592
5/25/2024,周六,水果茶,雪,TRUE,TRUE,47,19,893
3/31/2024,周日,芝士奶盖,雪,TRUE,FALSE,49,10,490
4/26/2024,周五,抹茶拿铁,阴,FALSE,FALSE,21,16,336
3/4/2024,周一,柠檬茶,晴,FALSE,FALSE,20,11,220
4/22/2024,周一,珍珠奶茶,雨,FALSE,FALSE,34,14,476
4/1/2024,周一,青稞奶茶,晴,FALSE,FALSE,34,14,476
3/21/2024,周四,柠檬茶,阴,FALSE,FALSE,22,17,374
4/12/2024,周五,芝士奶盖,雨,FALSE,FALSE,18,11,198
4/10/2024,周三,冰美式,多云,FALSE,FALSE,28,14,392
5/2/2024,周四,芝士奶盖,阴,FALSE,FALSE,22,12,264
3/15/2024,周五,柠檬茶,雪,FALSE,FALSE,27,14,378
5/8/2024,周三,杨枝甘露,雪,FALSE,FALSE,25,18,450
5/16/2024,周四,水果茶,多云,FALSE,FALSE,26,15,390
4/19/2024,周五,芋泥波波,雪,FALSE,FALSE,20,15,300
4/26/2024,周五,珍珠奶茶,雪,FALSE,TRUE,31,15,465
5/28/2024,周二,柠檬茶,多云,FALSE,FALSE,-1,12,240
3/3/2024,周日,冰美式,阴,TRUE,FALSE,48,19,912
3/24/2024,周日,可可奶茶,阴,TRUE,FALSE,49,14,686
4/16/2024,周二,青稞奶茶,雨,FALSE,FALSE,26,15,390
3/10/2024,周日,杨枝甘露,多云,TRUE,FALSE,44,19,836
5/4/2024,周六,抹茶拿铁,雨,TRUE,TRUE,64,15,960
5/22/2024,周三,可可奶茶,阴,FALSE,FALSE,17,17,289
5/3/2024,周五,冰美式,晴,FALSE,FALSE,25,10,250
5/11/2024,周六,珍珠奶茶,阴,TRUE,FALSE,38,12,456
3/9/2024,周六,青稞奶茶,雨,TRUE,FALSE,43,19,817
5/30/2024,周四,杨枝甘露,多云,FALSE,FALSE,26,22,572
4/8/2024,周一,芝士奶盖,雪,FALSE,FALSE,25,16,400
5/9/2024,周四,冰美式,晴,FALSE,FALSE,20,15,300
3/10/2024,周日,冰美式,雪,TRUE,FALSE,29,13,377
5/16/2024,周四,杨枝甘露,晴,FALSE,FALSE,22,18,396
3/13/2024,周三,水果茶,阴,FALSE,FALSE,29,12,348
3/24/2024,周日,芋泥波波,雨,TRUE,TRUE,54,17,918
4/3/2024,周三,水果茶,多云,FALSE,FALSE,26,20,520
4/27/2024,周六,芋泥波波,雨,TRUE,TRUE,60,18,1080
4/17/2024,周三,芋泥波波,晴,FALSE,FALSE,0,10,230
4/9/2024,周二,珍珠奶茶,晴,FALSE,FALSE,24,15,360
3/28/2024,周四,芝士奶盖,多云,FALSE,FALSE,22,12,264
5/30/2024,周四,杨枝甘露,阴,FALSE,TRUE,32,18,576
4/9/2024,周二,青稞奶茶,雨,FALSE,FALSE,22,18,396
3/13/2024,周三,抹茶拿铁,雪,FALSE,TRUE,40,17,680
5/10/2024,周五,水果茶,晴,FALSE,FALSE,25,15,375
3/19/2024,周二,柠檬茶,多云,FALSE,FALSE,25,15,375
5/1/2024,周三,冰美式,雪,FALSE,TRUE,38,18,684
5/29/2024,周三,可可奶茶,雪,FALSE,FALSE,26,15,390
3/26/2024,周二,青稞奶茶,阴,FALSE,FALSE,-1,17,408
4/11/2024,周四,可可奶茶,雪,FALSE,FALSE,32,14,448
5/29/2024,周三,珍珠奶茶,多云,FALSE,FALSE,15,13,195
3/7/2024,周四,可可奶茶,晴,FALSE,FALSE,16,13,208
5/8/2024,周三,珍珠奶茶,雪,FALSE,FALSE,25,14,350
3/6/2024,周三,柠檬茶,阴,FALSE,FALSE,16,15,240
3/27/2024,周三,抹茶拿铁,雪,FALSE,FALSE,16,10,160
3/27/2024,周三,芋泥波波,晴,FALSE,FALSE,29,15,435
4/19/2024,周五,柠檬茶,阴,FALSE,TRUE,42,13,546
4/3/2024,周三,水果茶,多云,FALSE,FALSE,29,14,406
3/2/2024,周六,水果茶,阴,TRUE,FALSE,41,17,697
3/2/2024,周六,水果茶,阴,TRUE,TRUE,40,20,800
3/21/2024,周四,抹茶拿铁,多云,FALSE,FALSE,14,14,196
5/31/2024,周五,水果茶,雪,FALSE,FALSE,28,14,392
3/16/2024,周六,水果茶,晴,TRUE,FALSE,38,13,494
3/5/2024,周二,抹茶拿铁,晴,FALSE,TRUE,41,12,492
5/28/2024,周二,芋泥波波,阴,FALSE,FALSE,24,12,288
3/6/2024,周三,可可奶茶,多云,FALSE,FALSE,-1,19,304
4/13/2024,周六,青稞奶茶,雨,TRUE,FALSE,40,10,400
3/20/2024,周三,青稞奶茶,多云,FALSE,TRUE,30,20,600
3/4/2024,周一,抹茶拿铁,多云,FALSE,FALSE,16,18,288
5/10/2024,周五,芝士奶盖,晴,FALSE,FALSE,17,18,306
5/19/2024,周日,杨枝甘露,雨,TRUE,TRUE,-1,19,1064
5/12/2024,周日,珍珠奶茶,雪,TRUE,TRUE,60,12,720
3/10/2024,周日,珍珠奶茶,阴,TRUE,FALSE,55,15,825
5/18/2024,周六,水果茶,多云,TRUE,FALSE,48,14,672
5/21/2024,周二,抹茶拿铁,多云,FALSE,FALSE,30,13,390
5/21/2024,周二,杨枝甘露,雨,FALSE,FALSE,27,18,486
4/8/2024,周一,杨枝甘露,阴,FALSE,FALSE,19,19,361
3/17/2024,周日,芝士奶盖,阴,TRUE,FALSE,37,17,629
4/26/2024,周五,水果茶,雨,FALSE,FALSE,34,16,544
5/7/2024,周二,柠檬茶,多云,FALSE,FALSE,26,13,338
5/24/2024,周五,冰美式,阴,FALSE,FALSE,27,15,405
3/28/2024,周四,水果茶,阴,FALSE,TRUE,41,14,574
5/19/2024,周日,水果茶,多云,TRUE,FALSE,34,12,408
5/6/2024,周一,水果茶,阴,FALSE,TRUE,34,19,646
4/4/2024,周四,冰美式,阴,FALSE,FALSE,17,12,204
4/29/2024,周一,柠檬茶,阴,FALSE,FALSE,23,18,414
3/5/2024,周二,芋泥波波,晴,FALSE,TRUE,27,11,297
4/15/2024,周一,柠檬茶,多云,FALSE,FALSE,15,15,225
4/10/2024,周三,冰美式,阴,FALSE,FALSE,26,14,364
5/11/2024,周六,杨枝甘露,多云,TRUE,FALSE,37,22,814
5/11/2024,周六,可可奶茶,阴,TRUE,FALSE,49,13,637
5/24/2024,周五,杨枝甘露,晴,FALSE,FALSE,26,21,546
5/1/2024,周三,杨枝甘露,雪,FALSE,FALSE,15,21,315
3/24/2024,周日,抹茶拿铁,阴,TRUE,FALSE,34,15,510
3/11/2024,周一,芝士奶盖,多云,FALSE,TRUE,36,16,576
3/15/2024,周五,柠檬茶,雨,FALSE,FALSE,33,10,330
5/15/2024,周三,水果茶,雨,FALSE,FALSE,18,18,324
5/6/2024,周一,珍珠奶茶,雨,FALSE,FALSE,25,13,325
4/3/2024,周三,抹茶拿铁,雨,FALSE,TRUE,50,20,1000
5/10/2024,周五,珍珠奶茶,雪,FALSE,TRUE,33,14,462
4/30/2024,周二,水果茶,晴,FALSE,FALSE,26,16,416
5/5/2024,周日,水果茶,雨,TRUE,TRUE,57,18,1026
4/6/2024,周六,青稞奶茶,阴,TRUE,FALSE,28,20,560
5/5/2024,周日,芋泥波波,多云,TRUE,FALSE,26,13,338
4/17/2024,周三,芋泥波波,雪,FALSE,FALSE,-1,11,165
4/13/2024,周六,冰美式,多云,TRUE,FALSE,34,20,680
5/25/2024,周六,芋泥波波,晴,TRUE,TRUE,59,11,649
5/31/2024,周五,芋泥波波,阴,FALSE,FALSE,-1,13,169
4/19/2024,周五,芝士奶盖,阴,FALSE,FALSE,23,19,437
4/30/2024,周二,青稞奶茶,阴,FALSE,TRUE,22,12,264
4/3/2024,周三,杨枝甘露,晴,FALSE,FALSE,17,19,323
4/11/2024,周四,柠檬茶,阴,FALSE,FALSE,24,14,336
5/4/2024,周六,青稞奶茶,阴,TRUE,FALSE,36,13,468
5/23/2024,周四,青稞奶茶,多云,FALSE,TRUE,37,15,555
3/8/2024,周五,冰美式,晴,FALSE,FALSE,30,10,300
5/26/2024,周日,芋泥波波,雪,TRUE,FALSE,40,20,800
3/9/2024,周六,冰美式,雨,TRUE,FALSE,40,15,600
5/2/2024,周四,芝士奶盖,多云,FALSE,FALSE,16,15,240
4/29/2024,周一,芝士奶盖,阴,FALSE,FALSE,29,17,493
4/19/2024,周五,水果茶,多云,FALSE,FALSE,16,20,320
4/16/2024,周二,珍珠奶茶,多云,FALSE,TRUE,0,12,456
3/20/2024,周三,青稞奶茶,多云,FALSE,TRUE,38,14,532
5/10/2024,周五,青稞奶茶,多云,FALSE,FALSE,24,16,384
3/21/2024,周四,抹茶拿铁,雨,FALSE,FALSE,12,15,180
5/17/2024,周五,青稞奶茶,多云,FALSE,FALSE,21,13,273
3/2/2024,周六,青稞奶茶,多云,TRUE,FALSE,49,20,980
5/18/2024,周六,芋泥波波,多云,TRUE,FALSE,49,15,735
3/17/2024,周日,芝士奶盖,阴,TRUE,TRUE,65,16,1040
4/11/2024,周四,柠檬茶,阴,FALSE,FALSE,28,15,420
4/12/2024,周五,柠檬茶,雨,FALSE,FALSE,32,19,608
4/1/2024,周一,抹茶拿铁,晴,FALSE,FALSE,26,16,416
5/19/2024,周日,芝士奶盖,雪,TRUE,FALSE,36,14,504
4/19/2024,周五,柠檬茶,多云,FALSE,FALSE,18,17,306
5/21/2024,周二,珍珠奶茶,雨,FALSE,FALSE,27,13,351
4/10/2024,周三,抹茶拿铁,雪,FALSE,FALSE,23,20,460
5/16/2024,周四,冰美式,雨,FALSE,FALSE,16,18,288
4/6/2024,周六,柠檬茶,阴,TRUE,FALSE,37,14,518
3/19/2024,周二,青稞奶茶,晴,FALSE,FALSE,16,11,176
3/19/2024,周二,抹茶拿铁,雪,FALSE,TRUE,44,11,484
4/28/2024,周日,青稞奶茶,雪,TRUE,FALSE,33,19,627
3/3/2024,周日,芋泥波波,雨,TRUE,FALSE,31,12,372
4/18/2024,周四,可可奶茶,阴,FALSE,FALSE,16,12,192
3/5/2024,周二,青稞奶茶,雪,FALSE,FALSE,20,18,360
5/31/2024,周五,杨枝甘露,晴,FALSE,FALSE,27,19,513
3/21/2024,周四,柠檬茶,雨,FALSE,FALSE,28,15,420
5/3/2024,周五,水果茶,雪,FALSE,FALSE,17,12,204
3/12/2024,周二,柠檬茶,多云,FALSE,TRUE,41,13,533
5/27/2024,周一,可可奶茶,晴,FALSE,FALSE,-1,17,221
3/30/2024,周六,杨枝甘露,雪,TRUE,FALSE,0,21,735
5/3/2024,周五,珍珠奶茶,雪,FALSE,TRUE,45,12,540
5/14/2024,周二,抹茶拿铁,雨,FALSE,FALSE,19,15,285
3/22/2024,周五,水果茶,多云,FALSE,FALSE,26,19,494
5/11/2024,周六,芝士奶盖,阴,TRUE,TRUE,63,14,882
4/11/2024,周四,青稞奶茶,晴,FALSE,FALSE,29,10,290
5/23/2024,周四,可可奶茶,多云,FALSE,TRUE,38,11,418
3/27/2024,周三,柠檬茶,多云,FALSE,FALSE,23,15,345
5/22/2024,周三,柠檬茶,多云,FALSE,FALSE,22,10,220
3/24/2024,周日,芝士奶盖,阴,TRUE,FALSE,37,15,555
4/20/2024,周六,冰美式,阴,TRUE,FALSE,39,14,546
5/25/2024,周六,柠檬茶,雪,TRUE,TRUE,37,19,703
3/2/2024,周六,青稞奶茶,雨,TRUE,FALSE,34,12,408
4/17/2024,周三,柠檬茶,阴,FALSE,FALSE,21,11,231
5/23/2024,周四,珍珠奶茶,晴,FALSE,FALSE,23,13,299
3/27/2024,周三,芋泥波波,阴,FALSE,TRUE,22,13,286
5/14/2024,周二,可可奶茶,雨,FALSE,TRUE,44,11,484
3/20/2024,周三,柠檬茶,阴,FALSE,FALSE,12,10,120
4/29/2024,周一,水果茶,晴,FALSE,FALSE,15,20,300
4/5/2024,周五,青稞奶茶,多云,FALSE,FALSE,25,20,500
3/25/2024,周一,柠檬茶,晴,FALSE,FALSE,24,19,456
4/25/2024,周四,可可奶茶,多云,FALSE,FALSE,25,14,350
5/16/2024,周四,芝士奶盖,阴,FALSE,FALSE,29,20,580
5/10/2024,周五,可可奶茶,雨,FALSE,FALSE,19,16,304
4/21/2024,周日,芝士奶盖,雨,TRUE,FALSE,41,20,820
5/3/2024,周五,可可奶茶,雨,FALSE,FALSE,24,19,456
3/18/2024,周一,芝士奶盖,阴,FALSE,FALSE,29,20,580
3/6/2024,周三,芝士奶盖,雪,FALSE,FALSE,24,12,288
5/13/2024,周一,杨枝甘露,阴,FALSE,TRUE,33,22,726
5/6/2024,周一,芋泥波波,雨,FALSE,FALSE,20,12,240
5/27/2024,周一,芝士奶盖,晴,FALSE,FALSE,30,18,540
5/6/2024,周一,水果茶,雪,FALSE,FALSE,23,11,253
5/22/2024,周三,抹茶拿铁,多云,FALSE,FALSE,22,11,242
3/10/2024,周日,青稞奶茶,阴,TRUE,FALSE,35,18,630
3/25/2024,周一,珍珠奶茶,晴,FALSE,FALSE,13,13,169
5/27/2024,周一,芋泥波波,雨,FALSE,FALSE,13,16,208
5/24/2024,周五,水果茶,雪,FALSE,FALSE,16,15,240
4/24/2024,周三,冰美式,雪,FALSE,FALSE,35,17,595
5/3/2024,周五,芝士奶盖,晴,FALSE,FALSE,28,16,448
3/13/2024,周三,水果茶,阴,FALSE,FALSE,27,10,270
3/12/2024,周二,抹茶拿铁,雪,FALSE,TRUE,41,11,451
4/13/2024,周六,柠檬茶,阴,TRUE,TRUE,66,17,1122
4/22/2024,周一,芋泥波波,多云,FALSE,FALSE,20,10,200
4/26/2024,周五,芋泥波波,阴,FALSE,FALSE,24,16,384
5/8/2024,周三,珍珠奶茶,雪,FALSE,TRUE,43,13,559
4/7/2024,周日,杨枝甘露,雨,TRUE,FALSE,32,18,576
3/10/2024,周日,柠檬茶,阴,TRUE,FALSE,46,20,920
4/18/2024,周四,珍珠奶茶,多云,FALSE,FALSE,29,15,435
4/26/2024,周五,芋泥波波,多云,FALSE,TRUE,41,10,410
4/16/2024,周二,水果茶,雪,FALSE,FALSE,15,20,300
4/23/2024,周二,抹茶拿铁,雨,FALSE,FALSE,17,11,187
4/3/2024,周三,芝士奶盖,阴,FALSE,FALSE,28,12,336
3/21/2024,周四,芋泥波波,多云,FALSE,FALSE,23,15,345
5/1/2024,周三,芋泥波波,雪,FALSE,FALSE,23,10,230
3/19/2024,周二,青稞奶茶,阴,FALSE,TRUE,32,10,320
5/25/2024,周六,青稞奶茶,雪,TRUE,TRUE,60,13,780
3/28/2024,周四,柠檬茶,阴,FALSE,FALSE,26,12,312
5/21/2024,周二,可可奶茶,多云,FALSE,FALSE,20,12,240
3/9/2024,周六,抹茶拿铁,晴,TRUE,FALSE,44,20,880
5/20/2024,周一,芝士奶盖,雨,FALSE,FALSE,23,10,230
4/20/2024,周六,珍珠奶茶,雨,TRUE,FALSE,40,13,520
3/17/2024,周日,抹茶拿铁,雪,TRUE,FALSE,54,20,1080
5/16/2024,周四,可可奶茶,阴,FALSE,FALSE,-1,19,475
5/11/2024,周六,芋泥波波,晴,TRUE,FALSE,35,14,490
4/13/2024,周六,青稞奶茶,雪,TRUE,FALSE,46,17,782
4/19/2024,周五,冰美式,阴,FALSE,FALSE,21,15,315
5/18/2024,周六,芋泥波波,雨,TRUE,FALSE,37,19,703
4/10/2024,周三,芝士奶盖,雪,FALSE,TRUE,34,15,510
4/22/2024,周一,青稞奶茶,雪,FALSE,FALSE,28,13,364
3/18/2024,周一,青稞奶茶,雨,FALSE,FALSE,24,15,360
4/29/2024,周一,冰美式,晴,FALSE,FALSE,19,20,380
5/16/2024,周四,芝士奶盖,阴,FALSE,FALSE,21,17,357
5/12/2024,周日,抹茶拿铁,雨,TRUE,TRUE,62,14,868
4/18/2024,周四,可可奶茶,晴,FALSE,TRUE,43,17,731
5/10/2024,周五,冰美式,雪,FALSE,FALSE,21,14,294
4/24/2024,周三,抹茶拿铁,阴,FALSE,FALSE,18,11,198
3/16/2024,周六,芝士奶盖,晴,TRUE,FALSE,30,11,330
4/4/2024,周四,杨枝甘露,阴,FALSE,FALSE,23,22,506
3/15/2024,周五,芝士奶盖,雨,FALSE,FALSE,21,13,273
5/13/2024,周一,青稞奶茶,多云,FALSE,TRUE,48,15,720
3/22/2024,周五,水果茶,雪,FALSE,FALSE,18,11,198
5/18/2024,周六,青稞奶茶,晴,TRUE,TRUE,59,13,767
3/22/2024,周五,杨枝甘露,雨,FALSE,TRUE,40,20,800
5/16/2024,周四,水果茶,多云,FALSE,FALSE,25,16,400
4/26/2024,周五,杨枝甘露,雪,FALSE,FALSE,22,22,484
3/27/2024,周三,抹茶拿铁,雪,FALSE,FALSE,23,17,391
4/19/2024,周五,抹茶拿铁,雨,FALSE,TRUE,36,20,720
4/21/2024,周日,柠檬茶,雨,TRUE,FALSE,44,14,616
4/18/2024,周四,冰美式,晴,FALSE,FALSE,34,13,442
3/9/2024,周六,抹茶拿铁,阴,TRUE,FALSE,0,16,480
4/27/2024,周六,水果茶,阴,TRUE,FALSE,30,14,420
4/3/2024,周三,抹茶拿铁,多云,FALSE,FALSE,24,20,480
5/7/2024,周二,柠檬茶,阴,FALSE,FALSE,14,11,154
3/21/2024,周四,芋泥波波,雨,FALSE,TRUE,32,12,384
4/25/2024,周四,青稞奶茶,多云,FALSE,FALSE,17,18,306
3/12/2024,周二,冰美式,雪,FALSE,FALSE,13,14,182
4/24/2024,周三,杨枝甘露,晴,FALSE,FALSE,20,22,440
3/9/2024,周六,芋泥波波,多云,TRUE,FALSE,40,18,720
3/23/2024,周六,杨枝甘露,多云,TRUE,FALSE,42,20,840
4/4/2024,周四,可可奶茶,雪,FALSE,FALSE,10,16,160
3/7/2024,周四,抹茶拿铁,多云,FALSE,FALSE,23,15,345
4/5/2024,周五,抹茶拿铁,阴,FALSE,TRUE,31,12,372
3/6/2024,周三,芋泥波波,多云,FALSE,TRUE,47,17,799
4/20/2024,周六,可可奶茶,阴,TRUE,FALSE,49,20,980
4/15/2024,周一,冰美式,雨,FALSE,FALSE,28,12,336
5/3/2024,周五,杨枝甘露,多云,FALSE,TRUE,30,18,540
4/22/2024,周一,水果茶,雨,FALSE,FALSE,27,17,459
3/3/2024,周日,柠檬茶,多云,TRUE,FALSE,47,12,564
4/8/2024,周一,水果茶,多云,FALSE,TRUE,37,14,518
4/29/2024,周一,抹茶拿铁,多云,FALSE,FALSE,27,10,270
3/19/2024,周二,芋泥波波,雨,FALSE,TRUE,42,20,840
3/10/2024,周日,冰美式,雨,TRUE,FALSE,0,17,714
3/9/2024,周六,芝士奶盖,多云,TRUE,FALSE,-1,12,516
3/19/2024,周二,可可奶茶,晴,FALSE,TRUE,41,18,738
4/27/2024,周六,水果茶,雪,TRUE,FALSE,44,15,660
3/7/2024,周四,可可奶茶,阴,FALSE,FALSE,999,18,342
5/12/2024,周日,可可奶茶,多云,TRUE,FALSE,33,15,495
4/26/2024,周五,青稞奶茶,多云,FALSE,FALSE,17,11,187
4/5/2024,周五,水果茶,晴,FALSE,TRUE,29,13,377
3/25/2024,周一,水果茶,阴,FALSE,FALSE,-1,13,234
3/21/2024,周四,珍珠奶茶,阴,FALSE,FALSE,21,15,315
3/22/2024,周五,抹茶拿铁,晴,FALSE,FALSE,18,19,342
4/17/2024,周三,抹茶拿铁,雪,FALSE,FALSE,23,20,460
5/7/2024,周二,杨枝甘露,雪,FALSE,FALSE,21,19,399
4/25/2024,周四,抹茶拿铁,雨,FALSE,FALSE,22,17,374
4/21/2024,周日,珍珠奶茶,雨,TRUE,FALSE,47,12,564
5/11/2024,周六,柠檬茶,多云,TRUE,FALSE,34,11,374
5/4/2024,周六,芝士奶盖,阴,TRUE,FALSE,43,14,602
3/21/2024,周四,冰美式,晴,FALSE,FALSE,25,16,400
4/25/2024,周四,杨枝甘露,阴,FALSE,FALSE,28,20,560
3/31/2024,周日,抹茶拿铁,阴,TRUE,FALSE,46,16,736
4/6/2024,周六,柠檬茶,多云,TRUE,FALSE,53,15,795
3/11/2024,周一,芋泥波波,晴,FALSE,FALSE,12,12,144
5/3/2024,周五,芋泥波波,晴,FALSE,TRUE,26,12,312
4/16/2024,周二,芝士奶盖,晴,FALSE,TRUE,999,11,341
3/11/2024,周一,珍珠奶茶,多云,FALSE,FALSE,16,15,240
5/15/2024,周三,青稞奶茶,雪,FALSE,FALSE,13,17,221
4/3/2024,周三,杨枝甘露,阴,FALSE,FALSE,17,18,306
4/13/2024,周六,杨枝甘露,阴,TRUE,FALSE,48,20,960
5/30/2024,周四,水果茶,多云,FALSE,FALSE,27,20,540
3/31/2024,周日,抹茶拿铁,多云,TRUE,TRUE,48,11,528
4/27/2024,周六,杨枝甘露,晴,TRUE,FALSE,34,20,680
5/31/2024,周五,抹茶拿铁,阴,FALSE,TRUE,53,20,1060
5/15/2024,周三,青稞奶茶,阴,FALSE,FALSE,21,12,252
4/14/2024,周日,芋泥波波,晴,TRUE,FALSE,30,16,480
5/3/2024,周五,抹茶拿铁,雨,FALSE,FALSE,27,16,432
5/12/2024,周日,杨枝甘露,多云,TRUE,FALSE,31,18,558
4/12/2024,周五,杨枝甘露,多云,FALSE,FALSE,20,21,420
3/26/2024,周二,杨枝甘露,晴,FALSE,FALSE,33,20,660
5/18/2024,周六,芝士奶盖,晴,TRUE,TRUE,56,13,728
5/27/2024,周一,可可奶茶,雪,FALSE,FALSE,26,19,494
5/18/2024,周六,柠檬茶,晴,TRUE,FALSE,47,18,846
4/28/2024,周日,珍珠奶茶,雨,TRUE,TRUE,63,12,756
4/23/2024,周二,抹茶拿铁,雨,FALSE,FALSE,20,17,340
5/23/2024,周四,珍珠奶茶,雪,FALSE,FALSE,21,12,252
3/6/2024,周三,柠檬茶,多云,FALSE,FALSE,30,10,300
4/5/2024,周五,可可奶茶,晴,FALSE,FALSE,33,14,462
5/24/2024,周五,珍珠奶茶,雪,FALSE,FALSE,35,14,490
3/31/2024,周日,水果茶,雨,TRUE,TRUE,65,10,650
3/11/2024,周一,芝士奶盖,阴,FALSE,TRUE,33,12,396
5/25/2024,周六,青稞奶茶,多云,TRUE,FALSE,41,12,492
4/6/2024,周六,青稞奶茶,雪,TRUE,FALSE,43,12,516
3/1/2024,周五,柠檬茶,雨,FALSE,TRUE,41,11,451
5/8/2024,周三,抹茶拿铁,阴,FALSE,FALSE,17,11,187
3/12/2024,周二,芝士奶盖,阴,FALSE,FALSE,23,14,322
5/19/2024,周日,芋泥波波,多云,TRUE,TRUE,47,18,846
5/20/2024,周一,芝士奶盖,雨,FALSE,FALSE,16,11,176
4/21/2024,周日,柠檬茶,多云,TRUE,FALSE,37,19,703
3/9/2024,周六,柠檬茶,雪,TRUE,FALSE,46,15,690
3/26/2024,周二,珍珠奶茶,阴,FALSE,TRUE,35,12,420
4/17/2024,周三,芝士奶盖,晴,FALSE,FALSE,30,11,330
3/13/2024,周三,冰美式,雪,FALSE,TRUE,38,18,684
4/13/2024,周六,芋泥波波,晴,TRUE,FALSE,54,15,810
5/8/2024,周三,水果茶,晴,FALSE,FALSE,19,14,266
3/18/2024,周一,青稞奶茶,多云,FALSE,FALSE,28,11,308
4/16/2024,周二,芋泥波波,雨,FALSE,FALSE,0,10,310
4/11/2024,周四,杨枝甘露,多云,FALSE,FALSE,21,22,462
4/16/2024,周二,芋泥波波,雨,FALSE,FALSE,18,11,198
3/28/2024,周四,冰美式,多云,FALSE,TRUE,34,18,612
3/11/2024,周一,可可奶茶,雪,FALSE,FALSE,20,16,320
3/6/2024,周三,青稞奶茶,晴,FALSE,FALSE,27,10,270
3/13/2024,周三,冰美式,晴,FALSE,FALSE,10,17,170
4/21/2024,周日,可可奶茶,雨,TRUE,TRUE,49,11,539
3/24/2024,周日,冰美式,晴,TRUE,FALSE,30,12,360
5/27/2024,周一,可可奶茶,阴,FALSE,TRUE,39,19,741
3/25/2024,周一,抹茶拿铁,晴,FALSE,FALSE,26,20,520
5/7/2024,周二,青稞奶茶,多云,FALSE,FALSE,30,16,480
4/6/2024,周六,青稞奶茶,雪,TRUE,FALSE,33,16,528
5/17/2024,周五,抹茶拿铁,晴,FALSE,FALSE,13,14,182
5/13/2024,周一,杨枝甘露,多云,FALSE,TRUE,26,19,494
3/10/2024,周日,水果茶,多云,TRUE,FALSE,-1,19,570
5/31/2024,周五,芋泥波波,阴,FALSE,TRUE,30,12,360
5/22/2024,周三,芋泥波波,雨,FALSE,FALSE,27,20,540
4/5/2024,周五,抹茶拿铁,多云,FALSE,FALSE,21,13,273
5/24/2024,周五,柠檬茶,阴,FALSE,FALSE,31,10,310
4/25/2024,周四,抹茶拿铁,晴,FALSE,FALSE,15,17,255
3/27/2024,周三,水果茶,雨,FALSE,TRUE,29,16,464
4/30/2024,周二,可可奶茶,雪,FALSE,FALSE,16,20,320
3/26/2024,周二,青稞奶茶,阴,FALSE,FALSE,32,13,416
3/18/2024,周一,珍珠奶茶,阴,FALSE,FALSE,25,13,325
4/17/2024,周三,可可奶茶,晴,FALSE,FALSE,28,18,504
4/21/2024,周日,珍珠奶茶,雪,TRUE,FALSE,28,13,364
4/2/2024,周二,柠檬茶,阴,FALSE,FALSE,15,12,180
4/11/2024,周四,可可奶茶,雪,FALSE,FALSE,30,13,390
4/9/2024,周二,水果茶,雨,FALSE,FALSE,28,16,448
5/17/2024,周五,冰美式,晴,FALSE,FALSE,30,13,390
4/11/2024,周四,珍珠奶茶,雨,FALSE,FALSE,23,14,322
4/25/2024,周四,可可奶茶,晴,FALSE,TRUE,25,16,400
3/27/2024,周三,抹茶拿铁,雪,FALSE,FALSE,24,11,264
5/10/2024,周五,抹茶拿铁,多云,FALSE,FALSE,17,15,255
4/2/2024,周二,珍珠奶茶,晴,FALSE,FALSE,33,15,495
3/12/2024,周二,芝士奶盖,雪,FALSE,TRUE,40,18,720
3/31/2024,周日,珍珠奶茶,雨,TRUE,FALSE,50,12,600
5/2/2024,周四,柠檬茶,雨,FALSE,TRUE,51,19,969
4/24/2024,周三,芝士奶盖,阴,FALSE,FALSE,23,10,230
5/20/2024,周一,冰美式,雨,FALSE,TRUE,25,10,250
3/26/2024,周二,柠檬茶,多云,FALSE,FALSE,16,20,320
5/19/2024,周日,杨枝甘露,晴,TRUE,FALSE,29,20,580
4/8/2024,周一,水果茶,晴,FALSE,FALSE,16,17,272
3/22/2024,周五,芝士奶盖,雪,FALSE,TRUE,28,11,308
3/28/2024,周四,芋泥波波,阴,FALSE,TRUE,29,14,406
5/31/2024,周五,可可奶茶,阴,FALSE,TRUE,47,20,940
4/27/2024,周六,水果茶,雪,TRUE,FALSE,37,14,518
5/17/2024,周五,柠檬茶,多云,FALSE,FALSE,16,18,288
3/12/2024,周二,冰美式,多云,FALSE,FALSE,16,18,288
3/15/2024,周五,可可奶茶,阴,FALSE,FALSE,34,12,408
3/24/2024,周日,可可奶茶,多云,TRUE,FALSE,32,18,576
5/9/2024,周四,芋泥波波,雪,FALSE,FALSE,22,18,396
4/3/2024,周三,青稞奶茶,雪,FALSE,TRUE,32,16,512
3/27/2024,周三,杨枝甘露,晴,FALSE,FALSE,26,21,546
5/21/2024,周二,可可奶茶,雨,FALSE,FALSE,22,14,308
4/13/2024,周六,珍珠奶茶,晴,TRUE,FALSE,36,12,432
3/4/2024,周一,芋泥波波,多云,FALSE,FALSE,30,19,570
5/28/2024,周二,柠檬茶,晴,FALSE,FALSE,33,20,660
5/20/2024,周一,冰美式,多云,FALSE,FALSE,15,16,240
5/4/2024,周六,青稞奶茶,雨,TRUE,TRUE,54,19,1026
5/9/2024,周四,抹茶拿铁,阴,FALSE,FALSE,20,12,240
4/6/2024,周六,可可奶茶,晴,TRUE,FALSE,51,10,510
4/29/2024,周一,珍珠奶茶,雪,FALSE,TRUE,35,13,455
5/21/2024,周二,芝士奶盖,雨,FALSE,FALSE,16,18,288
4/18/2024,周四,冰美式,多云,FALSE,FALSE,17,18,306
4/11/2024,周四,芝士奶盖,雨,FALSE,FALSE,13,19,247
3/6/2024,周三,可可奶茶,阴,FALSE,TRUE,27,16,432
5/18/2024,周六,可可奶茶,雪,TRUE,FALSE,39,19,741
5/7/2024,周二,杨枝甘露,晴,FALSE,TRUE,25,21,525
5/7/2024,周二,芋泥波波,雨,FALSE,FALSE,14,20,280
4/30/2024,周二,抹茶拿铁,雪,FALSE,TRUE,38,20,760
4/4/2024,周四,柠檬茶,晴,FALSE,TRUE,39,20,780
3/22/2024,周五,可可奶茶,阴,FALSE,FALSE,19,13,247
5/31/2024,周五,杨枝甘露,雪,FALSE,FALSE,22,20,440
4/2/2024,周二,芋泥波波,晴,FALSE,FALSE,28,20,560
4/15/2024,周一,芝士奶盖,晴,FALSE,TRUE,42,15,630
5/27/2024,周一,杨枝甘露,多云,FALSE,FALSE,19,18,342
4/9/2024,周二,水果茶,雨,FALSE,FALSE,26,18,468
3/3/2024,周日,柠檬茶,雨,TRUE,FALSE,44,18,792
4/5/2024,周五,芝士奶盖,阴,FALSE,FALSE,14,20,280
3/5/2024,周二,青稞奶茶,雨,FALSE,FALSE,14,13,182
4/15/2024,周一,柠檬茶,雪,FALSE,FALSE,19,16,304
3/19/2024,周二,芋泥波波,晴,FALSE,FALSE,19,18,342
3/16/2024,周六,可可奶茶,雪,TRUE,FALSE,29,19,551
5/26/2024,周日,柠檬茶,多云,TRUE,TRUE,0,13,845
3/5/2024,周二,芋泥波波,雪,FALSE,FALSE,19,15,285
3/13/2024,周三,抹茶拿铁,雪,FALSE,FALSE,-1,10,310
3/27/2024,周三,珍珠奶茶,雪,FALSE,TRUE,27,13,351
5/7/2024,周二,珍珠奶茶,阴,FALSE,FALSE,27,15,405
4/6/2024,周六,冰美式,阴,TRUE,FALSE,37,20,740
4/17/2024,周三,冰美式,多云,FALSE,FALSE,22,14,308
3/16/2024,周六,可可奶茶,雪,TRUE,FALSE,53,14,742
4/20/2024,周六,可可奶茶,雨,TRUE,FALSE,49,12,588
4/22/2024,周一,柠檬茶,多云,FALSE,FALSE,24,19,456
3/10/2024,周日,柠檬茶,雨,TRUE,FALSE,50,11,550
3/5/2024,周二,青稞奶茶,雪,FALSE,FALSE,14,15,210
4/13/2024,周六,柠檬茶,阴,TRUE,FALSE,40,18,720
3/15/2024,周五,杨枝甘露,晴,FALSE,FALSE,26,18,468
3/27/2024,周三,芝士奶盖,阴,FALSE,FALSE,23,10,230
5/27/2024,周一,抹茶拿铁,雨,FALSE,FALSE,15,11,165
3/28/2024,周四,青稞奶茶,雨,FALSE,TRUE,44,18,792
5/13/2024,周一,芋泥波波,阴,FALSE,FALSE,33,20,660
5/19/2024,周日,柠檬茶,雨,TRUE,FALSE,50,11,550
5/10/2024,周五,珍珠奶茶,多云,FALSE,FALSE,27,15,405
5/10/2024,周五,可可奶茶,阴,FALSE,TRUE,37,15,555
3/16/2024,周六,珍珠奶茶,雨,TRUE,FALSE,28,12,336
5/12/2024,周日,冰美式,雨,TRUE,FALSE,29,10,290
4/27/2024,周六,青稞奶茶,多云,TRUE,FALSE,52,19,988
5/20/2024,周一,水果茶,雨,FALSE,FALSE,32,19,608
5/26/2024,周日,抹茶拿铁,雪,TRUE,FALSE,35,15,525
5/21/2024,周二,冰美式,多云,FALSE,FALSE,999,14,252
4/9/2024,周二,冰美式,多云,FALSE,FALSE,17,12,204
3/29/2024,周五,青稞奶茶,阴,FALSE,FALSE,22,10,220
5/29/2024,周三,珍珠奶茶,多云,FALSE,FALSE,26,15,390
3/4/2024,周一,抹茶拿铁,多云,FALSE,FALSE,18,18,324
4/11/2024,周四,冰美式,多云,FALSE,FALSE,29,12,348
5/11/2024,周六,珍珠奶茶,晴,TRUE,FALSE,40,12,480
5/28/2024,周二,冰美式,雨,FALSE,TRUE,41,19,779
5/9/2024,周四,杨枝甘露,雨,FALSE,TRUE,47,22,1034
4/22/2024,周一,芋泥波波,晴,FALSE,FALSE,22,11,242
5/27/2024,周一,杨枝甘露,雪,FALSE,FALSE,21,18,378
3/25/2024,周一,青稞奶茶,雪,FALSE,TRUE,45,18,810
3/6/2024,周三,珍珠奶茶,阴,FALSE,FALSE,15,12,180
5/5/2024,周日,水果茶,阴,TRUE,FALSE,50,11,550
3/15/2024,周五,水果茶,晴,FALSE,TRUE,38,15,570
3/4/2024,周一,珍珠奶茶,阴,FALSE,FALSE,21,14,294
5/20/2024,周一,冰美式,雨,FALSE,TRUE,30,20,600
5/14/2024,周二,抹茶拿铁,多云,FALSE,TRUE,41,20,820
3/3/2024,周日,抹茶拿铁,阴,TRUE,FALSE,45,12,540
4/27/2024,周六,杨枝甘露,阴,TRUE,FALSE,46,19,874
5/11/2024,周六,芋泥波波,阴,TRUE,FALSE,40,12,480
5/17/2024,周五,芋泥波波,晴,FALSE,FALSE,26,20,520
3/9/2024,周六,柠檬茶,多云,TRUE,FALSE,32,12,384
4/10/2024,周三,芝士奶盖,多云,FALSE,FALSE,21,11,231
3/11/2024,周一,抹茶拿铁,多云,FALSE,FALSE,12,20,240
5/17/2024,周五,杨枝甘露,阴,FALSE,TRUE,29,22,638
4/10/2024,周三,杨枝甘露,阴,FALSE,FALSE,29,21,609
3/28/2024,周四,抹茶拿铁,雪,FALSE,FALSE,-1,19,304
5/14/2024,周二,芝士奶盖,多云,FALSE,FALSE,-1,18,270
4/25/2024,周四,青稞奶茶,晴,FALSE,FALSE,22,20,440
3/14/2024,周四,水果茶,雪,FALSE,TRUE,44,17,748
3/22/2024,周五,杨枝甘露,晴,FALSE,FALSE,22,18,396
5/15/2024,周三,可可奶茶,晴,FALSE,FALSE,19,18,342
4/23/2024,周二,杨枝甘露,阴,FALSE,FALSE,30,22,660
4/24/2024,周三,柠檬茶,晴,FALSE,FALSE,19,18,342
4/10/2024,周三,水果茶,雨,FALSE,FALSE,17,10,170
5/29/2024,周三,冰美式,阴,FALSE,FALSE,24,17,408
3/8/2024,周五,水果茶,多云,FALSE,FALSE,33,12,396
3/2/2024,周六,芝士奶盖,阴,TRUE,FALSE,26,20,520
3/24/2024,周日,柠檬茶,雨,TRUE,FALSE,56,16,896
5/24/2024,周五,芝士奶盖,雨,FALSE,FALSE,17,11,187
4/21/2024,周日,冰美式,晴,TRUE,FALSE,31,11,341
3/18/2024,周一,芝士奶盖,阴,FALSE,FALSE,22,18,396
5/27/2024,周一,青稞奶茶,阴,FALSE,FALSE,25,14,350
3/3/2024,周日,杨枝甘露,晴,TRUE,FALSE,29,22,638
3/30/2024,周六,可可奶茶,雪,TRUE,FALSE,42,18,756
5/22/2024,周三,杨枝甘露,雪,FALSE,FALSE,28,22,616
3/9/2024,周六,芋泥波波,雨,TRUE,FALSE,42,18,756
3/5/2024,周二,抹茶拿铁,雨,FALSE,FALSE,15,18,270
4/19/2024,周五,抹茶拿铁,雪,FALSE,FALSE,999,12,312
4/27/2024,周六,青稞奶茶,晴,TRUE,FALSE,38,20,760
4/29/2024,周一,抹茶拿铁,阴,FALSE,FALSE,34,19,646
5/4/2024,周六,抹茶拿铁,多云,TRUE,FALSE,38,13,494
3/5/2024,周二,可可奶茶,雪,FALSE,TRUE,42,20,840
3/31/2024,周日,芝士奶盖,雨,TRUE,FALSE,36,15,540
4/19/2024,周五,水果茶,阴,FALSE,FALSE,20,20,400
4/5/2024,周五,可可奶茶,雨,FALSE,FALSE,19,14,266
5/7/2024,周二,水果茶,雪,FALSE,FALSE,26,15,390
5/18/2024,周六,青稞奶茶,多云,TRUE,FALSE,32,20,640
5/13/2024,周一,青稞奶茶,多云,FALSE,FALSE,25,18,450
5/13/2024,周一,芋泥波波,阴,FALSE,TRUE,41,20,820
3/24/2024,周日,可可奶茶,阴,TRUE,TRUE,56,12,672
3/22/2024,周五,水果茶,多云,FALSE,FALSE,26,20,520
3/29/2024,周五,可可奶茶,雪,FALSE,FALSE,999,15,270
5/2/2024,周四,可可奶茶,阴,FALSE,FALSE,0,15,390
5/2/2024,周四,青稞奶茶,多云,FALSE,TRUE,42,19,798
5/26/2024,周日,可可奶茶,晴,TRUE,FALSE,44,17,748
3/22/2024,周五,珍珠奶茶,雪,FALSE,FALSE,21,13,273
3/5/2024,周二,芋泥波波,多云,FALSE,FALSE,22,15,330
3/14/2024,周四,芝士奶盖,多云,FALSE,TRUE,37,19,703
4/23/2024,周二,抹茶拿铁,多云,FALSE,FALSE,999,15,300
4/4/2024,周四,杨枝甘露,雨,FALSE,FALSE,14,18,252
3/23/2024,周六,抹茶拿铁,雪,TRUE,FALSE,38,19,722
5/11/2024,周六,珍珠奶茶,多云,TRUE,FALSE,44,14,616
3/31/2024,周日,可可奶茶,雪,TRUE,FALSE,46,16,736
3/18/2024,周一,芝士奶盖,阴,FALSE,TRUE,47,18,846
4/27/2024,周六,可可奶茶,雨,TRUE,FALSE,41,12,492
4/13/2024,周六,可可奶茶,雨,TRUE,FALSE,40,19,760
4/16/2024,周二,芝士奶盖,多云,FALSE,FALSE,23,19,437
3/11/2024,周一,水果茶,晴,FALSE,TRUE,30,10,300
4/9/2024,周二,芝士奶盖,雪,FALSE,FALSE,20,11,220
3/17/2024,周日,芋泥波波,雨,TRUE,TRUE,50,15,750
5/6/2024,周一,柠檬茶,雪,FALSE,FALSE,33,11,363
4/6/2024,周六,可可奶茶,雪,TRUE,FALSE,50,19,950
5/2/2024,周四,杨枝甘露,多云,FALSE,FALSE,35,21,735
4/7/2024,周日,水果茶,晴,TRUE,TRUE,49,15,735
3/9/2024,周六,可可奶茶,多云,TRUE,FALSE,32,12,384
3/9/2024,周六,杨枝甘露,雪,TRUE,TRUE,51,20,1020
3/8/2024,周五,水果茶,晴,FALSE,FALSE,16,14,224
3/27/2024,周三,可可奶茶,雨,FALSE,TRUE,43,16,688
3/12/2024,周二,抹茶拿铁,多云,FALSE,FALSE,22,17,374
4/16/2024,周二,可可奶茶,阴,FALSE,TRUE,39,10,390
5/19/2024,周日,芋泥波波,阴,TRUE,FALSE,51,18,918
3/14/2024,周四,水果茶,雪,FALSE,FALSE,18,11,198
3/23/2024,周六,芋泥波波,多云,TRUE,TRUE,61,20,1220
3/24/2024,周日,珍珠奶茶,多云,TRUE,TRUE,63,13,819
3/22/2024,周五,芋泥波波,雨,FALSE,FALSE,32,11,352
3/31/2024,周日,可可奶茶,多云,TRUE,FALSE,44,15,660
5/29/2024,周三,柠檬茶,雨,FALSE,FALSE,33,16,528
5/22/2024,周三,抹茶拿铁,多云,FALSE,TRUE,45,13,585
5/13/2024,周一,芝士奶盖,雨,FALSE,FALSE,25,19,475
3/15/2024,周五,杨枝甘露,雪,FALSE,FALSE,999,21,693
3/23/2024,周六,抹茶拿铁,多云,TRUE,TRUE,50,19,950
5/7/2024,周二,抹茶拿铁,多云,FALSE,FALSE,18,12,216
5/11/2024,周六,可可奶茶,多云,TRUE,TRUE,53,12,636
4/20/2024,周六,珍珠奶茶,多云,TRUE,TRUE,56,15,840
5/27/2024,周一,抹茶拿铁,雨,FALSE,FALSE,29,20,580
3/24/2024,周日,柠檬茶,雪,TRUE,FALSE,45,10,450
4/5/2024,周五,青稞奶茶,阴,FALSE,FALSE,26,19,494
4/28/2024,周日,芋泥波波,多云,TRUE,FALSE,-1,11,495
5/22/2024,周三,冰美式,雪,FALSE,FALSE,25,10,250
3/26/2024,周二,抹茶拿铁,雪,FALSE,TRUE,40,10,400
4/30/2024,周二,芋泥波波,雪,FALSE,FALSE,25,11,275
3/7/2024,周四,杨枝甘露,晴,FALSE,FALSE,15,21,315
5/24/2024,周五,杨枝甘露,晴,FALSE,FALSE,21,18,378
4/18/2024,周四,水果茶,多云,FALSE,FALSE,13,11,143
3/5/2024,周二,抹茶拿铁,雨,FALSE,FALSE,22,17,374
3/26/2024,周二,冰美式,晴,FALSE,FALSE,19,16,304
3/27/2024,周三,可可奶茶,多云,FALSE,FALSE,20,14,280
3/14/2024,周四,杨枝甘露,多云,FALSE,TRUE,33,22,726
5/20/2024,周一,可可奶茶,雨,FALSE,FALSE,23,20,460
3/18/2024,周一,杨枝甘露,阴,FALSE,TRUE,41,20,820
4/14/2024,周日,水果茶,晴,TRUE,FALSE,30,20,600
4/14/2024,周日,杨枝甘露,阴,TRUE,FALSE,44,19,836
3/16/2024,周六,杨枝甘露,多云,TRUE,FALSE,38,22,836
4/16/2024,周二,水果茶,多云,FALSE,FALSE,19,14,266
3/20/2024,周三,珍珠奶茶,阴,FALSE,FALSE,20,12,240
3/21/2024,周四,抹茶拿铁,雪,FALSE,FALSE,17,12,204
3/8/2024,周五,抹茶拿铁,阴,FALSE,FALSE,21,10,210
3/17/2024,周日,杨枝甘露,雪,TRUE,FALSE,35,20,700
3/21/2024,周四,珍珠奶茶,雨,FALSE,TRUE,28,12,336
4/21/2024,周日,抹茶拿铁,阴,TRUE,FALSE,47,19,893
4/26/2024,周五,冰美式,雨,FALSE,FALSE,23,13,299
3/14/2024,周四,杨枝甘露,阴,FALSE,FALSE,19,18,342
3/16/2024,周六,可可奶茶,晴,TRUE,FALSE,34,18,612
4/27/2024,周六,水果茶,晴,TRUE,FALSE,-1,18,702
5/6/2024,周一,芋泥波波,阴,FALSE,TRUE,40,11,440
5/30/2024,周四,珍珠奶茶,晴,FALSE,TRUE,40,15,600
3/7/2024,周四,抹茶拿铁,雨,FALSE,TRUE,31,15,465
4/5/2024,周五,抹茶拿铁,多云,FALSE,FALSE,21,11,231
3/4/2024,周一,珍珠奶茶,多云,FALSE,FALSE,31,14,434
5/30/2024,周四,水果茶,阴,FALSE,TRUE,37,10,370
5/25/2024,周六,柠檬茶,阴,TRUE,TRUE,65,16,1040
4/25/2024,周四,杨枝甘露,雨,FALSE,FALSE,20,19,380
5/29/2024,周三,抹茶拿铁,晴,FALSE,TRUE,30,16,480
4/9/2024,周二,芝士奶盖,晴,FALSE,FALSE,10,17,170
5/25/2024,周六,抹茶拿铁,雨,TRUE,TRUE,52,19,988
5/10/2024,周五,芋泥波波,雪,FALSE,TRUE,41,11,451
3/23/2024,周六,珍珠奶茶,雪,TRUE,FALSE,33,14,462
5/16/2024,周四,抹茶拿铁,雪,FALSE,FALSE,29,20,580
3/9/2024,周六,柠檬茶,雪,TRUE,FALSE,40,16,640
5/11/2024,周六,青稞奶茶,阴,TRUE,FALSE,29,12,348
4/6/2024,周六,珍珠奶茶,阴,TRUE,FALSE,43,13,559
4/11/2024,周四,水果茶,多云,FALSE,FALSE,23,20,460
4/7/2024,周日,冰美式,晴,TRUE,FALSE,50,10,500
4/3/2024,周三,杨枝甘露,多云,FALSE,TRUE,40,22,880
5/9/2024,周四,杨枝甘露,晴,FALSE,FALSE,15,18,270
5/24/2024,周五,青稞奶茶,雪,FALSE,FALSE,14,13,182
5/29/2024,周三,冰美式,多云,FALSE,FALSE,25,17,425
5/8/2024,周三,可可奶茶,雪,FALSE,TRUE,38,16,608
4/8/2024,周一,可可奶茶,多云,FALSE,FALSE,21,15,315
3/30/2024,周六,冰美式,雪,TRUE,FALSE,39,18,702
3/4/2024,周一,青稞奶茶,阴,FALSE,FALSE,18,20,360
3/24/2024,周日,柠檬茶,雪,TRUE,TRUE,62,11,682
5/25/2024,周六,芋泥波波,雪,TRUE,FALSE,40,19,760
3/22/2024,周五,冰美式,雪,FALSE,FALSE,25,17,425
4/20/2024,周六,冰美式,晴,TRUE,FALSE,49,15,735
3/16/2024,周六,青稞奶茶,雪,TRUE,FALSE,999,16,512
5/22/2024,周三,柠檬茶,阴,FALSE,FALSE,23,18,414
4/18/2024,周四,芝士奶盖,阴,FALSE,FALSE,23,20,460
3/24/2024,周日,青稞奶茶,晴,TRUE,FALSE,51,20,1020
5/18/2024,周六,水果茶,雪,TRUE,FALSE,41,19,779
4/4/2024,周四,抹茶拿铁,多云,FALSE,TRUE,31,18,558
4/19/2024,周五,杨枝甘露,雨,FALSE,FALSE,18,21,378
5/9/2024,周四,杨枝甘露,雪,FALSE,FALSE,13,20,260
5/8/2024,周三,可可奶茶,雪,FALSE,TRUE,35,14,490
3/20/2024,周三,可可奶茶,雪,FALSE,FALSE,30,10,300
3/9/2024,周六,芋泥波波,晴,TRUE,FALSE,35,19,665
4/1/2024,周一,芝士奶盖,多云,FALSE,FALSE,16,13,208
4/22/2024,周一,珍珠奶茶,多云,FALSE,FALSE,20,14,280
5/5/2024,周日,芋泥波波,雨,TRUE,FALSE,37,12,444
4/5/2024,周五,青稞奶茶,多云,FALSE,FALSE,34,11,374
5/23/2024,周四,珍珠奶茶,雨,FALSE,FALSE,25,15,375
3/9/2024,周六,抹茶拿铁,晴,TRUE,FALSE,42,14,588
5/13/2024,周一,可可奶茶,雪,FALSE,FALSE,11,16,176
5/10/2024,周五,杨枝甘露,雨,FALSE,TRUE,33,22,726
3/14/2024,周四,柠檬茶,雪,FALSE,TRUE,46,16,736
5/9/2024,周四,水果茶,雪,FALSE,FALSE,26,18,468
5/4/2024,周六,水果茶,雨,TRUE,FALSE,44,15,660
4/3/2024,周三,芝士奶盖,晴,FALSE,TRUE,32,20,640
5/27/2024,周一,抹茶拿铁,多云,FALSE,FALSE,27,10,270
3/10/2024,周日,抹茶拿铁,阴,TRUE,FALSE,27,13,351
5/8/2024,周三,可可奶茶,多云,FALSE,FALSE,25,16,400
5/22/2024,周三,杨枝甘露,雪,FALSE,FALSE,18,20,360
4/18/2024,周四,抹茶拿铁,晴,FALSE,TRUE,40,19,760
3/18/2024,周一,青稞奶茶,多云,FALSE,TRUE,40,20,800
5/11/2024,周六,冰美式,阴,TRUE,FALSE,38,15,570
4/3/2024,周三,杨枝甘露,雨,FALSE,FALSE,15,21,315
4/13/2024,周六,可可奶茶,雪,TRUE,FALSE,29,15,435
3/25/2024,周一,可可奶茶,阴,FALSE,TRUE,29,16,464
3/17/2024,周日,杨枝甘露,雨,TRUE,FALSE,38,18,684
4/12/2024,周五,冰美式,多云,FALSE,FALSE,21,20,420
3/24/2024,周日,芋泥波波,多云,TRUE,FALSE,37,16,592
5/1/2024,周三,抹茶拿铁,阴,FALSE,TRUE,43,11,473
3/14/2024,周四,芋泥波波,雨,FALSE,FALSE,16,11,176
5/4/2024,周六,青稞奶茶,雪,TRUE,FALSE,42,10,420
5/8/2024,周三,珍珠奶茶,阴,FALSE,FALSE,19,15,285
5/11/2024,周六,杨枝甘露,晴,TRUE,TRUE,55,21,1155
3/2/2024,周六,青稞奶茶,多云,TRUE,FALSE,45,14,630
5/21/2024,周二,水果茶,多云,FALSE,FALSE,14,10,140
4/2/2024,周二,柠檬茶,雨,FALSE,FALSE,42,16,672
5/8/2024,周三,珍珠奶茶,雪,FALSE,FALSE,34,13,442
4/3/2024,周三,可可奶茶,雨,FALSE,TRUE,43,13,559
4/2/2024,周二,芝士奶盖,晴,FALSE,TRUE,38,14,532
4/6/2024,周六,抹茶拿铁,多云,TRUE,FALSE,36,11,396
3/25/2024,周一,杨枝甘露,雨,FALSE,FALSE,33,21,693
5/19/2024,周日,芋泥波波,阴,TRUE,FALSE,45,13,585
4/7/2024,周日,杨枝甘露,多云,TRUE,TRUE,66,21,1386
3/10/2024,周日,抹茶拿铁,晴,TRUE,FALSE,36,11,396
4/19/2024,周五,柠檬茶,雨,FALSE,FALSE,24,10,240
3/30/2024,周六,芝士奶盖,雪,TRUE,FALSE,46,19,874
4/12/2024,周五,柠檬茶,晴,FALSE,TRUE,40,18,720
4/20/2024,周六,抹茶拿铁,雪,TRUE,FALSE,41,16,656
3/23/2024,周六,青稞奶茶,雨,TRUE,FALSE,38,14,532
3/7/2024,周四,可可奶茶,雪,FALSE,FALSE,17,17,289
3/28/2024,周四,抹茶拿铁,晴,FALSE,FALSE,23,20,460
5/22/2024,周三,冰美式,多云,FALSE,FALSE,21,18,378
5/8/2024,周三,水果茶,雪,FALSE,FALSE,25,19,475
4/10/2024,周三,抹茶拿铁,阴,FALSE,TRUE,41,12,492
3/30/2024,周六,珍珠奶茶,雪,TRUE,FALSE,33,14,462
3/17/2024,周日,柠檬茶,多云,TRUE,FALSE,44,18,792
5/12/2024,周日,芋泥波波,晴,TRUE,FALSE,39,18,702
4/20/2024,周六,杨枝甘露,多云,TRUE,FALSE,51,22,1122
5/31/2024,周五,冰美式,多云,FALSE,TRUE,27,10,270
3/23/2024,周六,珍珠奶茶,晴,TRUE,FALSE,31,15,465
3/15/2024,周五,珍珠奶茶,雪,FALSE,FALSE,19,15,285
3/16/2024,周六,珍珠奶茶,晴,TRUE,FALSE,45,14,630
3/12/2024,周二,青稞奶茶,多云,FALSE,FALSE,15,15,225
5/22/2024,周三,芋泥波波,阴,FALSE,FALSE,19,20,380
4/10/2024,周三,青稞奶茶,雪,FALSE,FALSE,-1,11,363
3/3/2024,周日,抹茶拿铁,多云,TRUE,TRUE,56,19,1064
3/10/2024,周日,芝士奶盖,晴,TRUE,FALSE,35,16,560
3/12/2024,周二,芋泥波波,阴,FALSE,FALSE,14,11,154
5/30/2024,周四,柠檬茶,晴,FALSE,FALSE,27,15,405
5/18/2024,周六,冰美式,雪,TRUE,FALSE,999,19,779
3/25/2024,周一,水果茶,雪,FALSE,FALSE,31,12,372
5/12/2024,周日,冰美式,阴,TRUE,TRUE,70,10,700
5/9/2024,周四,水果茶,阴,FALSE,FALSE,23,20,460
5/18/2024,周六,芋泥波波,晴,TRUE,FALSE,45,16,720
4/28/2024,周日,芋泥波波,阴,TRUE,FALSE,43,19,817
3/3/2024,周日,芋泥波波,阴,TRUE,FALSE,34,17,578
5/20/2024,周一,可可奶茶,阴,FALSE,TRUE,34,10,340
5/13/2024,周一,芝士奶盖,晴,FALSE,FALSE,19,15,285
3/16/2024,周六,抹茶拿铁,阴,TRUE,FALSE,41,20,820
5/2/2024,周四,青稞奶茶,雪,FALSE,TRUE,34,18,612
5/22/2024,周三,可可奶茶,雨,FALSE,TRUE,39,12,468
3/23/2024,周六,杨枝甘露,雪,TRUE,FALSE,34,22,748
4/27/2024,周六,珍珠奶茶,雨,TRUE,FALSE,35,12,420
4/14/2024,周日,青稞奶茶,阴,TRUE,FALSE,36,15,540
5/4/2024,周六,杨枝甘露,雪,TRUE,TRUE,47,18,846
3/3/2024,周日,珍珠奶茶,阴,TRUE,FALSE,32,15,480
3/7/2024,周四,抹茶拿铁,多云,FALSE,FALSE,19,17,323
5/4/2024,周六,杨枝甘露,雪,TRUE,FALSE,46,18,828
5/2/2024,周四,可可奶茶,多云,FALSE,FALSE,22,13,286
4/23/2024,周二,芋泥波波,雪,FALSE,FALSE,27,10,270
3/8/2024,周五,芝士奶盖,晴,FALSE,TRUE,26,19,494
4/29/2024,周一,芋泥波波,雨,FALSE,TRUE,23,15,345
4/26/2024,周五,珍珠奶茶,多云,FALSE,TRUE,32,15,480
5/27/2024,周一,珍珠奶茶,阴,FALSE,FALSE,20,12,240
5/13/2024,周一,青稞奶茶,雨,FALSE,FALSE,30,12,360
5/6/2024,周一,抹茶拿铁,雪,FALSE,FALSE,26,16,416
5/16/2024,周四,青稞奶茶,阴,FALSE,FALSE,24,11,264
5/5/2024,周日,杨枝甘露,多云,TRUE,FALSE,48,18,864
3/10/2024,周日,珍珠奶茶,雨,TRUE,TRUE,56,15,840
3/24/2024,周日,芋泥波波,雨,TRUE,FALSE,44,17,748
3/31/2024,周日,芝士奶盖,阴,TRUE,FALSE,35,14,490
4/25/2024,周四,珍珠奶茶,阴,FALSE,TRUE,44,14,616
5/9/2024,周四,可可奶茶,雪,FALSE,FALSE,18,15,270
4/18/2024,周四,青稞奶茶,多云,FALSE,FALSE,27,15,405
4/26/2024,周五,青稞奶茶,阴,FALSE,FALSE,20,15,300
4/16/2024,周二,水果茶,多云,FALSE,FALSE,0,19,285
4/11/2024,周四,芋泥波波,阴,FALSE,FALSE,15,10,150
5/16/2024,周四,芋泥波波,晴,FALSE,FALSE,18,17,306
4/19/2024,周五,芋泥波波,多云,FALSE,FALSE,14,17,238
3/7/2024,周四,杨枝甘露,晴,FALSE,FALSE,24,20,480
4/10/2024,周三,青稞奶茶,多云,FALSE,FALSE,13,20,260
4/26/2024,周五,芝士奶盖,晴,FALSE,TRUE,37,11,407
4/13/2024,周六,柠檬茶,雨,TRUE,FALSE,54,14,756
5/19/2024,周日,芝士奶盖,阴,TRUE,FALSE,33,11,363
5/30/2024,周四,柠檬茶,阴,FALSE,FALSE,14,15,210
5/15/2024,周三,芝士奶盖,多云,FALSE,FALSE,0,10,110
4/6/2024,周六,冰美式,雨,TRUE,FALSE,31,13,403
5/14/2024,周二,芋泥波波,雨,FALSE,FALSE,10,13,130
5/4/2024,周六,冰美式,晴,TRUE,TRUE,58,19,1102
3/29/2024,周五,芝士奶盖,雪,FALSE,FALSE,18,15,270
4/13/2024,周六,杨枝甘露,雨,TRUE,FALSE,26,18,468
5/2/2024,周四,冰美式,晴,FALSE,FALSE,16,18,288
5/9/2024,周四,水果茶,阴,FALSE,FALSE,27,17,459
5/28/2024,周二,杨枝甘露,多云,FALSE,FALSE,20,20,400
4/17/2024,周三,柠檬茶,晴,FALSE,FALSE,17,16,272
3/21/2024,周四,芝士奶盖,晴,FALSE,FALSE,30,15,450
3/10/2024,周日,抹茶拿铁,阴,TRUE,FALSE,33,16,528
3/14/2024,周四,抹茶拿铁,多云,FALSE,FALSE,28,12,336
5/13/2024,周一,杨枝甘露,多云,FALSE,FALSE,-1,18,324
5/13/2024,周一,珍珠奶茶,晴,FALSE,FALSE,23,15,345
4/1/2024,周一,珍珠奶茶,晴,FALSE,TRUE,37,13,481
5/18/2024,周六,珍珠奶茶,雨,TRUE,FALSE,41,14,574
5/12/2024,周日,可可奶茶,阴,TRUE,FALSE,51,12,612
5/15/2024,周三,冰美式,雨,FALSE,TRUE,36,13,468
3/23/2024,周六,珍珠奶茶,阴,TRUE,FALSE,37,13,481
4/29/2024,周一,抹茶拿铁,雪,FALSE,TRUE,28,11,308
3/21/2024,周四,柠檬茶,多云,FALSE,TRUE,23,20,460
5/24/2024,周五,杨枝甘露,雨,FALSE,FALSE,20,18,360
5/2/2024,周四,珍珠奶茶,雪,FALSE,TRUE,33,15,495
4/17/2024,周三,芝士奶盖,雪,FALSE,FALSE,21,17,357
4/30/2024,周二,杨枝甘露,阴,FALSE,FALSE,13,18,234
4/13/2024,周六,柠檬茶,雪,TRUE,FALSE,49,13,637
4/18/2024,周四,冰美式,雪,FALSE,FALSE,21,12,252
4/5/2024,周五,芝士奶盖,晴,FALSE,FALSE,27,12,324
5/1/2024,周三,杨枝甘露,晴,FALSE,TRUE,32,20,640
5/20/2024,周一,柠檬茶,多云,FALSE,TRUE,29,14,406
4/5/2024,周五,柠檬茶,雪,FALSE,FALSE,15,16,240
4/16/2024,周二,冰美式,晴,FALSE,FALSE,26,10,260
5/21/2024,周二,柠檬茶,雨,FALSE,FALSE,20,12,240
5/3/2024,周五,芝士奶盖,晴,FALSE,FALSE,17,10,170
3/17/2024,周日,可可奶茶,阴,TRUE,FALSE,27,16,432
3/26/2024,周二,珍珠奶茶,雨,FALSE,FALSE,20,13,260
4/26/2024,周五,抹茶拿铁,雨,FALSE,FALSE,33,11,363
3/29/2024,周五,杨枝甘露,晴,FALSE,FALSE,21,18,378
5/27/2024,周一,芋泥波波,雨,FALSE,FALSE,34,10,340
3/21/2024,周四,冰美式,晴,FALSE,FALSE,16,14,224
5/9/2024,周四,青稞奶茶,雪,FALSE,FALSE,14,12,168
3/26/2024,周二,芋泥波波,阴,FALSE,TRUE,38,16,608
4/17/2024,周三,水果茶,阴,FALSE,FALSE,22,16,352
4/20/2024,周六,杨枝甘露,雪,TRUE,FALSE,33,20,660
4/8/2024,周一,冰美式,雨,FALSE,FALSE,19,17,323
4/20/2024,周六,柠檬茶,雪,TRUE,FALSE,37,19,703
3/2/2024,周六,青稞奶茶,雪,TRUE,FALSE,52,13,676
3/22/2024,周五,水果茶,阴,FALSE,FALSE,15,11,165
3/19/2024,周二,青稞奶茶,阴,FALSE,FALSE,21,20,420
4/11/2024,周四,青稞奶茶,晴,FALSE,FALSE,22,20,440
3/6/2024,周三,可可奶茶,雪,FALSE,FALSE,34,11,374
4/22/2024,周一,杨枝甘露,雨,FALSE,FALSE,18,22,396
4/18/2024,周四,青稞奶茶,多云,FALSE,FALSE,20,12,240
4/6/2024,周六,抹茶拿铁,雨,TRUE,FALSE,35,18,630
4/1/2024,周一,青稞奶茶,晴,FALSE,FALSE,19,11,209
4/16/2024,周二,可可奶茶,阴,FALSE,TRUE,44,17,748
4/19/2024,周五,冰美式,阴,FALSE,FALSE,25,16,400
4/4/2024,周四,芝士奶盖,雨,FALSE,FALSE,22,15,330
4/4/2024,周四,水果茶,雪,FALSE,FALSE,28,11,308
4/5/2024,周五,杨枝甘露,多云,FALSE,FALSE,17,18,306
3/2/2024,周六,冰美式,雪,TRUE,FALSE,39,18,702
4/13/2024,周六,杨枝甘露,雪,TRUE,TRUE,61,21,1281
4/27/2024,周六,杨枝甘露,多云,TRUE,TRUE,44,19,836
5/31/2024,周五,冰美式,雨,FALSE,TRUE,28,10,280
4/3/2024,周三,可可奶茶,多云,FALSE,FALSE,18,16,288
4/8/2024,周一,芝士奶盖,多云,FALSE,FALSE,19,17,323
3/29/2024,周五,抹茶拿铁,晴,FALSE,FALSE,999,10,270
5/27/2024,周一,芋泥波波,雪,FALSE,FALSE,27,12,324
3/11/2024,周一,芝士奶盖,晴,FALSE,FALSE,32,14,448
3/27/2024,周三,芝士奶盖,多云,FALSE,FALSE,26,17,442
5/27/2024,周一,抹茶拿铁,晴,FALSE,FALSE,21,12,252
5/26/2024,周日,珍珠奶茶,阴,TRUE,FALSE,43,13,559
4/29/2024,周一,抹茶拿铁,雪,FALSE,FALSE,24,15,360
3/25/2024,周一,抹茶拿铁,晴,FALSE,FALSE,10,20,200
5/20/2024,周一,芝士奶盖,阴,FALSE,FALSE,15,10,150
4/17/2024,周三,芝士奶盖,晴,FALSE,TRUE,30,20,600
3/17/2024,周日,芋泥波波,多云,TRUE,FALSE,44,13,572
3/4/2024,周一,冰美式,多云,FALSE,FALSE,20,13,260
5/7/2024,周二,芋泥波波,多云,FALSE,FALSE,28,11,308
5/19/2024,周日,芝士奶盖,多云,TRUE,FALSE,42,12,504
3/4/2024,周一,冰美式,雪,FALSE,FALSE,22,13,286
4/17/2024,周三,冰美式,多云,FALSE,FALSE,23,12,276
5/28/2024,周二,抹茶拿铁,雪,FALSE,TRUE,44,19,836
4/6/2024,周六,芝士奶盖,多云,TRUE,FALSE,43,12,516
4/24/2024,周三,芋泥波波,晴,FALSE,FALSE,22,10,220
4/28/2024,周日,珍珠奶茶,多云,TRUE,FALSE,48,12,576
3/21/2024,周四,柠檬茶,晴,FALSE,TRUE,40,12,480
4/15/2024,周一,可可奶茶,雪,FALSE,FALSE,27,12,324
5/3/2024,周五,水果茶,雪,FALSE,FALSE,24,17,408
4/26/2024,周五,青稞奶茶,多云,FALSE,FALSE,17,12,204
3/21/2024,周四,可可奶茶,晴,FALSE,FALSE,14,14,196
4/14/2024,周日,可可奶茶,多云,TRUE,FALSE,53,20,1060
3/24/2024,周日,杨枝甘露,阴,TRUE,TRUE,57,20,1140
5/23/2024,周四,珍珠奶茶,多云,FALSE,FALSE,32,15,480
4/1/2024,周一,芋泥波波,雪,FALSE,TRUE,39,17,663
3/31/2024,周日,珍珠奶茶,雨,TRUE,FALSE,48,14,672
5/23/2024,周四,可可奶茶,多云,FALSE,TRUE,41,13,533
3/23/2024,周六,水果茶,雪,TRUE,FALSE,36,16,576
4/30/2024,周二,芝士奶盖,晴,FALSE,FALSE,0,17,442
4/2/2024,周二,冰美式,多云,FALSE,FALSE,22,11,242
4/24/2024,周三,青稞奶茶,晴,FALSE,FALSE,22,15,330
4/4/2024,周四,珍珠奶茶,雪,FALSE,FALSE,21,13,273
4/27/2024,周六,可可奶茶,雨,TRUE,FALSE,40,17,680
3/18/2024,周一,珍珠奶茶,多云,FALSE,FALSE,20,12,240
5/23/2024,周四,抹茶拿铁,多云,FALSE,FALSE,14,12,168
3/26/2024,周二,冰美式,阴,FALSE,FALSE,26,16,416
5/12/2024,周日,抹茶拿铁,晴,TRUE,FALSE,45,17,765
3/22/2024,周五,水果茶,阴,FALSE,FALSE,34,12,408
5/23/2024,周四,水果茶,阴,FALSE,FALSE,19,18,342
4/30/2024,周二,可可奶茶,雨,FALSE,FALSE,33,13,429
5/27/2024,周一,冰美式,多云,FALSE,TRUE,40,16,640
3/25/2024,周一,珍珠奶茶,多云,FALSE,FALSE,22,12,264
5/15/2024,周三,芋泥波波,晴,FALSE,FALSE,28,16,448
4/6/2024,周六,冰美式,阴,TRUE,FALSE,-1,17,833
3/1/2024,周五,杨枝甘露,雪,FALSE,FALSE,27,20,540
4/25/2024,周四,抹茶拿铁,雨,FALSE,FALSE,31,17,527
3/12/2024,周二,水果茶,阴,FALSE,FALSE,22,10,220
4/12/2024,周五,珍珠奶茶,阴,FALSE,FALSE,15,13,195
3/5/2024,周二,冰美式,雨,FALSE,FALSE,31,12,372
4/26/2024,周五,芋泥波波,雪,FALSE,FALSE,15,19,285
3/29/2024,周五,芝士奶盖,晴,FALSE,FALSE,25,17,425
3/23/2024,周六,芝士奶盖,晴,TRUE,TRUE,55,16,880
4/24/2024,周三,青稞奶茶,晴,FALSE,FALSE,26,14,364
5/19/2024,周日,可可奶茶,雨,TRUE,FALSE,48,14,672
4/25/2024,周四,柠檬茶,雨,FALSE,FALSE,32,13,416
4/2/2024,周二,芋泥波波,雪,FALSE,TRUE,47,19,893
5/17/2024,周五,柠檬茶,雨,FALSE,FALSE,35,19,665
4/22/2024,周一,青稞奶茶,雪,FALSE,FALSE,20,18,360
3/29/2024,周五,珍珠奶茶,雪,FALSE,FALSE,29,15,435
3/28/2024,周四,冰美式,晴,FALSE,FALSE,19,10,190
5/13/2024,周一,抹茶拿铁,晴,FALSE,FALSE,15,17,255
5/1/2024,周三,芝士奶盖,雪,FALSE,FALSE,23,20,460
4/22/2024,周一,芝士奶盖,阴,FALSE,FALSE,-1,12,264
3/6/2024,周三,青稞奶茶,雪,FALSE,FALSE,22,16,352
3/19/2024,周二,冰美式,雪,FALSE,TRUE,29,15,435
3/15/2024,周五,柠檬茶,雨,FALSE,FALSE,43,19,817
4/12/2024,周五,冰美式,阴,FALSE,FALSE,28,16,448
3/11/2024,周一,冰美式,晴,FALSE,FALSE,21,18,378
4/3/2024,周三,芝士奶盖,阴,FALSE,FALSE,23,13,299
5/10/2024,周五,芝士奶盖,多云,FALSE,FALSE,13,13,169
3/21/2024,周四,杨枝甘露,多云,FALSE,TRUE,32,19,608
3/27/2024,周三,芋泥波波,雨,FALSE,FALSE,17,19,323
5/28/2024,周二,水果茶,晴,FALSE,FALSE,20,15,300
3/19/2024,周二,冰美式,阴,FALSE,FALSE,18,12,216
5/23/2024,周四,芋泥波波,阴,FALSE,FALSE,26,17,442
3/5/2024,周二,青稞奶茶,雨,FALSE,TRUE,37,15,555
3/21/2024,周四,杨枝甘露,阴,FALSE,FALSE,20,21,420
3/21/2024,周四,柠檬茶,多云,FALSE,FALSE,18,19,342
3/2/2024,周六,杨枝甘露,多云,TRUE,FALSE,34,18,612
3/2/2024,周六,柠檬茶,多云,TRUE,TRUE,48,17,816
5/28/2024,周二,芋泥波波,阴,FALSE,FALSE,23,17,391
3/19/2024,周二,抹茶拿铁,雨,FALSE,FALSE,21,12,252
4/17/2024,周三,柠檬茶,晴,FALSE,FALSE,13,13,169
5/11/2024,周六,青稞奶茶,多云,TRUE,FALSE,43,14,602
3/17/2024,周日,珍珠奶茶,雪,TRUE,FALSE,30,12,360
5/31/2024,周五,杨枝甘露,多云,FALSE,FALSE,20,18,360
4/22/2024,周一,青稞奶茶,晴,FALSE,FALSE,31,20,620
5/3/2024,周五,芝士奶盖,阴,FALSE,TRUE,39,14,546
4/16/2024,周二,可可奶茶,雪,FALSE,FALSE,24,12,288
4/30/2024,周二,杨枝甘露,雪,FALSE,FALSE,21,19,399
5/16/2024,周四,珍珠奶茶,阴,FALSE,FALSE,28,14,392
5/4/2024,周六,杨枝甘露,阴,TRUE,FALSE,35,21,735
3/10/2024,周日,杨枝甘露,多云,TRUE,TRUE,39,22,858
5/5/2024,周日,珍珠奶茶,雨,TRUE,FALSE,40,15,600
5/18/2024,周六,珍珠奶茶,阴,TRUE,FALSE,34,14,476
5/20/2024,周一,柠檬茶,雨,FALSE,FALSE,29,19,551
4/15/2024,周一,杨枝甘露,晴,FALSE,FALSE,22,19,418
5/3/2024,周五,水果茶,多云,FALSE,FALSE,25,12,300
4/16/2024,周二,青稞奶茶,多云,FALSE,TRUE,32,20,640
4/3/2024,周三,冰美式,多云,FALSE,FALSE,22,18,396
3/26/2024,周二,青稞奶茶,雨,FALSE,FALSE,19,14,266
5/6/2024,周一,抹茶拿铁,晴,FALSE,FALSE,0,12,240
5/18/2024,周六,水果茶,雨,TRUE,TRUE,59,20,1180
4/2/2024,周二,冰美式,阴,FALSE,FALSE,25,13,325
5/16/2024,周四,芝士奶盖,多云,FALSE,FALSE,30,17,510
3/22/2024,周五,杨枝甘露,雪,FALSE,TRUE,38,21,798
3/11/2024,周一,杨枝甘露,晴,FALSE,FALSE,23,19,437
4/6/2024,周六,芋泥波波,雨,TRUE,FALSE,999,13,429
4/10/2024,周三,芝士奶盖,多云,FALSE,FALSE,29,20,580
3/20/2024,周三,水果茶,雪,FALSE,FALSE,0,12,300
3/10/2024,周日,芝士奶盖,雪,TRUE,FALSE,43,20,860
3/13/2024,周三,柠檬茶,晴,FALSE,FALSE,999,10,240
5/8/2024,周三,柠檬茶,晴,FALSE,FALSE,16,12,192
3/13/2024,周三,杨枝甘露,雨,FALSE,FALSE,20,18,360
5/8/2024,周三,杨枝甘露,雪,FALSE,FALSE,30,21,630
3/2/2024,周六,芋泥波波,晴,TRUE,FALSE,47,18,846
4/19/2024,周五,青稞奶茶,多云,FALSE,FALSE,0,10,290
3/23/2024,周六,冰美式,阴,TRUE,FALSE,49,17,833
4/10/2024,周三,可可奶茶,阴,FALSE,FALSE,24,16,384
3/16/2024,周六,冰美式,多云,TRUE,FALSE,48,12,576
3/19/2024,周二,水果茶,多云,FALSE,TRUE,26,14,364
3/6/2024,周三,青稞奶茶,雪,FALSE,FALSE,18,11,198
5/2/2024,周四,可可奶茶,晴,FALSE,FALSE,22,17,374
4/22/2024,周一,冰美式,雪,FALSE,FALSE,19,20,380
5/29/2024,周三,柠檬茶,雪,FALSE,TRUE,32,16,512
5/28/2024,周二,杨枝甘露,晴,FALSE,TRUE,25,22,550
5/9/2024,周四,水果茶,晴,FALSE,TRUE,36,15,540
4/4/2024,周四,柠檬茶,雪,FALSE,FALSE,22,18,396
4/23/2024,周二,冰美式,雪,FALSE,FALSE,15,10,150
5/8/2024,周三,水果茶,阴,FALSE,FALSE,18,13,234
5/11/2024,周六,柠檬茶,雪,TRUE,FALSE,51,13,663
5/1/2024,周三,水果茶,雪,FALSE,FALSE,13,20,260
4/21/2024,周日,杨枝甘露,阴,TRUE,TRUE,61,20,1220
3/14/2024,周四,珍珠奶茶,多云,FALSE,TRUE,32,13,416
5/31/2024,周五,冰美式,晴,FALSE,FALSE,22,13,286
3/24/2024,周日,抹茶拿铁,晴,TRUE,FALSE,49,10,490
5/1/2024,周三,抹茶拿铁,晴,FALSE,FALSE,28,20,560
5/14/2024,周二,杨枝甘露,雪,FALSE,FALSE,20,20,400
3/10/2024,周日,冰美式,阴,TRUE,FALSE,35,11,385
5/4/2024,周六,芋泥波波,雪,TRUE,FALSE,44,20,880
5/28/2024,周二,青稞奶茶,阴,FALSE,TRUE,41,12,492
4/18/2024,周四,芝士奶盖,雪,FALSE,FALSE,24,19,456
5/13/2024,周一,芋泥波波,雨,FALSE,FALSE,18,19,342
5/12/2024,周日,杨枝甘露,雨,TRUE,FALSE,39,21,819
3/2/2024,周六,抹茶拿铁,多云,TRUE,FALSE,43,10,430
5/20/2024,周一,抹茶拿铁,雪,FALSE,FALSE,23,14,322
4/26/2024,周五,冰美式,阴,FALSE,TRUE,40,19,760
5/27/2024,周一,抹茶拿铁,雪,FALSE,FALSE,27,19,513
4/5/2024,周五,芋泥波波,雪,FALSE,FALSE,20,11,220
4/1/2024,周一,青稞奶茶,雪,FALSE,FALSE,29,13,377
5/14/2024,周二,可可奶茶,阴,FALSE,FALSE,0,18,396
4/10/2024,周三,珍珠奶茶,雪,FALSE,FALSE,15,14,210
3/16/2024,周六,珍珠奶茶,阴,TRUE,TRUE,47,15,705
5/10/2024,周五,冰美式,晴,FALSE,FALSE,13,14,182
4/2/2024,周二,芝士奶盖,多云,FALSE,TRUE,40,18,720
5/25/2024,周六,珍珠奶茶,阴,TRUE,FALSE,43,13,559
4/30/2024,周二,青稞奶茶,雪,FALSE,FALSE,16,10,160
4/27/2024,周六,芝士奶盖,晴,TRUE,TRUE,45,15,675
5/26/2024,周日,水果茶,雪,TRUE,FALSE,37,15,555
3/3/2024,周日,芝士奶盖,雨,TRUE,TRUE,60,13,780
5/9/2024,周四,青稞奶茶,阴,FALSE,FALSE,31,17,527
3/3/2024,周日,芋泥波波,阴,TRUE,TRUE,61,10,610
3/27/2024,周三,水果茶,晴,FALSE,TRUE,39,14,546
4/2/2024,周二,杨枝甘露,阴,FALSE,FALSE,21,20,420
5/11/2024,周六,水果茶,多云,TRUE,FALSE,36,16,576
3/17/2024,周日,芋泥波波,雨,TRUE,FALSE,41,17,697
4/24/2024,周三,杨枝甘露,多云,FALSE,TRUE,30,19,570
5/21/2024,周二,青稞奶茶,晴,FALSE,FALSE,28,17,476
4/8/2024,周一,可可奶茶,雨,FALSE,FALSE,22,19,418
3/22/2024,周五,芋泥波波,雪,FALSE,FALSE,17,17,289
3/18/2024,周一,青稞奶茶,雨,FALSE,FALSE,22,19,418
4/1/2024,周一,水果茶,多云,FALSE,FALSE,15,17,255
5/21/2024,周二,杨枝甘露,阴,FALSE,TRUE,46,22,1012
5/19/2024,周日,芝士奶盖,雨,TRUE,FALSE,47,18,846
3/24/2024,周日,冰美式,多云,TRUE,FALSE,39,12,468
4/10/2024,周三,芋泥波波,晴,FALSE,FALSE,27,17,459
3/11/2024,周一,抹茶拿铁,晴,FALSE,FALSE,12,18,216
3/7/2024,周四,芝士奶盖,雪,FALSE,TRUE,43,14,602
3/30/2024,周六,芝士奶盖,多云,TRUE,FALSE,47,14,658
5/7/2024,周二,青稞奶茶,阴,FALSE,TRUE,36,19,684
4/3/2024,周三,青稞奶茶,晴,FALSE,FALSE,23,18,414
3/29/2024,周五,柠檬茶,雪,FALSE,FALSE,14,11,154
3/31/2024,周日,可可奶茶,多云,TRUE,FALSE,44,18,792
5/8/2024,周三,杨枝甘露,雨,FALSE,FALSE,19,22,418
3/2/2024,周六,青稞奶茶,阴,TRUE,TRUE,63,15,945
4/26/2024,周五,青稞奶茶,雨,FALSE,FALSE,26,15,390
5/1/2024,周三,可可奶茶,晴,FALSE,FALSE,12,15,180
5/1/2024,周三,柠檬茶,雨,FALSE,FALSE,37,17,629
3/21/2024,周四,冰美式,雪,FALSE,FALSE,26,13,338
4/20/2024,周六,杨枝甘露,雪,TRUE,FALSE,49,21,1029
4/13/2024,周六,珍珠奶茶,雪,TRUE,FALSE,44,12,528
5/8/2024,周三,冰美式,阴,FALSE,FALSE,20,18,360
5/27/2024,周一,芝士奶盖,晴,FALSE,FALSE,23,19,437
5/6/2024,周一,青稞奶茶,多云,FALSE,FALSE,25,14,350
5/5/2024,周日,可可奶茶,雪,TRUE,FALSE,44,19,836
5/14/2024,周二,芝士奶盖,多云,FALSE,FALSE,29,17,493
5/30/2024,周四,冰美式,雪,FALSE,TRUE,40,19,760
3/19/2024,周二,芋泥波波,雪,FALSE,FALSE,32,19,608
5/24/2024,周五,芋泥波波,雨,FALSE,FALSE,17,20,340
4/27/2024,周六,芋泥波波,晴,TRUE,FALSE,48,18,864
4/3/2024,周三,芝士奶盖,雨,FALSE,FALSE,16,16,256
3/21/2024,周四,可可奶茶,雪,FALSE,TRUE,999,20,740
5/4/2024,周六,芝士奶盖,雪,TRUE,TRUE,58,13,754
5/2/2024,周四,可可奶茶,雨,FALSE,FALSE,-1,19,323
5/19/2024,周日,冰美式,多云,TRUE,FALSE,52,17,884
4/17/2024,周三,芝士奶盖,雪,FALSE,FALSE,20,19,380
4/17/2024,周三,芋泥波波,雪,FALSE,FALSE,20,17,340
3/2/2024,周六,芝士奶盖,多云,TRUE,FALSE,31,11,341
3/31/2024,周日,冰美式,晴,TRUE,FALSE,35,12,420
4/30/2024,周二,青稞奶茶,雨,FALSE,FALSE,-1,16,272
5/28/2024,周二,可可奶茶,雪,FALSE,FALSE,0,11,308
3/8/2024,周五,杨枝甘露,多云,FALSE,FALSE,22,21,462
4/13/2024,周六,可可奶茶,多云,TRUE,FALSE,46,12,552
3/11/2024,周一,柠檬茶,雪,FALSE,FALSE,27,19,513
4/15/2024,周一,柠檬茶,晴,FALSE,FALSE,19,15,285
4/25/2024,周四,芋泥波波,雨,FALSE,FALSE,24,11,264
4/19/2024,周五,水果茶,雪,FALSE,FALSE,19,15,285
3/15/2024,周五,芋泥波波,雨,FALSE,FALSE,-1,19,608
5/5/2024,周日,柠檬茶,阴,TRUE,TRUE,52,18,936
5/23/2024,周四,水果茶,晴,FALSE,FALSE,26,14,364
3/11/2024,周一,水果茶,雨,FALSE,TRUE,-1,11,484
5/19/2024,周日,抹茶拿铁,多云,TRUE,FALSE,45,14,630
4/3/2024,周三,珍珠奶茶,晴,FALSE,TRUE,49,12,588
3/28/2024,周四,珍珠奶茶,多云,FALSE,FALSE,21,15,315
5/5/2024,周日,芋泥波波,雨,TRUE,FALSE,40,11,440
5/14/2024,周二,柠檬茶,多云,FALSE,FALSE,29,16,464
3/6/2024,周三,水果茶,阴,FALSE,FALSE,35,19,665
5/28/2024,周二,珍珠奶茶,多云,FALSE,FALSE,19,15,285
4/10/2024,周三,芝士奶盖,多云,FALSE,FALSE,18,18,324
4/28/2024,周日,杨枝甘露,晴,TRUE,FALSE,43,18,774
4/24/2024,周三,可可奶茶,晴,FALSE,FALSE,17,10,170
3/27/2024,周三,冰美式,雪,FALSE,FALSE,20,17,340
4/15/2024,周一,可可奶茶,多云,FALSE,FALSE,21,17,357
4/2/2024,周二,芋泥波波,晴,FALSE,FALSE,26,11,286
4/14/2024,周日,柠檬茶,阴,TRUE,FALSE,43,18,774
3/18/2024,周一,芝士奶盖,多云,FALSE,FALSE,22,11,242
3/22/2024,周五,柠檬茶,雪,FALSE,TRUE,37,17,629
3/1/2024,周五,青稞奶茶,晴,FALSE,TRUE,44,14,616
3/28/2024,周四,杨枝甘露,雨,FALSE,FALSE,21,22,462
3/8/2024,周五,冰美式,雪,FALSE,FALSE,35,12,420
4/5/2024,周五,可可奶茶,晴,FALSE,FALSE,32,17,544
4/19/2024,周五,青稞奶茶,多云,FALSE,TRUE,39,17,663
3/19/2024,周二,杨枝甘露,晴,FALSE,FALSE,29,19,551
3/13/2024,周三,芋泥波波,晴,FALSE,TRUE,35,16,560
4/18/2024,周四,柠檬茶,阴,FALSE,TRUE,35,17,595
3/22/2024,周五,珍珠奶茶,晴,FALSE,TRUE,32,15,480
4/23/2024,周二,杨枝甘露,雪,FALSE,FALSE,18,22,396
3/2/2024,周六,芝士奶盖,阴,TRUE,FALSE,39,10,390
4/1/2024,周一,杨枝甘露,雪,FALSE,FALSE,20,21,420
4/29/2024,周一,芋泥波波,晴,FALSE,FALSE,18,12,216
3/27/2024,周三,可可奶茶,雪,FALSE,TRUE,47,11,517
5/3/2024,周五,杨枝甘露,晴,FALSE,TRUE,34,20,680
3/15/2024,周五,抹茶拿铁,雪,FALSE,TRUE,31,10,310
4/9/2024,周二,柠檬茶,晴,FALSE,FALSE,25,13,325
4/7/2024,周日,杨枝甘露,雨,TRUE,TRUE,56,18,1008
3/24/2024,周日,柠檬茶,雨,TRUE,TRUE,69,19,1311
4/27/2024,周六,抹茶拿铁,阴,TRUE,FALSE,33,20,660
5/22/2024,周三,芝士奶盖,晴,FALSE,FALSE,22,17,374
5/23/2024,周四,抹茶拿铁,雪,FALSE,TRUE,41,14,574
5/28/2024,周二,芝士奶盖,晴,FALSE,FALSE,23,11,253
5/25/2024,周六,芋泥波波,雪,TRUE,FALSE,36,12,432
5/9/2024,周四,水果茶,雪,FALSE,FALSE,25,14,350
4/24/2024,周三,可可奶茶,多云,FALSE,FALSE,29,10,290
5/4/2024,周六,可可奶茶,雨,TRUE,FALSE,33,18,594
4/26/2024,周五,可可奶茶,雪,FALSE,TRUE,29,14,406
5/12/2024,周日,杨枝甘露,阴,TRUE,FALSE,27,21,567
5/7/2024,周二,柠檬茶,雪,FALSE,FALSE,32,12,384
4/11/2024,周四,柠檬茶,雪,FALSE,FALSE,24,14,336
3/6/2024,周三,可可奶茶,晴,FALSE,FALSE,23,16,368
4/25/2024,周四,杨枝甘露,晴,FALSE,TRUE,29,21,609
3/19/2024,周二,珍珠奶茶,雨,FALSE,TRUE,37,12,444
3/3/2024,周日,可可奶茶,阴,TRUE,FALSE,45,16,720
5/15/2024,周三,芋泥波波,晴,FALSE,FALSE,19,19,361
3/16/2024,周六,青稞奶茶,阴,TRUE,FALSE,28,19,532
3/12/2024,周二,水果茶,多云,FALSE,TRUE,34,17,578
5/14/2024,周二,可可奶茶,雪,FALSE,TRUE,42,15,630
3/11/2024,周一,可可奶茶,阴,FALSE,FALSE,-1,13,377
5/16/2024,周四,冰美式,多云,FALSE,FALSE,19,11,209
4/1/2024,周一,抹茶拿铁,晴,FALSE,FALSE,13,15,195
5/17/2024,周五,可可奶茶,雨,FALSE,FALSE,23,19,437
4/9/2024,周二,杨枝甘露,多云,FALSE,FALSE,20,18,360
3/27/2024,周三,芝士奶盖,雨,FALSE,FALSE,17,17,289
5/13/2024,周一,冰美式,雨,FALSE,FALSE,22,16,352
3/19/2024,周二,珍珠奶茶,晴,FALSE,FALSE,17,12,204
5/30/2024,周四,可可奶茶,雪,FALSE,TRUE,34,13,442
5/16/2024,周四,青稞奶茶,多云,FALSE,FALSE,0,12,192
5/4/2024,周六,芋泥波波,雨,TRUE,FALSE,42,17,714
4/15/2024,周一,柠檬茶,雨,FALSE,FALSE,33,15,495
3/3/2024,周日,珍珠奶茶,晴,TRUE,TRUE,53,13,689
4/12/2024,周五,芋泥波波,阴,FALSE,FALSE,23,12,276
4/11/2024,周四,芝士奶盖,雨,FALSE,FALSE,16,11,176
3/8/2024,周五,抹茶拿铁,多云,FALSE,TRUE,37,10,370
3/17/2024,周日,可可奶茶,雪,TRUE,TRUE,43,11,473
3/23/2024,周六,柠檬茶,雪,TRUE,FALSE,39,16,624
3/12/2024,周二,杨枝甘露,雨,FALSE,FALSE,15,18,270
4/24/2024,周三,水果茶,多云,FALSE,FALSE,24,14,336
3/6/2024,周三,青稞奶茶,多云,FALSE,FALSE,21,13,273
4/8/2024,周一,水果茶,晴,FALSE,FALSE,0,13,195
5/20/2024,周一,柠檬茶,阴,FALSE,FALSE,23,13,299
4/23/2024,周二,芋泥波波,阴,FALSE,FALSE,27,15,405
5/26/2024,周日,杨枝甘露,多云,TRUE,FALSE,39,22,858
4/23/2024,周二,水果茶,阴,FALSE,FALSE,23,14,322
5/19/2024,周日,抹茶拿铁,雪,TRUE,FALSE,42,19,798
4/29/2024,周一,芋泥波波,雪,FALSE,TRUE,-1,10,330
5/5/2024,周日,青稞奶茶,雪,TRUE,FALSE,45,12,540
4/10/2024,周三,青稞奶茶,雨,FALSE,TRUE,38,18,684
3/15/2024,周五,杨枝甘露,雨,FALSE,FALSE,18,20,360
4/15/2024,周一,杨枝甘露,雨,FALSE,FALSE,23,18,414
5/24/2024,周五,青稞奶茶,晴,FALSE,FALSE,20,20,400
5/3/2024,周五,柠檬茶,雪,FALSE,TRUE,25,20,500
4/9/2024,周二,柠檬茶,雪,FALSE,FALSE,28,18,504
3/9/2024,周六,可可奶茶,雨,TRUE,FALSE,0,18,846
4/21/2024,周日,青稞奶茶,雨,TRUE,FALSE,26,10,260
3/21/2024,周四,芝士奶盖,多云,FALSE,FALSE,23,11,253
3/24/2024,周日,柠檬茶,晴,TRUE,FALSE,25,14,350
5/7/2024,周二,水果茶,多云,FALSE,FALSE,11,20,220
4/19/2024,周五,珍珠奶茶,多云,FALSE,TRUE,25,15,375
5/15/2024,周三,冰美式,晴,FALSE,TRUE,25,10,250
4/30/2024,周二,芋泥波波,晴,FALSE,FALSE,24,11,264
4/29/2024,周一,可可奶茶,晴,FALSE,FALSE,24,20,480
3/20/2024,周三,芝士奶盖,雪,FALSE,FALSE,20,20,400
5/21/2024,周二,抹茶拿铁,雨,FALSE,FALSE,30,11,330
4/26/2024,周五,芝士奶盖,雨,FALSE,FALSE,18,10,180
3/22/2024,周五,可可奶茶,雪,FALSE,FALSE,31,12,372
5/16/2024,周四,珍珠奶茶,阴,FALSE,TRUE,999,15,510
5/5/2024,周日,芋泥波波,阴,TRUE,FALSE,46,12,552
5/26/2024,周日,冰美式,阴,TRUE,FALSE,50,11,550
5/2/2024,周四,芝士奶盖,晴,FALSE,FALSE,23,18,414
3/1/2024,周五,杨枝甘露,雪,FALSE,TRUE,42,20,840
5/4/2024,周六,珍珠奶茶,多云,TRUE,FALSE,35,14,490
3/18/2024,周一,柠檬茶,多云,FALSE,TRUE,0,19,741
5/17/2024,周五,水果茶,阴,FALSE,FALSE,0,17,527
5/27/2024,周一,芝士奶盖,阴,FALSE,FALSE,13,13,169
4/16/2024,周二,杨枝甘露,雨,FALSE,TRUE,29,20,580
4/19/2024,周五,芋泥波波,阴,FALSE,FALSE,13,13,169
5/23/2024,周四,可可奶茶,多云,FALSE,FALSE,21,11,231
3/29/2024,周五,冰美式,雨,FALSE,FALSE,18,18,324
3/4/2024,周一,珍珠奶茶,晴,FALSE,FALSE,28,12,336
4/10/2024,周三,柠檬茶,多云,FALSE,TRUE,28,17,476
5/31/2024,周五,可可奶茶,雨,FALSE,FALSE,25,13,325
5/18/2024,周六,芝士奶盖,雨,TRUE,FALSE,33,10,330
3/16/2024,周六,青稞奶茶,阴,TRUE,FALSE,42,17,714
5/14/2024,周二,水果茶,雨,FALSE,FALSE,21,15,315
3/15/2024,周五,杨枝甘露,阴,FALSE,FALSE,17,18,306
5/15/2024,周三,芝士奶盖,雪,FALSE,TRUE,44,12,528
5/21/2024,周二,珍珠奶茶,多云,FALSE,FALSE,30,12,360
4/7/2024,周日,水果茶,雨,TRUE,FALSE,43,17,731
4/15/2024,周一,芋泥波波,晴,FALSE,TRUE,37,18,666
4/16/2024,周二,水果茶,阴,FALSE,FALSE,28,13,364
3/8/2024,周五,柠檬茶,阴,FALSE,FALSE,-1,18,288
4/26/2024,周五,青稞奶茶,雨,FALSE,FALSE,17,17,289
4/19/2024,周五,珍珠奶茶,雪,FALSE,TRUE,35,15,525
4/27/2024,周六,杨枝甘露,雪,TRUE,FALSE,42,21,882
4/2/2024,周二,杨枝甘露,阴,FALSE,FALSE,16,19,304
3/9/2024,周六,柠檬茶,多云,TRUE,FALSE,41,17,697
3/18/2024,周一,芝士奶盖,多云,FALSE,FALSE,20,18,360
5/17/2024,周五,珍珠奶茶,晴,FALSE,FALSE,31,15,465
3/30/2024,周六,杨枝甘露,雨,TRUE,FALSE,-1,20,580
5/27/2024,周一,可可奶茶,阴,FALSE,FALSE,20,11,220
4/11/2024,周四,冰美式,阴,FALSE,FALSE,24,15,360
5/23/2024,周四,芝士奶盖,阴,FALSE,TRUE,48,19,912
5/3/2024,周五,芝士奶盖,雨,FALSE,TRUE,41,10,410
5/7/2024,周二,青稞奶茶,多云,FALSE,FALSE,20,12,240
3/27/2024,周三,杨枝甘露,多云,FALSE,TRUE,33,21,693
3/10/2024,周日,抹茶拿铁,阴,TRUE,FALSE,37,17,629
3/22/2024,周五,珍珠奶茶,多云,FALSE,FALSE,27,14,378
4/4/2024,周四,可可奶茶,雪,FALSE,FALSE,22,15,330
3/14/2024,周四,水果茶,多云,FALSE,FALSE,-1,12,144
4/22/2024,周一,冰美式,晴,FALSE,FALSE,14,12,168
4/4/2024,周四,抹茶拿铁,晴,FALSE,FALSE,12,11,132
3/3/2024,周日,柠檬茶,阴,TRUE,FALSE,34,10,340
5/27/2024,周一,珍珠奶茶,雨,FALSE,FALSE,14,13,182
4/28/2024,周日,杨枝甘露,雨,TRUE,FALSE,36,18,648
4/26/2024,周五,杨枝甘露,阴,FALSE,FALSE,-1,22,462
5/12/2024,周日,珍珠奶茶,雨,TRUE,FALSE,39,14,546
5/18/2024,周六,可可奶茶,晴,TRUE,FALSE,38,19,722
4/29/2024,周一,杨枝甘露,多云,FALSE,FALSE,26,19,494
3/16/2024,周六,水果茶,雨,TRUE,FALSE,36,19,684
3/8/2024,周五,杨枝甘露,阴,FALSE,FALSE,33,20,660
4/28/2024,周日,杨枝甘露,雨,TRUE,FALSE,45,22,990
5/19/2024,周日,冰美式,晴,TRUE,FALSE,36,18,648
4/25/2024,周四,青稞奶茶,阴,FALSE,FALSE,15,16,240
3/3/2024,周日,杨枝甘露,雪,TRUE,TRUE,46,19,874
3/22/2024,周五,杨枝甘露,雨,FALSE,FALSE,16,19,304
4/5/2024,周五,青稞奶茶,雪,FALSE,FALSE,13,15,195
4/1/2024,周一,柠檬茶,晴,FALSE,FALSE,18,15,270
3/20/2024,周三,芝士奶盖,雨,FALSE,FALSE,20,11,220
3/29/2024,周五,芝士奶盖,雨,FALSE,FALSE,29,10,290
4/21/2024,周日,冰美式,雪,TRUE,FALSE,45,13,585
4/1/2024,周一,柠檬茶,雨,FALSE,FALSE,25,19,475
3/1/2024,周五,可可奶茶,雨,FALSE,FALSE,18,20,360
3/17/2024,周日,青稞奶茶,晴,TRUE,TRUE,52,17,884
5/16/2024,周四,水果茶,雪,FALSE,FALSE,22,10,220
4/1/2024,周一,抹茶拿铁,多云,FALSE,TRUE,43,19,817
3/21/2024,周四,芋泥波波,阴,FALSE,TRUE,34,11,374
4/27/2024,周六,芝士奶盖,晴,TRUE,FALSE,46,16,736
5/29/2024,周三,柠檬茶,阴,FALSE,FALSE,19,12,228
4/5/2024,周五,抹茶拿铁,多云,FALSE,FALSE,28,20,560
4/2/2024,周二,水果茶,多云,FALSE,FALSE,22,16,352
3/30/2024,周六,珍珠奶茶,雪,TRUE,FALSE,35,14,490
3/18/2024,周一,青稞奶茶,多云,FALSE,TRUE,23,15,345
4/12/2024,周五,芝士奶盖,雨,FALSE,TRUE,25,11,275
3/14/2024,周四,青稞奶茶,晴,FALSE,FALSE,24,17,408
4/29/2024,周一,杨枝甘露,阴,FALSE,FALSE,20,20,400
4/2/2024,周二,杨枝甘露,晴,FALSE,FALSE,17,20,340
5/26/2024,周日,芝士奶盖,晴,TRUE,FALSE,42,14,588
5/1/2024,周三,抹茶拿铁,阴,FALSE,FALSE,17,19,323
3/27/2024,周三,柠檬茶,雪,FALSE,FALSE,23,16,368
4/15/2024,周一,冰美式,多云,FALSE,FALSE,19,20,380
4/25/2024,周四,青稞奶茶,雪,FALSE,FALSE,19,15,285
5/7/2024,周二,柠檬茶,雨,FALSE,FALSE,33,12,396
3/23/2024,周六,珍珠奶茶,雨,TRUE,FALSE,43,13,559
3/28/2024,周四,芝士奶盖,晴,FALSE,FALSE,27,12,324
3/23/2024,周六,杨枝甘露,晴,TRUE,FALSE,44,19,836
5/24/2024,周五,水果茶,雨,FALSE,FALSE,23,16,368
4/2/2024,周二,杨枝甘露,晴,FALSE,FALSE,12,19,228
4/5/2024,周五,芋泥波波,雪,FALSE,FALSE,28,10,280
5/17/2024,周五,水果茶,多云,FALSE,FALSE,29,10,290
4/21/2024,周日,珍珠奶茶,雨,TRUE,FALSE,33,14,462
3/24/2024,周日,芋泥波波,雨,TRUE,FALSE,40,13,520
3/7/2024,周四,芋泥波波,多云,FALSE,FALSE,20,18,360
3/18/2024,周一,杨枝甘露,阴,FALSE,TRUE,41,21,861
5/28/2024,周二,珍珠奶茶,晴,FALSE,FALSE,25,15,375
3/5/2024,周二,芝士奶盖,雨,FALSE,FALSE,32,16,512
3/8/2024,周五,抹茶拿铁,多云,FALSE,FALSE,26,18,468
4/15/2024,周一,珍珠奶茶,雪,FALSE,FALSE,17,13,221
4/24/2024,周三,芋泥波波,阴,FALSE,FALSE,27,20,540
3/26/2024,周二,水果茶,晴,FALSE,FALSE,22,14,308
3/12/2024,周二,水果茶,多云,FALSE,FALSE,20,16,320
4/6/2024,周六,芋泥波波,阴,TRUE,TRUE,58,16,928
5/1/2024,周三,水果茶,阴,FALSE,FALSE,14,14,196
3/24/2024,周日,冰美式,雨,TRUE,FALSE,27,17,459
4/13/2024,周六,芋泥波波,雪,TRUE,FALSE,42,17,714
5/12/2024,周日,柠檬茶,雨,TRUE,TRUE,53,18,954
4/9/2024,周二,青稞奶茶,晴,FALSE,FALSE,20,13,260
4/24/2024,周三,芝士奶盖,雪,FALSE,FALSE,25,14,350
3/2/2024,周六,杨枝甘露,雨,TRUE,FALSE,41,19,779
3/18/2024,周一,水果茶,雨,FALSE,FALSE,13,13,169
5/30/2024,周四,青稞奶茶,晴,FALSE,FALSE,12,19,228
5/4/2024,周六,芝士奶盖,雨,TRUE,FALSE,49,12,588
4/5/2024,周五,柠檬茶,雪,FALSE,FALSE,20,19,380
5/1/2024,周三,可可奶茶,雨,FALSE,FALSE,12,14,168
5/22/2024,周三,水果茶,雨,FALSE,FALSE,21,18,378
3/28/2024,周四,抹茶拿铁,阴,FALSE,FALSE,12,18,216
5/23/2024,周四,芝士奶盖,雨,FALSE,FALSE,30,12,360
4/19/2024,周五,柠檬茶,雪,FALSE,FALSE,23,15,345
5/28/2024,周二,芋泥波波,雪,FALSE,FALSE,30,10,300
3/20/2024,周三,抹茶拿铁,多云,FALSE,FALSE,26,10,260
4/9/2024,周二,芝士奶盖,阴,FALSE,FALSE,-1,16,304
4/16/2024,周二,水果茶,晴,FALSE,FALSE,23,13,299
4/26/2024,周五,青稞奶茶,雪,FALSE,FALSE,26,10,260
5/22/2024,周三,抹茶拿铁,晴,FALSE,FALSE,23,11,253
3/18/2024,周一,杨枝甘露,阴,FALSE,FALSE,22,22,484
3/11/2024,周一,冰美式,雪,FALSE,FALSE,20,18,360
3/28/2024,周四,可可奶茶,雪,FALSE,FALSE,20,16,320
3/27/2024,周三,冰美式,多云,FALSE,FALSE,25,18,450
5/4/2024,周六,抹茶拿铁,晴,TRUE,FALSE,42,20,840
3/3/2024,周日,青稞奶茶,多云,TRUE,TRUE,61,10,610
5/11/2024,周六,水果茶,雪,TRUE,FALSE,0,17,629
3/27/2024,周三,杨枝甘露,晴,FALSE,FALSE,13,22,286
5/26/2024,周日,珍珠奶茶,多云,TRUE,FALSE,49,13,637
5/5/2024,周日,冰美式,雪,TRUE,FALSE,29,17,493
3/20/2024,周三,水果茶,多云,FALSE,FALSE,23,17,391
3/1/2024,周五,可可奶茶,雨,FALSE,FALSE,25,16,400
3/21/2024,周四,珍珠奶茶,雪,FALSE,FALSE,26,13,338
3/12/2024,周二,柠檬茶,雨,FALSE,FALSE,44,10,440
4/15/2024,周一,冰美式,阴,FALSE,TRUE,48,12,576
4/13/2024,周六,可可奶茶,多云,TRUE,TRUE,62,18,1116
4/4/2024,周四,柠檬茶,多云,FALSE,FALSE,20,20,400
3/10/2024,周日,抹茶拿铁,晴,TRUE,FALSE,50,10,500
4/18/2024,周四,青稞奶茶,晴,FALSE,FALSE,27,18,486
3/7/2024,周四,芋泥波波,雨,FALSE,FALSE,31,20,620
5/23/2024,周四,可可奶茶,雨,FALSE,TRUE,29,11,319
5/16/2024,周四,杨枝甘露,雨,FALSE,TRUE,36,18,648
5/9/2024,周四,珍珠奶茶,阴,FALSE,TRUE,32,13,416
4/23/2024,周二,可可奶茶,雨,FALSE,FALSE,23,15,345
3/4/2024,周一,珍珠奶茶,多云,FALSE,FALSE,34,14,476
3/24/2024,周日,抹茶拿铁,雨,TRUE,TRUE,69,10,690
